ISO-10303-21;
HEADER;
FILE_DESCRIPTION(('Open CASCADE Model'),'2;1');
FILE_NAME('Open CASCADE Shape Model','2026-09-12T01:09:24',('Author'),(
    'Open CASCADE'),'Open CASCADE STEP processor 7.9','build123d',
  'Unknown');
FILE_SCHEMA(('AUTOMOTIVE_DESIGN { 1 0 10303 214 1 1 1 1 }'));
ENDSEC;
DATA;
#1 = APPLICATION_PROTOCOL_DEFINITION('international standard',
  'automotive_design',2000,#2);
#2 = APPLICATION_CONTEXT(
  'core data for automotive mechanical design processes');
#3 = SHAPE_DEFINITION_REPRESENTATION(#4,#10);
#4 = PRODUCT_DEFINITION_SHAPE('','',#5);
#5 = PRODUCT_DEFINITION('design','',#6,#9);
#6 = PRODUCT_DEFINITION_FORMATION('','',#7);
#7 = PRODUCT('COMPOUND','COMPOUND','',(#8));
#8 = PRODUCT_CONTEXT('',#2,'mechanical');
#9 = PRODUCT_DEFINITION_CONTEXT('part definition',#2,'design');
#10 = SHAPE_REPRESENTATION('',(#11,#15,#345),#3949);
#11 = AXIS2_PLACEMENT_3D('',#12,#13,#14);
#12 = CARTESIAN_POINT('',(0.,0.,0.));
#13 = DIRECTION('',(0.,0.,1.));
#14 = DIRECTION('',(1.,0.,-0.));
#15 = MANIFOLD_SOLID_BREP('',#16);
#16 = CLOSED_SHELL('',(#17,#137,#237,#284,#331,#338));
#17 = ADVANCED_FACE('',(#18),#32,.F.);
#18 = FACE_BOUND('',#19,.F.);
#19 = EDGE_LOOP('',(#20,#55,#83,#111));
#20 = ORIENTED_EDGE('',*,*,#21,.F.);
#21 = EDGE_CURVE('',#22,#24,#26,.T.);
#22 = VERTEX_POINT('',#23);
#23 = CARTESIAN_POINT('',(-52.76,-26.76,7.625));
#24 = VERTEX_POINT('',#25);
#25 = CARTESIAN_POINT('',(-52.76,-26.76,8.625));
#26 = SURFACE_CURVE('',#27,(#31,#43),.PCURVE_S1.);
#27 = LINE('',#28,#29);
#28 = CARTESIAN_POINT('',(-52.76,-26.76,7.625));
#29 = VECTOR('',#30,1.);
#30 = DIRECTION('',(0.,0.,1.));
#31 = PCURVE('',#32,#37);
#32 = PLANE('',#33);
#33 = AXIS2_PLACEMENT_3D('',#34,#35,#36);
#34 = CARTESIAN_POINT('',(-52.76,-26.76,7.625));
#35 = DIRECTION('',(1.,0.,0.));
#36 = DIRECTION('',(0.,0.,1.));
#37 = DEFINITIONAL_REPRESENTATION('',(#38),#42);
#38 = LINE('',#39,#40);
#39 = CARTESIAN_POINT('',(0.,0.));
#40 = VECTOR('',#41,1.);
#41 = DIRECTION('',(1.,0.));
#42 = ( GEOMETRIC_REPRESENTATION_CONTEXT(2) 
PARAMETRIC_REPRESENTATION_CONTEXT() REPRESENTATION_CONTEXT('2D SPACE',''
  ) );
#43 = PCURVE('',#44,#49);
#44 = PLANE('',#45);
#45 = AXIS2_PLACEMENT_3D('',#46,#47,#48);
#46 = CARTESIAN_POINT('',(-52.76,-26.76,7.625));
#47 = DIRECTION('',(0.,1.,0.));
#48 = DIRECTION('',(0.,0.,1.));
#49 = DEFINITIONAL_REPRESENTATION('',(#50),#54);
#50 = LINE('',#51,#52);
#51 = CARTESIAN_POINT('',(0.,0.));
#52 = VECTOR('',#53,1.);
#53 = DIRECTION('',(1.,0.));
#54 = ( GEOMETRIC_REPRESENTATION_CONTEXT(2) 
PARAMETRIC_REPRESENTATION_CONTEXT() REPRESENTATION_CONTEXT('2D SPACE',''
  ) );
#55 = ORIENTED_EDGE('',*,*,#56,.T.);
#56 = EDGE_CURVE('',#22,#57,#59,.T.);
#57 = VERTEX_POINT('',#58);
#58 = CARTESIAN_POINT('',(-52.76,26.76,7.625));
#59 = SURFACE_CURVE('',#60,(#64,#71),.PCURVE_S1.);
#60 = LINE('',#61,#62);
#61 = CARTESIAN_POINT('',(-52.76,-26.76,7.625));
#62 = VECTOR('',#63,1.);
#63 = DIRECTION('',(0.,1.,0.));
#64 = PCURVE('',#32,#65);
#65 = DEFINITIONAL_REPRESENTATION('',(#66),#70);
#66 = LINE('',#67,#68);
#67 = CARTESIAN_POINT('',(0.,0.));
#68 = VECTOR('',#69,1.);
#69 = DIRECTION('',(0.,-1.));
#70 = ( GEOMETRIC_REPRESENTATION_CONTEXT(2) 
PARAMETRIC_REPRESENTATION_CONTEXT() REPRESENTATION_CONTEXT('2D SPACE',''
  ) );
#71 = PCURVE('',#72,#77);
#72 = PLANE('',#73);
#73 = AXIS2_PLACEMENT_3D('',#74,#75,#76);
#74 = CARTESIAN_POINT('',(-52.76,-26.76,7.625));
#75 = DIRECTION('',(0.,0.,1.));
#76 = DIRECTION('',(1.,0.,0.));
#77 = DEFINITIONAL_REPRESENTATION('',(#78),#82);
#78 = LINE('',#79,#80);
#79 = CARTESIAN_POINT('',(0.,0.));
#80 = VECTOR('',#81,1.);
#81 = DIRECTION('',(0.,1.));
#82 = ( GEOMETRIC_REPRESENTATION_CONTEXT(2) 
PARAMETRIC_REPRESENTATION_CONTEXT() REPRESENTATION_CONTEXT('2D SPACE',''
  ) );
#83 = ORIENTED_EDGE('',*,*,#84,.T.);
#84 = EDGE_CURVE('',#57,#85,#87,.T.);
#85 = VERTEX_POINT('',#86);
#86 = CARTESIAN_POINT('',(-52.76,26.76,8.625));
#87 = SURFACE_CURVE('',#88,(#92,#99),.PCURVE_S1.);
#88 = LINE('',#89,#90);
#89 = CARTESIAN_POINT('',(-52.76,26.76,7.625));
#90 = VECTOR('',#91,1.);
#91 = DIRECTION('',(0.,0.,1.));
#92 = PCURVE('',#32,#93);
#93 = DEFINITIONAL_REPRESENTATION('',(#94),#98);
#94 = LINE('',#95,#96);
#95 = CARTESIAN_POINT('',(0.,-53.52));
#96 = VECTOR('',#97,1.);
#97 = DIRECTION('',(1.,0.));
#98 = ( GEOMETRIC_REPRESENTATION_CONTEXT(2) 
PARAMETRIC_REPRESENTATION_CONTEXT() REPRESENTATION_CONTEXT('2D SPACE',''
  ) );
#99 = PCURVE('',#100,#105);
#100 = PLANE('',#101);
#101 = AXIS2_PLACEMENT_3D('',#102,#103,#104);
#102 = CARTESIAN_POINT('',(-52.76,26.76,7.625));
#103 = DIRECTION('',(0.,1.,0.));
#104 = DIRECTION('',(0.,0.,1.));
#105 = DEFINITIONAL_REPRESENTATION('',(#106),#110);
#106 = LINE('',#107,#108);
#107 = CARTESIAN_POINT('',(0.,0.));
#108 = VECTOR('',#109,1.);
#109 = DIRECTION('',(1.,0.));
#110 = ( GEOMETRIC_REPRESENTATION_CONTEXT(2) 
PARAMETRIC_REPRESENTATION_CONTEXT() REPRESENTATION_CONTEXT('2D SPACE',''
  ) );
#111 = ORIENTED_EDGE('',*,*,#112,.F.);
#112 = EDGE_CURVE('',#24,#85,#113,.T.);
#113 = SURFACE_CURVE('',#114,(#118,#125),.PCURVE_S1.);
#114 = LINE('',#115,#116);
#115 = CARTESIAN_POINT('',(-52.76,-26.76,8.625));
#116 = VECTOR('',#117,1.);
#117 = DIRECTION('',(0.,1.,0.));
#118 = PCURVE('',#32,#119);
#119 = DEFINITIONAL_REPRESENTATION('',(#120),#124);
#120 = LINE('',#121,#122);
#121 = CARTESIAN_POINT('',(1.,0.));
#122 = VECTOR('',#123,1.);
#123 = DIRECTION('',(0.,-1.));
#124 = ( GEOMETRIC_REPRESENTATION_CONTEXT(2) 
PARAMETRIC_REPRESENTATION_CONTEXT() REPRESENTATION_CONTEXT('2D SPACE',''
  ) );
#125 = PCURVE('',#126,#131);
#126 = PLANE('',#127);
#127 = AXIS2_PLACEMENT_3D('',#128,#129,#130);
#128 = CARTESIAN_POINT('',(-52.76,-26.76,8.625));
#129 = DIRECTION('',(0.,0.,1.));
#130 = DIRECTION('',(1.,0.,0.));
#131 = DEFINITIONAL_REPRESENTATION('',(#132),#136);
#132 = LINE('',#133,#134);
#133 = CARTESIAN_POINT('',(0.,0.));
#134 = VECTOR('',#135,1.);
#135 = DIRECTION('',(0.,1.));
#136 = ( GEOMETRIC_REPRESENTATION_CONTEXT(2) 
PARAMETRIC_REPRESENTATION_CONTEXT() REPRESENTATION_CONTEXT('2D SPACE',''
  ) );
#137 = ADVANCED_FACE('',(#138),#152,.T.);
#138 = FACE_BOUND('',#139,.T.);
#139 = EDGE_LOOP('',(#140,#170,#193,#216));
#140 = ORIENTED_EDGE('',*,*,#141,.F.);
#141 = EDGE_CURVE('',#142,#144,#146,.T.);
#142 = VERTEX_POINT('',#143);
#143 = CARTESIAN_POINT('',(52.76,-26.76,7.625));
#144 = VERTEX_POINT('',#145);
#145 = CARTESIAN_POINT('',(52.76,-26.76,8.625));
#146 = SURFACE_CURVE('',#147,(#151,#163),.PCURVE_S1.);
#147 = LINE('',#148,#149);
#148 = CARTESIAN_POINT('',(52.76,-26.76,7.625));
#149 = VECTOR('',#150,1.);
#150 = DIRECTION('',(0.,0.,1.));
#151 = PCURVE('',#152,#157);
#152 = PLANE('',#153);
#153 = AXIS2_PLACEMENT_3D('',#154,#155,#156);
#154 = CARTESIAN_POINT('',(52.76,-26.76,7.625));
#155 = DIRECTION('',(1.,0.,0.));
#156 = DIRECTION('',(0.,0.,1.));
#157 = DEFINITIONAL_REPRESENTATION('',(#158),#162);
#158 = LINE('',#159,#160);
#159 = CARTESIAN_POINT('',(0.,0.));
#160 = VECTOR('',#161,1.);
#161 = DIRECTION('',(1.,0.));
#162 = ( GEOMETRIC_REPRESENTATION_CONTEXT(2) 
PARAMETRIC_REPRESENTATION_CONTEXT() REPRESENTATION_CONTEXT('2D SPACE',''
  ) );
#163 = PCURVE('',#44,#164);
#164 = DEFINITIONAL_REPRESENTATION('',(#165),#169);
#165 = LINE('',#166,#167);
#166 = CARTESIAN_POINT('',(0.,105.52));
#167 = VECTOR('',#168,1.);
#168 = DIRECTION('',(1.,0.));
#169 = ( GEOMETRIC_REPRESENTATION_CONTEXT(2) 
PARAMETRIC_REPRESENTATION_CONTEXT() REPRESENTATION_CONTEXT('2D SPACE',''
  ) );
#170 = ORIENTED_EDGE('',*,*,#171,.T.);
#171 = EDGE_CURVE('',#142,#172,#174,.T.);
#172 = VERTEX_POINT('',#173);
#173 = CARTESIAN_POINT('',(52.76,26.76,7.625));
#174 = SURFACE_CURVE('',#175,(#179,#186),.PCURVE_S1.);
#175 = LINE('',#176,#177);
#176 = CARTESIAN_POINT('',(52.76,-26.76,7.625));
#177 = VECTOR('',#178,1.);
#178 = DIRECTION('',(0.,1.,0.));
#179 = PCURVE('',#152,#180);
#180 = DEFINITIONAL_REPRESENTATION('',(#181),#185);
#181 = LINE('',#182,#183);
#182 = CARTESIAN_POINT('',(0.,0.));
#183 = VECTOR('',#184,1.);
#184 = DIRECTION('',(0.,-1.));
#185 = ( GEOMETRIC_REPRESENTATION_CONTEXT(2) 
PARAMETRIC_REPRESENTATION_CONTEXT() REPRESENTATION_CONTEXT('2D SPACE',''
  ) );
#186 = PCURVE('',#72,#187);
#187 = DEFINITIONAL_REPRESENTATION('',(#188),#192);
#188 = LINE('',#189,#190);
#189 = CARTESIAN_POINT('',(105.52,0.));
#190 = VECTOR('',#191,1.);
#191 = DIRECTION('',(0.,1.));
#192 = ( GEOMETRIC_REPRESENTATION_CONTEXT(2) 
PARAMETRIC_REPRESENTATION_CONTEXT() REPRESENTATION_CONTEXT('2D SPACE',''
  ) );
#193 = ORIENTED_EDGE('',*,*,#194,.T.);
#194 = EDGE_CURVE('',#172,#195,#197,.T.);
#195 = VERTEX_POINT('',#196);
#196 = CARTESIAN_POINT('',(52.76,26.76,8.625));
#197 = SURFACE_CURVE('',#198,(#202,#209),.PCURVE_S1.);
#198 = LINE('',#199,#200);
#199 = CARTESIAN_POINT('',(52.76,26.76,7.625));
#200 = VECTOR('',#201,1.);
#201 = DIRECTION('',(0.,0.,1.));
#202 = PCURVE('',#152,#203);
#203 = DEFINITIONAL_REPRESENTATION('',(#204),#208);
#204 = LINE('',#205,#206);
#205 = CARTESIAN_POINT('',(0.,-53.52));
#206 = VECTOR('',#207,1.);
#207 = DIRECTION('',(1.,0.));
#208 = ( GEOMETRIC_REPRESENTATION_CONTEXT(2) 
PARAMETRIC_REPRESENTATION_CONTEXT() REPRESENTATION_CONTEXT('2D SPACE',''
  ) );
#209 = PCURVE('',#100,#210);
#210 = DEFINITIONAL_REPRESENTATION('',(#211),#215);
#211 = LINE('',#212,#213);
#212 = CARTESIAN_POINT('',(0.,105.52));
#213 = VECTOR('',#214,1.);
#214 = DIRECTION('',(1.,0.));
#215 = ( GEOMETRIC_REPRESENTATION_CONTEXT(2) 
PARAMETRIC_REPRESENTATION_CONTEXT() REPRESENTATION_CONTEXT('2D SPACE',''
  ) );
#216 = ORIENTED_EDGE('',*,*,#217,.F.);
#217 = EDGE_CURVE('',#144,#195,#218,.T.);
#218 = SURFACE_CURVE('',#219,(#223,#230),.PCURVE_S1.);
#219 = LINE('',#220,#221);
#220 = CARTESIAN_POINT('',(52.76,-26.76,8.625));
#221 = VECTOR('',#222,1.);
#222 = DIRECTION('',(0.,1.,0.));
#223 = PCURVE('',#152,#224);
#224 = DEFINITIONAL_REPRESENTATION('',(#225),#229);
#225 = LINE('',#226,#227);
#226 = CARTESIAN_POINT('',(1.,0.));
#227 = VECTOR('',#228,1.);
#228 = DIRECTION('',(0.,-1.));
#229 = ( GEOMETRIC_REPRESENTATION_CONTEXT(2) 
PARAMETRIC_REPRESENTATION_CONTEXT() REPRESENTATION_CONTEXT('2D SPACE',''
  ) );
#230 = PCURVE('',#126,#231);
#231 = DEFINITIONAL_REPRESENTATION('',(#232),#236);
#232 = LINE('',#233,#234);
#233 = CARTESIAN_POINT('',(105.52,0.));
#234 = VECTOR('',#235,1.);
#235 = DIRECTION('',(0.,1.));
#236 = ( GEOMETRIC_REPRESENTATION_CONTEXT(2) 
PARAMETRIC_REPRESENTATION_CONTEXT() REPRESENTATION_CONTEXT('2D SPACE',''
  ) );
#237 = ADVANCED_FACE('',(#238),#44,.F.);
#238 = FACE_BOUND('',#239,.F.);
#239 = EDGE_LOOP('',(#240,#261,#262,#283));
#240 = ORIENTED_EDGE('',*,*,#241,.F.);
#241 = EDGE_CURVE('',#22,#142,#242,.T.);
#242 = SURFACE_CURVE('',#243,(#247,#254),.PCURVE_S1.);
#243 = LINE('',#244,#245);
#244 = CARTESIAN_POINT('',(-52.76,-26.76,7.625));
#245 = VECTOR('',#246,1.);
#246 = DIRECTION('',(1.,0.,0.));
#247 = PCURVE('',#44,#248);
#248 = DEFINITIONAL_REPRESENTATION('',(#249),#253);
#249 = LINE('',#250,#251);
#250 = CARTESIAN_POINT('',(0.,0.));
#251 = VECTOR('',#252,1.);
#252 = DIRECTION('',(0.,1.));
#253 = ( GEOMETRIC_REPRESENTATION_CONTEXT(2) 
PARAMETRIC_REPRESENTATION_CONTEXT() REPRESENTATION_CONTEXT('2D SPACE',''
  ) );
#254 = PCURVE('',#72,#255);
#255 = DEFINITIONAL_REPRESENTATION('',(#256),#260);
#256 = LINE('',#257,#258);
#257 = CARTESIAN_POINT('',(0.,0.));
#258 = VECTOR('',#259,1.);
#259 = DIRECTION('',(1.,0.));
#260 = ( GEOMETRIC_REPRESENTATION_CONTEXT(2) 
PARAMETRIC_REPRESENTATION_CONTEXT() REPRESENTATION_CONTEXT('2D SPACE',''
  ) );
#261 = ORIENTED_EDGE('',*,*,#21,.T.);
#262 = ORIENTED_EDGE('',*,*,#263,.T.);
#263 = EDGE_CURVE('',#24,#144,#264,.T.);
#264 = SURFACE_CURVE('',#265,(#269,#276),.PCURVE_S1.);
#265 = LINE('',#266,#267);
#266 = CARTESIAN_POINT('',(-52.76,-26.76,8.625));
#267 = VECTOR('',#268,1.);
#268 = DIRECTION('',(1.,0.,0.));
#269 = PCURVE('',#44,#270);
#270 = DEFINITIONAL_REPRESENTATION('',(#271),#275);
#271 = LINE('',#272,#273);
#272 = CARTESIAN_POINT('',(1.,0.));
#273 = VECTOR('',#274,1.);
#274 = DIRECTION('',(0.,1.));
#275 = ( GEOMETRIC_REPRESENTATION_CONTEXT(2) 
PARAMETRIC_REPRESENTATION_CONTEXT() REPRESENTATION_CONTEXT('2D SPACE',''
  ) );
#276 = PCURVE('',#126,#277);
#277 = DEFINITIONAL_REPRESENTATION('',(#278),#282);
#278 = LINE('',#279,#280);
#279 = CARTESIAN_POINT('',(0.,0.));
#280 = VECTOR('',#281,1.);
#281 = DIRECTION('',(1.,0.));
#282 = ( GEOMETRIC_REPRESENTATION_CONTEXT(2) 
PARAMETRIC_REPRESENTATION_CONTEXT() REPRESENTATION_CONTEXT('2D SPACE',''
  ) );
#283 = ORIENTED_EDGE('',*,*,#141,.F.);
#284 = ADVANCED_FACE('',(#285),#100,.T.);
#285 = FACE_BOUND('',#286,.T.);
#286 = EDGE_LOOP('',(#287,#308,#309,#330));
#287 = ORIENTED_EDGE('',*,*,#288,.F.);
#288 = EDGE_CURVE('',#57,#172,#289,.T.);
#289 = SURFACE_CURVE('',#290,(#294,#301),.PCURVE_S1.);
#290 = LINE('',#291,#292);
#291 = CARTESIAN_POINT('',(-52.76,26.76,7.625));
#292 = VECTOR('',#293,1.);
#293 = DIRECTION('',(1.,0.,0.));
#294 = PCURVE('',#100,#295);
#295 = DEFINITIONAL_REPRESENTATION('',(#296),#300);
#296 = LINE('',#297,#298);
#297 = CARTESIAN_POINT('',(0.,0.));
#298 = VECTOR('',#299,1.);
#299 = DIRECTION('',(0.,1.));
#300 = ( GEOMETRIC_REPRESENTATION_CONTEXT(2) 
PARAMETRIC_REPRESENTATION_CONTEXT() REPRESENTATION_CONTEXT('2D SPACE',''
  ) );
#301 = PCURVE('',#72,#302);
#302 = DEFINITIONAL_REPRESENTATION('',(#303),#307);
#303 = LINE('',#304,#305);
#304 = CARTESIAN_POINT('',(0.,53.52));
#305 = VECTOR('',#306,1.);
#306 = DIRECTION('',(1.,0.));
#307 = ( GEOMETRIC_REPRESENTATION_CONTEXT(2) 
PARAMETRIC_REPRESENTATION_CONTEXT() REPRESENTATION_CONTEXT('2D SPACE',''
  ) );
#308 = ORIENTED_EDGE('',*,*,#84,.T.);
#309 = ORIENTED_EDGE('',*,*,#310,.T.);
#310 = EDGE_CURVE('',#85,#195,#311,.T.);
#311 = SURFACE_CURVE('',#312,(#316,#323),.PCURVE_S1.);
#312 = LINE('',#313,#314);
#313 = CARTESIAN_POINT('',(-52.76,26.76,8.625));
#314 = VECTOR('',#315,1.);
#315 = DIRECTION('',(1.,0.,0.));
#316 = PCURVE('',#100,#317);
#317 = DEFINITIONAL_REPRESENTATION('',(#318),#322);
#318 = LINE('',#319,#320);
#319 = CARTESIAN_POINT('',(1.,0.));
#320 = VECTOR('',#321,1.);
#321 = DIRECTION('',(0.,1.));
#322 = ( GEOMETRIC_REPRESENTATION_CONTEXT(2) 
PARAMETRIC_REPRESENTATION_CONTEXT() REPRESENTATION_CONTEXT('2D SPACE',''
  ) );
#323 = PCURVE('',#126,#324);
#324 = DEFINITIONAL_REPRESENTATION('',(#325),#329);
#325 = LINE('',#326,#327);
#326 = CARTESIAN_POINT('',(0.,53.52));
#327 = VECTOR('',#328,1.);
#328 = DIRECTION('',(1.,0.));
#329 = ( GEOMETRIC_REPRESENTATION_CONTEXT(2) 
PARAMETRIC_REPRESENTATION_CONTEXT() REPRESENTATION_CONTEXT('2D SPACE',''
  ) );
#330 = ORIENTED_EDGE('',*,*,#194,.F.);
#331 = ADVANCED_FACE('',(#332),#72,.F.);
#332 = FACE_BOUND('',#333,.F.);
#333 = EDGE_LOOP('',(#334,#335,#336,#337));
#334 = ORIENTED_EDGE('',*,*,#56,.F.);
#335 = ORIENTED_EDGE('',*,*,#241,.T.);
#336 = ORIENTED_EDGE('',*,*,#171,.T.);
#337 = ORIENTED_EDGE('',*,*,#288,.F.);
#338 = ADVANCED_FACE('',(#339),#126,.T.);
#339 = FACE_BOUND('',#340,.T.);
#340 = EDGE_LOOP('',(#341,#342,#343,#344));
#341 = ORIENTED_EDGE('',*,*,#112,.F.);
#342 = ORIENTED_EDGE('',*,*,#263,.T.);
#343 = ORIENTED_EDGE('',*,*,#217,.T.);
#344 = ORIENTED_EDGE('',*,*,#310,.F.);
#345 = MANIFOLD_SOLID_BREP('',#346);
#346 = CLOSED_SHELL('',(#347,#435,#838,#873,#1047,#1319,#1583,#1628,
    #1740,#1992,#2067,#2112,#2324,#2379,#2434,#2489,#2544,#2591,#2687,
    #2734,#2823,#2850,#2921,#2948,#2977,#3004,#3031,#3058,#3085,#3263,
    #3290,#3317,#3344,#3351,#3356,#3383,#3410,#3437,#3444,#3479,#3514,
    #3549,#3579,#3586,#3641,#3696,#3751,#3778,#3828,#3878,#3928,#3935,
    #3942));
#347 = ADVANCED_FACE('',(#348),#362,.T.);
#348 = FACE_BOUND('',#349,.T.);
#349 = EDGE_LOOP('',(#350,#380,#407,#408));
#350 = ORIENTED_EDGE('',*,*,#351,.T.);
#351 = EDGE_CURVE('',#352,#354,#356,.T.);
#352 = VERTEX_POINT('',#353);
#353 = CARTESIAN_POINT('',(50.4,22.,1.6));
#354 = VERTEX_POINT('',#355);
#355 = CARTESIAN_POINT('',(50.4,22.,4.1625));
#356 = SEAM_CURVE('',#357,(#361,#373),.PCURVE_S1.);
#357 = LINE('',#358,#359);
#358 = CARTESIAN_POINT('',(50.4,22.,-4.1625));
#359 = VECTOR('',#360,1.);
#360 = DIRECTION('',(0.,0.,1.));
#361 = PCURVE('',#362,#367);
#362 = CYLINDRICAL_SURFACE('',#363,2.4);
#363 = AXIS2_PLACEMENT_3D('',#364,#365,#366);
#364 = CARTESIAN_POINT('',(48.,22.,-4.1625));
#365 = DIRECTION('',(0.,0.,1.));
#366 = DIRECTION('',(1.,0.,0.));
#367 = DEFINITIONAL_REPRESENTATION('',(#368),#372);
#368 = LINE('',#369,#370);
#369 = CARTESIAN_POINT('',(6.28318530718,-0.));
#370 = VECTOR('',#371,1.);
#371 = DIRECTION('',(0.,1.));
#372 = ( GEOMETRIC_REPRESENTATION_CONTEXT(2) 
PARAMETRIC_REPRESENTATION_CONTEXT() REPRESENTATION_CONTEXT('2D SPACE',''
  ) );
#373 = PCURVE('',#362,#374);
#374 = DEFINITIONAL_REPRESENTATION('',(#375),#379);
#375 = LINE('',#376,#377);
#376 = CARTESIAN_POINT('',(0.,-0.));
#377 = VECTOR('',#378,1.);
#378 = DIRECTION('',(0.,1.));
#379 = ( GEOMETRIC_REPRESENTATION_CONTEXT(2) 
PARAMETRIC_REPRESENTATION_CONTEXT() REPRESENTATION_CONTEXT('2D SPACE',''
  ) );
#380 = ORIENTED_EDGE('',*,*,#381,.F.);
#381 = EDGE_CURVE('',#354,#354,#382,.T.);
#382 = SURFACE_CURVE('',#383,(#388,#395),.PCURVE_S1.);
#383 = CIRCLE('',#384,2.4);
#384 = AXIS2_PLACEMENT_3D('',#385,#386,#387);
#385 = CARTESIAN_POINT('',(48.,22.,4.1625));
#386 = DIRECTION('',(0.,0.,1.));
#387 = DIRECTION('',(1.,0.,0.));
#388 = PCURVE('',#362,#389);
#389 = DEFINITIONAL_REPRESENTATION('',(#390),#394);
#390 = LINE('',#391,#392);
#391 = CARTESIAN_POINT('',(0.,8.325));
#392 = VECTOR('',#393,1.);
#393 = DIRECTION('',(1.,0.));
#394 = ( GEOMETRIC_REPRESENTATION_CONTEXT(2) 
PARAMETRIC_REPRESENTATION_CONTEXT() REPRESENTATION_CONTEXT('2D SPACE',''
  ) );
#395 = PCURVE('',#396,#401);
#396 = PLANE('',#397);
#397 = AXIS2_PLACEMENT_3D('',#398,#399,#400);
#398 = CARTESIAN_POINT('',(48.,22.,4.1625));
#399 = DIRECTION('',(0.,0.,1.));
#400 = DIRECTION('',(1.,0.,0.));
#401 = DEFINITIONAL_REPRESENTATION('',(#402),#406);
#402 = CIRCLE('',#403,2.4);
#403 = AXIS2_PLACEMENT_2D('',#404,#405);
#404 = CARTESIAN_POINT('',(0.,0.));
#405 = DIRECTION('',(1.,0.));
#406 = ( GEOMETRIC_REPRESENTATION_CONTEXT(2) 
PARAMETRIC_REPRESENTATION_CONTEXT() REPRESENTATION_CONTEXT('2D SPACE',''
  ) );
#407 = ORIENTED_EDGE('',*,*,#351,.F.);
#408 = ORIENTED_EDGE('',*,*,#409,.T.);
#409 = EDGE_CURVE('',#352,#352,#410,.T.);
#410 = SURFACE_CURVE('',#411,(#416,#423),.PCURVE_S1.);
#411 = CIRCLE('',#412,2.4);
#412 = AXIS2_PLACEMENT_3D('',#413,#414,#415);
#413 = CARTESIAN_POINT('',(48.,22.,1.6));
#414 = DIRECTION('',(0.,0.,1.));
#415 = DIRECTION('',(1.,0.,-0.));
#416 = PCURVE('',#362,#417);
#417 = DEFINITIONAL_REPRESENTATION('',(#418),#422);
#418 = LINE('',#419,#420);
#419 = CARTESIAN_POINT('',(0.,5.7625));
#420 = VECTOR('',#421,1.);
#421 = DIRECTION('',(1.,0.));
#422 = ( GEOMETRIC_REPRESENTATION_CONTEXT(2) 
PARAMETRIC_REPRESENTATION_CONTEXT() REPRESENTATION_CONTEXT('2D SPACE',''
  ) );
#423 = PCURVE('',#424,#429);
#424 = PLANE('',#425);
#425 = AXIS2_PLACEMENT_3D('',#426,#427,#428);
#426 = CARTESIAN_POINT('',(-53.4,-27.4,1.6));
#427 = DIRECTION('',(0.,0.,1.));
#428 = DIRECTION('',(1.,0.,0.));
#429 = DEFINITIONAL_REPRESENTATION('',(#430),#434);
#430 = CIRCLE('',#431,2.4);
#431 = AXIS2_PLACEMENT_2D('',#432,#433);
#432 = CARTESIAN_POINT('',(101.4,49.4));
#433 = DIRECTION('',(1.,0.));
#434 = ( GEOMETRIC_REPRESENTATION_CONTEXT(2) 
PARAMETRIC_REPRESENTATION_CONTEXT() REPRESENTATION_CONTEXT('2D SPACE',''
  ) );
#435 = ADVANCED_FACE('',(#436,#742,#773,#804,#835),#424,.T.);
#436 = FACE_BOUND('',#437,.T.);
#437 = EDGE_LOOP('',(#438,#468,#497,#525,#554,#582,#611,#639,#668,#692,
    #715));
#438 = ORIENTED_EDGE('',*,*,#439,.F.);
#439 = EDGE_CURVE('',#440,#442,#444,.T.);
#440 = VERTEX_POINT('',#441);
#441 = CARTESIAN_POINT('',(-53.4,-25.8,1.6));
#442 = VERTEX_POINT('',#443);
#443 = CARTESIAN_POINT('',(-53.4,25.8,1.6));
#444 = SURFACE_CURVE('',#445,(#449,#456),.PCURVE_S1.);
#445 = LINE('',#446,#447);
#446 = CARTESIAN_POINT('',(-53.4,-27.4,1.6));
#447 = VECTOR('',#448,1.);
#448 = DIRECTION('',(0.,1.,0.));
#449 = PCURVE('',#424,#450);
#450 = DEFINITIONAL_REPRESENTATION('',(#451),#455);
#451 = LINE('',#452,#453);
#452 = CARTESIAN_POINT('',(0.,0.));
#453 = VECTOR('',#454,1.);
#454 = DIRECTION('',(0.,1.));
#455 = ( GEOMETRIC_REPRESENTATION_CONTEXT(2) 
PARAMETRIC_REPRESENTATION_CONTEXT() REPRESENTATION_CONTEXT('2D SPACE',''
  ) );
#456 = PCURVE('',#457,#462);
#457 = PLANE('',#458);
#458 = AXIS2_PLACEMENT_3D('',#459,#460,#461);
#459 = CARTESIAN_POINT('',(-53.4,-27.4,1.6));
#460 = DIRECTION('',(1.,0.,0.));
#461 = DIRECTION('',(0.,0.,1.));
#462 = DEFINITIONAL_REPRESENTATION('',(#463),#467);
#463 = LINE('',#464,#465);
#464 = CARTESIAN_POINT('',(0.,0.));
#465 = VECTOR('',#466,1.);
#466 = DIRECTION('',(0.,-1.));
#467 = ( GEOMETRIC_REPRESENTATION_CONTEXT(2) 
PARAMETRIC_REPRESENTATION_CONTEXT() REPRESENTATION_CONTEXT('2D SPACE',''
  ) );
#468 = ORIENTED_EDGE('',*,*,#469,.T.);
#469 = EDGE_CURVE('',#440,#470,#472,.T.);
#470 = VERTEX_POINT('',#471);
#471 = CARTESIAN_POINT('',(-51.8,-27.4,1.6));
#472 = SURFACE_CURVE('',#473,(#478,#485),.PCURVE_S1.);
#473 = CIRCLE('',#474,8.);
#474 = AXIS2_PLACEMENT_3D('',#475,#476,#477);
#475 = CARTESIAN_POINT('',(-47.,-21.,1.6));
#476 = DIRECTION('',(0.,0.,1.));
#477 = DIRECTION('',(-1.,0.,0.));
#478 = PCURVE('',#424,#479);
#479 = DEFINITIONAL_REPRESENTATION('',(#480),#484);
#480 = CIRCLE('',#481,8.);
#481 = AXIS2_PLACEMENT_2D('',#482,#483);
#482 = CARTESIAN_POINT('',(6.4,6.4));
#483 = DIRECTION('',(-1.,0.));
#484 = ( GEOMETRIC_REPRESENTATION_CONTEXT(2) 
PARAMETRIC_REPRESENTATION_CONTEXT() REPRESENTATION_CONTEXT('2D SPACE',''
  ) );
#485 = PCURVE('',#486,#491);
#486 = CYLINDRICAL_SURFACE('',#487,8.);
#487 = AXIS2_PLACEMENT_3D('',#488,#489,#490);
#488 = CARTESIAN_POINT('',(-47.,-21.,0.));
#489 = DIRECTION('',(0.,0.,1.));
#490 = DIRECTION('',(-1.,0.,0.));
#491 = DEFINITIONAL_REPRESENTATION('',(#492),#496);
#492 = LINE('',#493,#494);
#493 = CARTESIAN_POINT('',(0.,1.6));
#494 = VECTOR('',#495,1.);
#495 = DIRECTION('',(1.,0.));
#496 = ( GEOMETRIC_REPRESENTATION_CONTEXT(2) 
PARAMETRIC_REPRESENTATION_CONTEXT() REPRESENTATION_CONTEXT('2D SPACE',''
  ) );
#497 = ORIENTED_EDGE('',*,*,#498,.T.);
#498 = EDGE_CURVE('',#470,#499,#501,.T.);
#499 = VERTEX_POINT('',#500);
#500 = CARTESIAN_POINT('',(51.8,-27.4,1.6));
#501 = SURFACE_CURVE('',#502,(#506,#513),.PCURVE_S1.);
#502 = LINE('',#503,#504);
#503 = CARTESIAN_POINT('',(-53.4,-27.4,1.6));
#504 = VECTOR('',#505,1.);
#505 = DIRECTION('',(1.,0.,0.));
#506 = PCURVE('',#424,#507);
#507 = DEFINITIONAL_REPRESENTATION('',(#508),#512);
#508 = LINE('',#509,#510);
#509 = CARTESIAN_POINT('',(0.,0.));
#510 = VECTOR('',#511,1.);
#511 = DIRECTION('',(1.,0.));
#512 = ( GEOMETRIC_REPRESENTATION_CONTEXT(2) 
PARAMETRIC_REPRESENTATION_CONTEXT() REPRESENTATION_CONTEXT('2D SPACE',''
  ) );
#513 = PCURVE('',#514,#519);
#514 = PLANE('',#515);
#515 = AXIS2_PLACEMENT_3D('',#516,#517,#518);
#516 = CARTESIAN_POINT('',(-53.4,-27.4,1.6));
#517 = DIRECTION('',(0.,1.,0.));
#518 = DIRECTION('',(0.,0.,1.));
#519 = DEFINITIONAL_REPRESENTATION('',(#520),#524);
#520 = LINE('',#521,#522);
#521 = CARTESIAN_POINT('',(0.,0.));
#522 = VECTOR('',#523,1.);
#523 = DIRECTION('',(0.,1.));
#524 = ( GEOMETRIC_REPRESENTATION_CONTEXT(2) 
PARAMETRIC_REPRESENTATION_CONTEXT() REPRESENTATION_CONTEXT('2D SPACE',''
  ) );
#525 = ORIENTED_EDGE('',*,*,#526,.T.);
#526 = EDGE_CURVE('',#499,#527,#529,.T.);
#527 = VERTEX_POINT('',#528);
#528 = CARTESIAN_POINT('',(53.4,-25.8,1.6));
#529 = SURFACE_CURVE('',#530,(#535,#542),.PCURVE_S1.);
#530 = CIRCLE('',#531,8.);
#531 = AXIS2_PLACEMENT_3D('',#532,#533,#534);
#532 = CARTESIAN_POINT('',(47.,-21.,1.6));
#533 = DIRECTION('',(0.,0.,1.));
#534 = DIRECTION('',(0.,-1.,0.));
#535 = PCURVE('',#424,#536);
#536 = DEFINITIONAL_REPRESENTATION('',(#537),#541);
#537 = CIRCLE('',#538,8.);
#538 = AXIS2_PLACEMENT_2D('',#539,#540);
#539 = CARTESIAN_POINT('',(100.4,6.4));
#540 = DIRECTION('',(0.,-1.));
#541 = ( GEOMETRIC_REPRESENTATION_CONTEXT(2) 
PARAMETRIC_REPRESENTATION_CONTEXT() REPRESENTATION_CONTEXT('2D SPACE',''
  ) );
#542 = PCURVE('',#543,#548);
#543 = CYLINDRICAL_SURFACE('',#544,8.);
#544 = AXIS2_PLACEMENT_3D('',#545,#546,#547);
#545 = CARTESIAN_POINT('',(47.,-21.,0.));
#546 = DIRECTION('',(0.,0.,1.));
#547 = DIRECTION('',(0.,-1.,0.));
#548 = DEFINITIONAL_REPRESENTATION('',(#549),#553);
#549 = LINE('',#550,#551);
#550 = CARTESIAN_POINT('',(0.,1.6));
#551 = VECTOR('',#552,1.);
#552 = DIRECTION('',(1.,0.));
#553 = ( GEOMETRIC_REPRESENTATION_CONTEXT(2) 
PARAMETRIC_REPRESENTATION_CONTEXT() REPRESENTATION_CONTEXT('2D SPACE',''
  ) );
#554 = ORIENTED_EDGE('',*,*,#555,.T.);
#555 = EDGE_CURVE('',#527,#556,#558,.T.);
#556 = VERTEX_POINT('',#557);
#557 = CARTESIAN_POINT('',(53.4,25.8,1.6));
#558 = SURFACE_CURVE('',#559,(#563,#570),.PCURVE_S1.);
#559 = LINE('',#560,#561);
#560 = CARTESIAN_POINT('',(53.4,-27.4,1.6));
#561 = VECTOR('',#562,1.);
#562 = DIRECTION('',(0.,1.,0.));
#563 = PCURVE('',#424,#564);
#564 = DEFINITIONAL_REPRESENTATION('',(#565),#569);
#565 = LINE('',#566,#567);
#566 = CARTESIAN_POINT('',(106.8,0.));
#567 = VECTOR('',#568,1.);
#568 = DIRECTION('',(0.,1.));
#569 = ( GEOMETRIC_REPRESENTATION_CONTEXT(2) 
PARAMETRIC_REPRESENTATION_CONTEXT() REPRESENTATION_CONTEXT('2D SPACE',''
  ) );
#570 = PCURVE('',#571,#576);
#571 = PLANE('',#572);
#572 = AXIS2_PLACEMENT_3D('',#573,#574,#575);
#573 = CARTESIAN_POINT('',(53.4,-27.4,1.6));
#574 = DIRECTION('',(1.,0.,0.));
#575 = DIRECTION('',(0.,0.,1.));
#576 = DEFINITIONAL_REPRESENTATION('',(#577),#581);
#577 = LINE('',#578,#579);
#578 = CARTESIAN_POINT('',(0.,0.));
#579 = VECTOR('',#580,1.);
#580 = DIRECTION('',(0.,-1.));
#581 = ( GEOMETRIC_REPRESENTATION_CONTEXT(2) 
PARAMETRIC_REPRESENTATION_CONTEXT() REPRESENTATION_CONTEXT('2D SPACE',''
  ) );
#582 = ORIENTED_EDGE('',*,*,#583,.T.);
#583 = EDGE_CURVE('',#556,#584,#586,.T.);
#584 = VERTEX_POINT('',#585);
#585 = CARTESIAN_POINT('',(51.8,27.4,1.6));
#586 = SURFACE_CURVE('',#587,(#592,#599),.PCURVE_S1.);
#587 = CIRCLE('',#588,8.);
#588 = AXIS2_PLACEMENT_3D('',#589,#590,#591);
#589 = CARTESIAN_POINT('',(47.,21.,1.6));
#590 = DIRECTION('',(0.,0.,1.));
#591 = DIRECTION('',(1.,0.,-0.));
#592 = PCURVE('',#424,#593);
#593 = DEFINITIONAL_REPRESENTATION('',(#594),#598);
#594 = CIRCLE('',#595,8.);
#595 = AXIS2_PLACEMENT_2D('',#596,#597);
#596 = CARTESIAN_POINT('',(100.4,48.4));
#597 = DIRECTION('',(1.,0.));
#598 = ( GEOMETRIC_REPRESENTATION_CONTEXT(2) 
PARAMETRIC_REPRESENTATION_CONTEXT() REPRESENTATION_CONTEXT('2D SPACE',''
  ) );
#599 = PCURVE('',#600,#605);
#600 = CYLINDRICAL_SURFACE('',#601,8.);
#601 = AXIS2_PLACEMENT_3D('',#602,#603,#604);
#602 = CARTESIAN_POINT('',(47.,21.,0.));
#603 = DIRECTION('',(0.,0.,1.));
#604 = DIRECTION('',(1.,0.,-0.));
#605 = DEFINITIONAL_REPRESENTATION('',(#606),#610);
#606 = LINE('',#607,#608);
#607 = CARTESIAN_POINT('',(0.,1.6));
#608 = VECTOR('',#609,1.);
#609 = DIRECTION('',(1.,0.));
#610 = ( GEOMETRIC_REPRESENTATION_CONTEXT(2) 
PARAMETRIC_REPRESENTATION_CONTEXT() REPRESENTATION_CONTEXT('2D SPACE',''
  ) );
#611 = ORIENTED_EDGE('',*,*,#612,.F.);
#612 = EDGE_CURVE('',#613,#584,#615,.T.);
#613 = VERTEX_POINT('',#614);
#614 = CARTESIAN_POINT('',(2.5889186932,27.4,1.6));
#615 = SURFACE_CURVE('',#616,(#620,#627),.PCURVE_S1.);
#616 = LINE('',#617,#618);
#617 = CARTESIAN_POINT('',(-53.4,27.4,1.6));
#618 = VECTOR('',#619,1.);
#619 = DIRECTION('',(1.,0.,0.));
#620 = PCURVE('',#424,#621);
#621 = DEFINITIONAL_REPRESENTATION('',(#622),#626);
#622 = LINE('',#623,#624);
#623 = CARTESIAN_POINT('',(0.,54.8));
#624 = VECTOR('',#625,1.);
#625 = DIRECTION('',(1.,0.));
#626 = ( GEOMETRIC_REPRESENTATION_CONTEXT(2) 
PARAMETRIC_REPRESENTATION_CONTEXT() REPRESENTATION_CONTEXT('2D SPACE',''
  ) );
#627 = PCURVE('',#628,#633);
#628 = PLANE('',#629);
#629 = AXIS2_PLACEMENT_3D('',#630,#631,#632);
#630 = CARTESIAN_POINT('',(-53.4,27.4,1.6));
#631 = DIRECTION('',(0.,1.,0.));
#632 = DIRECTION('',(0.,0.,1.));
#633 = DEFINITIONAL_REPRESENTATION('',(#634),#638);
#634 = LINE('',#635,#636);
#635 = CARTESIAN_POINT('',(0.,0.));
#636 = VECTOR('',#637,1.);
#637 = DIRECTION('',(0.,1.));
#638 = ( GEOMETRIC_REPRESENTATION_CONTEXT(2) 
PARAMETRIC_REPRESENTATION_CONTEXT() REPRESENTATION_CONTEXT('2D SPACE',''
  ) );
#639 = ORIENTED_EDGE('',*,*,#640,.F.);
#640 = EDGE_CURVE('',#641,#613,#643,.T.);
#641 = VERTEX_POINT('',#642);
#642 = CARTESIAN_POINT('',(9.75,18.,1.6));
#643 = SURFACE_CURVE('',#644,(#649,#656),.PCURVE_S1.);
#644 = CIRCLE('',#645,9.75);
#645 = AXIS2_PLACEMENT_3D('',#646,#647,#648);
#646 = CARTESIAN_POINT('',(0.,18.,1.6));
#647 = DIRECTION('',(0.,0.,1.));
#648 = DIRECTION('',(1.,0.,-0.));
#649 = PCURVE('',#424,#650);
#650 = DEFINITIONAL_REPRESENTATION('',(#651),#655);
#651 = CIRCLE('',#652,9.75);
#652 = AXIS2_PLACEMENT_2D('',#653,#654);
#653 = CARTESIAN_POINT('',(53.4,45.4));
#654 = DIRECTION('',(1.,0.));
#655 = ( GEOMETRIC_REPRESENTATION_CONTEXT(2) 
PARAMETRIC_REPRESENTATION_CONTEXT() REPRESENTATION_CONTEXT('2D SPACE',''
  ) );
#656 = PCURVE('',#657,#662);
#657 = CYLINDRICAL_SURFACE('',#658,9.75);
#658 = AXIS2_PLACEMENT_3D('',#659,#660,#661);
#659 = CARTESIAN_POINT('',(0.,18.,-5.));
#660 = DIRECTION('',(0.,0.,1.));
#661 = DIRECTION('',(1.,0.,0.));
#662 = DEFINITIONAL_REPRESENTATION('',(#663),#667);
#663 = LINE('',#664,#665);
#664 = CARTESIAN_POINT('',(0.,6.6));
#665 = VECTOR('',#666,1.);
#666 = DIRECTION('',(1.,0.));
#667 = ( GEOMETRIC_REPRESENTATION_CONTEXT(2) 
PARAMETRIC_REPRESENTATION_CONTEXT() REPRESENTATION_CONTEXT('2D SPACE',''
  ) );
#668 = ORIENTED_EDGE('',*,*,#669,.F.);
#669 = EDGE_CURVE('',#670,#641,#672,.T.);
#670 = VERTEX_POINT('',#671);
#671 = CARTESIAN_POINT('',(-2.5889186932,27.4,1.6));
#672 = SURFACE_CURVE('',#673,(#678,#685),.PCURVE_S1.);
#673 = CIRCLE('',#674,9.75);
#674 = AXIS2_PLACEMENT_3D('',#675,#676,#677);
#675 = CARTESIAN_POINT('',(0.,18.,1.6));
#676 = DIRECTION('',(0.,0.,1.));
#677 = DIRECTION('',(1.,0.,-0.));
#678 = PCURVE('',#424,#679);
#679 = DEFINITIONAL_REPRESENTATION('',(#680),#684);
#680 = CIRCLE('',#681,9.75);
#681 = AXIS2_PLACEMENT_2D('',#682,#683);
#682 = CARTESIAN_POINT('',(53.4,45.4));
#683 = DIRECTION('',(1.,0.));
#684 = ( GEOMETRIC_REPRESENTATION_CONTEXT(2) 
PARAMETRIC_REPRESENTATION_CONTEXT() REPRESENTATION_CONTEXT('2D SPACE',''
  ) );
#685 = PCURVE('',#657,#686);
#686 = DEFINITIONAL_REPRESENTATION('',(#687),#691);
#687 = LINE('',#688,#689);
#688 = CARTESIAN_POINT('',(0.,6.6));
#689 = VECTOR('',#690,1.);
#690 = DIRECTION('',(1.,0.));
#691 = ( GEOMETRIC_REPRESENTATION_CONTEXT(2) 
PARAMETRIC_REPRESENTATION_CONTEXT() REPRESENTATION_CONTEXT('2D SPACE',''
  ) );
#692 = ORIENTED_EDGE('',*,*,#693,.F.);
#693 = EDGE_CURVE('',#694,#670,#696,.T.);
#694 = VERTEX_POINT('',#695);
#695 = CARTESIAN_POINT('',(-51.8,27.4,1.6));
#696 = SURFACE_CURVE('',#697,(#701,#708),.PCURVE_S1.);
#697 = LINE('',#698,#699);
#698 = CARTESIAN_POINT('',(-53.4,27.4,1.6));
#699 = VECTOR('',#700,1.);
#700 = DIRECTION('',(1.,0.,0.));
#701 = PCURVE('',#424,#702);
#702 = DEFINITIONAL_REPRESENTATION('',(#703),#707);
#703 = LINE('',#704,#705);
#704 = CARTESIAN_POINT('',(0.,54.8));
#705 = VECTOR('',#706,1.);
#706 = DIRECTION('',(1.,0.));
#707 = ( GEOMETRIC_REPRESENTATION_CONTEXT(2) 
PARAMETRIC_REPRESENTATION_CONTEXT() REPRESENTATION_CONTEXT('2D SPACE',''
  ) );
#708 = PCURVE('',#628,#709);
#709 = DEFINITIONAL_REPRESENTATION('',(#710),#714);
#710 = LINE('',#711,#712);
#711 = CARTESIAN_POINT('',(0.,0.));
#712 = VECTOR('',#713,1.);
#713 = DIRECTION('',(0.,1.));
#714 = ( GEOMETRIC_REPRESENTATION_CONTEXT(2) 
PARAMETRIC_REPRESENTATION_CONTEXT() REPRESENTATION_CONTEXT('2D SPACE',''
  ) );
#715 = ORIENTED_EDGE('',*,*,#716,.T.);
#716 = EDGE_CURVE('',#694,#442,#717,.T.);
#717 = SURFACE_CURVE('',#718,(#723,#730),.PCURVE_S1.);
#718 = CIRCLE('',#719,8.);
#719 = AXIS2_PLACEMENT_3D('',#720,#721,#722);
#720 = CARTESIAN_POINT('',(-47.,21.,1.6));
#721 = DIRECTION('',(0.,0.,1.));
#722 = DIRECTION('',(-1.,0.,0.));
#723 = PCURVE('',#424,#724);
#724 = DEFINITIONAL_REPRESENTATION('',(#725),#729);
#725 = CIRCLE('',#726,8.);
#726 = AXIS2_PLACEMENT_2D('',#727,#728);
#727 = CARTESIAN_POINT('',(6.4,48.4));
#728 = DIRECTION('',(-1.,0.));
#729 = ( GEOMETRIC_REPRESENTATION_CONTEXT(2) 
PARAMETRIC_REPRESENTATION_CONTEXT() REPRESENTATION_CONTEXT('2D SPACE',''
  ) );
#730 = PCURVE('',#731,#736);
#731 = CYLINDRICAL_SURFACE('',#732,8.);
#732 = AXIS2_PLACEMENT_3D('',#733,#734,#735);
#733 = CARTESIAN_POINT('',(-47.,21.,0.));
#734 = DIRECTION('',(0.,0.,1.));
#735 = DIRECTION('',(-1.,0.,0.));
#736 = DEFINITIONAL_REPRESENTATION('',(#737),#741);
#737 = LINE('',#738,#739);
#738 = CARTESIAN_POINT('',(-6.28318530718,1.6));
#739 = VECTOR('',#740,1.);
#740 = DIRECTION('',(1.,-0.));
#741 = ( GEOMETRIC_REPRESENTATION_CONTEXT(2) 
PARAMETRIC_REPRESENTATION_CONTEXT() REPRESENTATION_CONTEXT('2D SPACE',''
  ) );
#742 = FACE_BOUND('',#743,.T.);
#743 = EDGE_LOOP('',(#744));
#744 = ORIENTED_EDGE('',*,*,#745,.F.);
#745 = EDGE_CURVE('',#746,#746,#748,.T.);
#746 = VERTEX_POINT('',#747);
#747 = CARTESIAN_POINT('',(-45.6,-22.,1.6));
#748 = SURFACE_CURVE('',#749,(#754,#761),.PCURVE_S1.);
#749 = CIRCLE('',#750,2.4);
#750 = AXIS2_PLACEMENT_3D('',#751,#752,#753);
#751 = CARTESIAN_POINT('',(-48.,-22.,1.6));
#752 = DIRECTION('',(0.,0.,1.));
#753 = DIRECTION('',(1.,0.,-0.));
#754 = PCURVE('',#424,#755);
#755 = DEFINITIONAL_REPRESENTATION('',(#756),#760);
#756 = CIRCLE('',#757,2.4);
#757 = AXIS2_PLACEMENT_2D('',#758,#759);
#758 = CARTESIAN_POINT('',(5.4,5.4));
#759 = DIRECTION('',(1.,0.));
#760 = ( GEOMETRIC_REPRESENTATION_CONTEXT(2) 
PARAMETRIC_REPRESENTATION_CONTEXT() REPRESENTATION_CONTEXT('2D SPACE',''
  ) );
#761 = PCURVE('',#762,#767);
#762 = CYLINDRICAL_SURFACE('',#763,2.4);
#763 = AXIS2_PLACEMENT_3D('',#764,#765,#766);
#764 = CARTESIAN_POINT('',(-48.,-22.,-4.1625));
#765 = DIRECTION('',(0.,0.,1.));
#766 = DIRECTION('',(1.,0.,0.));
#767 = DEFINITIONAL_REPRESENTATION('',(#768),#772);
#768 = LINE('',#769,#770);
#769 = CARTESIAN_POINT('',(0.,5.7625));
#770 = VECTOR('',#771,1.);
#771 = DIRECTION('',(1.,0.));
#772 = ( GEOMETRIC_REPRESENTATION_CONTEXT(2) 
PARAMETRIC_REPRESENTATION_CONTEXT() REPRESENTATION_CONTEXT('2D SPACE',''
  ) );
#773 = FACE_BOUND('',#774,.T.);
#774 = EDGE_LOOP('',(#775));
#775 = ORIENTED_EDGE('',*,*,#776,.F.);
#776 = EDGE_CURVE('',#777,#777,#779,.T.);
#777 = VERTEX_POINT('',#778);
#778 = CARTESIAN_POINT('',(50.4,-22.,1.6));
#779 = SURFACE_CURVE('',#780,(#785,#792),.PCURVE_S1.);
#780 = CIRCLE('',#781,2.4);
#781 = AXIS2_PLACEMENT_3D('',#782,#783,#784);
#782 = CARTESIAN_POINT('',(48.,-22.,1.6));
#783 = DIRECTION('',(0.,0.,1.));
#784 = DIRECTION('',(1.,0.,-0.));
#785 = PCURVE('',#424,#786);
#786 = DEFINITIONAL_REPRESENTATION('',(#787),#791);
#787 = CIRCLE('',#788,2.4);
#788 = AXIS2_PLACEMENT_2D('',#789,#790);
#789 = CARTESIAN_POINT('',(101.4,5.4));
#790 = DIRECTION('',(1.,0.));
#791 = ( GEOMETRIC_REPRESENTATION_CONTEXT(2) 
PARAMETRIC_REPRESENTATION_CONTEXT() REPRESENTATION_CONTEXT('2D SPACE',''
  ) );
#792 = PCURVE('',#793,#798);
#793 = CYLINDRICAL_SURFACE('',#794,2.4);
#794 = AXIS2_PLACEMENT_3D('',#795,#796,#797);
#795 = CARTESIAN_POINT('',(48.,-22.,-4.1625));
#796 = DIRECTION('',(0.,0.,1.));
#797 = DIRECTION('',(1.,0.,0.));
#798 = DEFINITIONAL_REPRESENTATION('',(#799),#803);
#799 = LINE('',#800,#801);
#800 = CARTESIAN_POINT('',(0.,5.7625));
#801 = VECTOR('',#802,1.);
#802 = DIRECTION('',(1.,0.));
#803 = ( GEOMETRIC_REPRESENTATION_CONTEXT(2) 
PARAMETRIC_REPRESENTATION_CONTEXT() REPRESENTATION_CONTEXT('2D SPACE',''
  ) );
#804 = FACE_BOUND('',#805,.T.);
#805 = EDGE_LOOP('',(#806));
#806 = ORIENTED_EDGE('',*,*,#807,.F.);
#807 = EDGE_CURVE('',#808,#808,#810,.T.);
#808 = VERTEX_POINT('',#809);
#809 = CARTESIAN_POINT('',(-45.6,22.,1.6));
#810 = SURFACE_CURVE('',#811,(#816,#823),.PCURVE_S1.);
#811 = CIRCLE('',#812,2.4);
#812 = AXIS2_PLACEMENT_3D('',#813,#814,#815);
#813 = CARTESIAN_POINT('',(-48.,22.,1.6));
#814 = DIRECTION('',(0.,0.,1.));
#815 = DIRECTION('',(1.,0.,-0.));
#816 = PCURVE('',#424,#817);
#817 = DEFINITIONAL_REPRESENTATION('',(#818),#822);
#818 = CIRCLE('',#819,2.4);
#819 = AXIS2_PLACEMENT_2D('',#820,#821);
#820 = CARTESIAN_POINT('',(5.4,49.4));
#821 = DIRECTION('',(1.,0.));
#822 = ( GEOMETRIC_REPRESENTATION_CONTEXT(2) 
PARAMETRIC_REPRESENTATION_CONTEXT() REPRESENTATION_CONTEXT('2D SPACE',''
  ) );
#823 = PCURVE('',#824,#829);
#824 = CYLINDRICAL_SURFACE('',#825,2.4);
#825 = AXIS2_PLACEMENT_3D('',#826,#827,#828);
#826 = CARTESIAN_POINT('',(-48.,22.,-4.1625));
#827 = DIRECTION('',(0.,0.,1.));
#828 = DIRECTION('',(1.,0.,0.));
#829 = DEFINITIONAL_REPRESENTATION('',(#830),#834);
#830 = LINE('',#831,#832);
#831 = CARTESIAN_POINT('',(0.,5.7625));
#832 = VECTOR('',#833,1.);
#833 = DIRECTION('',(1.,0.));
#834 = ( GEOMETRIC_REPRESENTATION_CONTEXT(2) 
PARAMETRIC_REPRESENTATION_CONTEXT() REPRESENTATION_CONTEXT('2D SPACE',''
  ) );
#835 = FACE_BOUND('',#836,.T.);
#836 = EDGE_LOOP('',(#837));
#837 = ORIENTED_EDGE('',*,*,#409,.F.);
#838 = ADVANCED_FACE('',(#839,#842),#396,.T.);
#839 = FACE_BOUND('',#840,.T.);
#840 = EDGE_LOOP('',(#841));
#841 = ORIENTED_EDGE('',*,*,#381,.T.);
#842 = FACE_BOUND('',#843,.T.);
#843 = EDGE_LOOP('',(#844));
#844 = ORIENTED_EDGE('',*,*,#845,.F.);
#845 = EDGE_CURVE('',#846,#846,#848,.T.);
#846 = VERTEX_POINT('',#847);
#847 = CARTESIAN_POINT('',(48.9,22.,4.1625));
#848 = SURFACE_CURVE('',#849,(#854,#861),.PCURVE_S1.);
#849 = CIRCLE('',#850,0.9);
#850 = AXIS2_PLACEMENT_3D('',#851,#852,#853);
#851 = CARTESIAN_POINT('',(48.,22.,4.1625));
#852 = DIRECTION('',(0.,0.,1.));
#853 = DIRECTION('',(1.,0.,-0.));
#854 = PCURVE('',#396,#855);
#855 = DEFINITIONAL_REPRESENTATION('',(#856),#860);
#856 = CIRCLE('',#857,0.9);
#857 = AXIS2_PLACEMENT_2D('',#858,#859);
#858 = CARTESIAN_POINT('',(0.,0.));
#859 = DIRECTION('',(1.,0.));
#860 = ( GEOMETRIC_REPRESENTATION_CONTEXT(2) 
PARAMETRIC_REPRESENTATION_CONTEXT() REPRESENTATION_CONTEXT('2D SPACE',''
  ) );
#861 = PCURVE('',#862,#867);
#862 = CYLINDRICAL_SURFACE('',#863,0.9);
#863 = AXIS2_PLACEMENT_3D('',#864,#865,#866);
#864 = CARTESIAN_POINT('',(48.,22.,-4.2625));
#865 = DIRECTION('',(0.,0.,1.));
#866 = DIRECTION('',(1.,0.,0.));
#867 = DEFINITIONAL_REPRESENTATION('',(#868),#872);
#868 = LINE('',#869,#870);
#869 = CARTESIAN_POINT('',(0.,8.425));
#870 = VECTOR('',#871,1.);
#871 = DIRECTION('',(1.,0.));
#872 = ( GEOMETRIC_REPRESENTATION_CONTEXT(2) 
PARAMETRIC_REPRESENTATION_CONTEXT() REPRESENTATION_CONTEXT('2D SPACE',''
  ) );
#873 = ADVANCED_FACE('',(#874),#457,.T.);
#874 = FACE_BOUND('',#875,.T.);
#875 = EDGE_LOOP('',(#876,#897,#898,#919,#945,#971,#997,#1023));
#876 = ORIENTED_EDGE('',*,*,#877,.F.);
#877 = EDGE_CURVE('',#440,#878,#880,.T.);
#878 = VERTEX_POINT('',#879);
#879 = CARTESIAN_POINT('',(-53.4,-25.8,7.625));
#880 = SURFACE_CURVE('',#881,(#885,#891),.PCURVE_S1.);
#881 = LINE('',#882,#883);
#882 = CARTESIAN_POINT('',(-53.4,-25.8,0.));
#883 = VECTOR('',#884,1.);
#884 = DIRECTION('',(0.,0.,1.));
#885 = PCURVE('',#457,#886);
#886 = DEFINITIONAL_REPRESENTATION('',(#887),#890);
#887 = B_SPLINE_CURVE_WITH_KNOTS('',1,(#888,#889),.UNSPECIFIED.,.F.,.F.,
  (2,2),(0.8875,8.5250006),.PIECEWISE_BEZIER_KNOTS.);
#888 = CARTESIAN_POINT('',(-0.7125,-1.6));
#889 = CARTESIAN_POINT('',(6.9250006,-1.6));
#890 = ( GEOMETRIC_REPRESENTATION_CONTEXT(2) 
PARAMETRIC_REPRESENTATION_CONTEXT() REPRESENTATION_CONTEXT('2D SPACE',''
  ) );
#891 = PCURVE('',#486,#892);
#892 = DEFINITIONAL_REPRESENTATION('',(#893),#896);
#893 = B_SPLINE_CURVE_WITH_KNOTS('',1,(#894,#895),.UNSPECIFIED.,.F.,.F.,
  (2,2),(0.8875,8.5250006),.PIECEWISE_BEZIER_KNOTS.);
#894 = CARTESIAN_POINT('',(0.643501108793,0.8875));
#895 = CARTESIAN_POINT('',(0.643501108793,8.5250006));
#896 = ( GEOMETRIC_REPRESENTATION_CONTEXT(2) 
PARAMETRIC_REPRESENTATION_CONTEXT() REPRESENTATION_CONTEXT('2D SPACE',''
  ) );
#897 = ORIENTED_EDGE('',*,*,#439,.T.);
#898 = ORIENTED_EDGE('',*,*,#899,.T.);
#899 = EDGE_CURVE('',#442,#900,#902,.T.);
#900 = VERTEX_POINT('',#901);
#901 = CARTESIAN_POINT('',(-53.4,25.8,7.625));
#902 = SURFACE_CURVE('',#903,(#907,#913),.PCURVE_S1.);
#903 = LINE('',#904,#905);
#904 = CARTESIAN_POINT('',(-53.4,25.8,0.));
#905 = VECTOR('',#906,1.);
#906 = DIRECTION('',(0.,0.,1.));
#907 = PCURVE('',#457,#908);
#908 = DEFINITIONAL_REPRESENTATION('',(#909),#912);
#909 = B_SPLINE_CURVE_WITH_KNOTS('',1,(#910,#911),.UNSPECIFIED.,.F.,.F.,
  (2,2),(0.8875,8.5250006),.PIECEWISE_BEZIER_KNOTS.);
#910 = CARTESIAN_POINT('',(-0.7125,-53.2));
#911 = CARTESIAN_POINT('',(6.9250006,-53.2));
#912 = ( GEOMETRIC_REPRESENTATION_CONTEXT(2) 
PARAMETRIC_REPRESENTATION_CONTEXT() REPRESENTATION_CONTEXT('2D SPACE',''
  ) );
#913 = PCURVE('',#731,#914);
#914 = DEFINITIONAL_REPRESENTATION('',(#915),#918);
#915 = B_SPLINE_CURVE_WITH_KNOTS('',1,(#916,#917),.UNSPECIFIED.,.F.,.F.,
  (2,2),(0.8875,8.5250006),.PIECEWISE_BEZIER_KNOTS.);
#916 = CARTESIAN_POINT('',(-0.643501108793,0.8875));
#917 = CARTESIAN_POINT('',(-0.643501108793,8.5250006));
#918 = ( GEOMETRIC_REPRESENTATION_CONTEXT(2) 
PARAMETRIC_REPRESENTATION_CONTEXT() REPRESENTATION_CONTEXT('2D SPACE',''
  ) );
#919 = ORIENTED_EDGE('',*,*,#920,.T.);
#920 = EDGE_CURVE('',#900,#921,#923,.T.);
#921 = VERTEX_POINT('',#922);
#922 = CARTESIAN_POINT('',(-53.4,4.6,7.625));
#923 = SURFACE_CURVE('',#924,(#928,#934),.PCURVE_S1.);
#924 = LINE('',#925,#926);
#925 = CARTESIAN_POINT('',(-53.4,-27.8,7.625));
#926 = VECTOR('',#927,1.);
#927 = DIRECTION('',(0.,-1.,0.));
#928 = PCURVE('',#457,#929);
#929 = DEFINITIONAL_REPRESENTATION('',(#930),#933);
#930 = B_SPLINE_CURVE_WITH_KNOTS('',1,(#931,#932),.UNSPECIFIED.,.F.,.F.,
  (2,2),(-53.6,-2.),.PIECEWISE_BEZIER_KNOTS.);
#931 = CARTESIAN_POINT('',(6.025,-53.2));
#932 = CARTESIAN_POINT('',(6.025,-1.6));
#933 = ( GEOMETRIC_REPRESENTATION_CONTEXT(2) 
PARAMETRIC_REPRESENTATION_CONTEXT() REPRESENTATION_CONTEXT('2D SPACE',''
  ) );
#934 = PCURVE('',#935,#940);
#935 = PLANE('',#936);
#936 = AXIS2_PLACEMENT_3D('',#937,#938,#939);
#937 = CARTESIAN_POINT('',(-54.2,-28.2,7.625));
#938 = DIRECTION('',(0.,0.,1.));
#939 = DIRECTION('',(1.,0.,0.));
#940 = DEFINITIONAL_REPRESENTATION('',(#941),#944);
#941 = B_SPLINE_CURVE_WITH_KNOTS('',1,(#942,#943),.UNSPECIFIED.,.F.,.F.,
  (2,2),(-53.6,-2.),.PIECEWISE_BEZIER_KNOTS.);
#942 = CARTESIAN_POINT('',(0.8,54.));
#943 = CARTESIAN_POINT('',(0.8,2.4));
#944 = ( GEOMETRIC_REPRESENTATION_CONTEXT(2) 
PARAMETRIC_REPRESENTATION_CONTEXT() REPRESENTATION_CONTEXT('2D SPACE',''
  ) );
#945 = ORIENTED_EDGE('',*,*,#946,.F.);
#946 = EDGE_CURVE('',#947,#921,#949,.T.);
#947 = VERTEX_POINT('',#948);
#948 = CARTESIAN_POINT('',(-53.4,4.6,4.4));
#949 = SURFACE_CURVE('',#950,(#954,#960),.PCURVE_S1.);
#950 = LINE('',#951,#952);
#951 = CARTESIAN_POINT('',(-53.4,4.6,3.));
#952 = VECTOR('',#953,1.);
#953 = DIRECTION('',(0.,0.,1.));
#954 = PCURVE('',#457,#955);
#955 = DEFINITIONAL_REPRESENTATION('',(#956),#959);
#956 = B_SPLINE_CURVE_WITH_KNOTS('',1,(#957,#958),.UNSPECIFIED.,.F.,.F.,
  (2,2),(1.4,5.),.PIECEWISE_BEZIER_KNOTS.);
#957 = CARTESIAN_POINT('',(2.8,-32.));
#958 = CARTESIAN_POINT('',(6.4,-32.));
#959 = ( GEOMETRIC_REPRESENTATION_CONTEXT(2) 
PARAMETRIC_REPRESENTATION_CONTEXT() REPRESENTATION_CONTEXT('2D SPACE',''
  ) );
#960 = PCURVE('',#961,#966);
#961 = PLANE('',#962);
#962 = AXIS2_PLACEMENT_3D('',#963,#964,#965);
#963 = CARTESIAN_POINT('',(-58.75,4.6,4.4));
#964 = DIRECTION('',(0.,1.,0.));
#965 = DIRECTION('',(0.,0.,1.));
#966 = DEFINITIONAL_REPRESENTATION('',(#967),#970);
#967 = B_SPLINE_CURVE_WITH_KNOTS('',1,(#968,#969),.UNSPECIFIED.,.F.,.F.,
  (2,2),(1.4,5.),.PIECEWISE_BEZIER_KNOTS.);
#968 = CARTESIAN_POINT('',(0.,5.35));
#969 = CARTESIAN_POINT('',(3.6,5.35));
#970 = ( GEOMETRIC_REPRESENTATION_CONTEXT(2) 
PARAMETRIC_REPRESENTATION_CONTEXT() REPRESENTATION_CONTEXT('2D SPACE',''
  ) );
#971 = ORIENTED_EDGE('',*,*,#972,.T.);
#972 = EDGE_CURVE('',#947,#973,#975,.T.);
#973 = VERTEX_POINT('',#974);
#974 = CARTESIAN_POINT('',(-53.4,-4.6,4.4));
#975 = SURFACE_CURVE('',#976,(#980,#986),.PCURVE_S1.);
#976 = LINE('',#977,#978);
#977 = CARTESIAN_POINT('',(-53.4,-16.,4.4));
#978 = VECTOR('',#979,1.);
#979 = DIRECTION('',(0.,-1.,0.));
#980 = PCURVE('',#457,#981);
#981 = DEFINITIONAL_REPRESENTATION('',(#982),#985);
#982 = B_SPLINE_CURVE_WITH_KNOTS('',1,(#983,#984),.UNSPECIFIED.,.F.,.F.,
  (2,2),(-20.6,-11.4),.PIECEWISE_BEZIER_KNOTS.);
#983 = CARTESIAN_POINT('',(2.8,-32.));
#984 = CARTESIAN_POINT('',(2.8,-22.8));
#985 = ( GEOMETRIC_REPRESENTATION_CONTEXT(2) 
PARAMETRIC_REPRESENTATION_CONTEXT() REPRESENTATION_CONTEXT('2D SPACE',''
  ) );
#986 = PCURVE('',#987,#992);
#987 = PLANE('',#988);
#988 = AXIS2_PLACEMENT_3D('',#989,#990,#991);
#989 = CARTESIAN_POINT('',(-58.75,-4.6,4.4));
#990 = DIRECTION('',(0.,0.,1.));
#991 = DIRECTION('',(1.,0.,0.));
#992 = DEFINITIONAL_REPRESENTATION('',(#993),#996);
#993 = B_SPLINE_CURVE_WITH_KNOTS('',1,(#994,#995),.UNSPECIFIED.,.F.,.F.,
  (2,2),(-20.6,-11.4),.PIECEWISE_BEZIER_KNOTS.);
#994 = CARTESIAN_POINT('',(5.35,9.2));
#995 = CARTESIAN_POINT('',(5.35,0.));
#996 = ( GEOMETRIC_REPRESENTATION_CONTEXT(2) 
PARAMETRIC_REPRESENTATION_CONTEXT() REPRESENTATION_CONTEXT('2D SPACE',''
  ) );
#997 = ORIENTED_EDGE('',*,*,#998,.T.);
#998 = EDGE_CURVE('',#973,#999,#1001,.T.);
#999 = VERTEX_POINT('',#1000);
#1000 = CARTESIAN_POINT('',(-53.4,-4.6,7.625));
#1001 = SURFACE_CURVE('',#1002,(#1006,#1012),.PCURVE_S1.);
#1002 = LINE('',#1003,#1004);
#1003 = CARTESIAN_POINT('',(-53.4,-4.6,3.));
#1004 = VECTOR('',#1005,1.);
#1005 = DIRECTION('',(0.,0.,1.));
#1006 = PCURVE('',#457,#1007);
#1007 = DEFINITIONAL_REPRESENTATION('',(#1008),#1011);
#1008 = B_SPLINE_CURVE_WITH_KNOTS('',1,(#1009,#1010),.UNSPECIFIED.,.F.,
  .F.,(2,2),(1.4,5.),.PIECEWISE_BEZIER_KNOTS.);
#1009 = CARTESIAN_POINT('',(2.8,-22.8));
#1010 = CARTESIAN_POINT('',(6.4,-22.8));
#1011 = ( GEOMETRIC_REPRESENTATION_CONTEXT(2) 
PARAMETRIC_REPRESENTATION_CONTEXT() REPRESENTATION_CONTEXT('2D SPACE',''
  ) );
#1012 = PCURVE('',#1013,#1018);
#1013 = PLANE('',#1014);
#1014 = AXIS2_PLACEMENT_3D('',#1015,#1016,#1017);
#1015 = CARTESIAN_POINT('',(-58.75,-4.6,4.4));
#1016 = DIRECTION('',(0.,1.,0.));
#1017 = DIRECTION('',(0.,0.,1.));
#1018 = DEFINITIONAL_REPRESENTATION('',(#1019),#1022);
#1019 = B_SPLINE_CURVE_WITH_KNOTS('',1,(#1020,#1021),.UNSPECIFIED.,.F.,
  .F.,(2,2),(1.4,5.),.PIECEWISE_BEZIER_KNOTS.);
#1020 = CARTESIAN_POINT('',(0.,5.35));
#1021 = CARTESIAN_POINT('',(3.6,5.35));
#1022 = ( GEOMETRIC_REPRESENTATION_CONTEXT(2) 
PARAMETRIC_REPRESENTATION_CONTEXT() REPRESENTATION_CONTEXT('2D SPACE',''
  ) );
#1023 = ORIENTED_EDGE('',*,*,#1024,.T.);
#1024 = EDGE_CURVE('',#999,#878,#1025,.T.);
#1025 = SURFACE_CURVE('',#1026,(#1030,#1036),.PCURVE_S1.);
#1026 = LINE('',#1027,#1028);
#1027 = CARTESIAN_POINT('',(-53.4,-27.8,7.625));
#1028 = VECTOR('',#1029,1.);
#1029 = DIRECTION('',(0.,-1.,0.));
#1030 = PCURVE('',#457,#1031);
#1031 = DEFINITIONAL_REPRESENTATION('',(#1032),#1035);
#1032 = B_SPLINE_CURVE_WITH_KNOTS('',1,(#1033,#1034),.UNSPECIFIED.,.F.,
  .F.,(2,2),(-53.6,-2.),.PIECEWISE_BEZIER_KNOTS.);
#1033 = CARTESIAN_POINT('',(6.025,-53.2));
#1034 = CARTESIAN_POINT('',(6.025,-1.6));
#1035 = ( GEOMETRIC_REPRESENTATION_CONTEXT(2) 
PARAMETRIC_REPRESENTATION_CONTEXT() REPRESENTATION_CONTEXT('2D SPACE',''
  ) );
#1036 = PCURVE('',#1037,#1042);
#1037 = PLANE('',#1038);
#1038 = AXIS2_PLACEMENT_3D('',#1039,#1040,#1041);
#1039 = CARTESIAN_POINT('',(-54.2,-28.2,7.625));
#1040 = DIRECTION('',(0.,0.,1.));
#1041 = DIRECTION('',(1.,0.,0.));
#1042 = DEFINITIONAL_REPRESENTATION('',(#1043),#1046);
#1043 = B_SPLINE_CURVE_WITH_KNOTS('',1,(#1044,#1045),.UNSPECIFIED.,.F.,
  .F.,(2,2),(-53.6,-2.),.PIECEWISE_BEZIER_KNOTS.);
#1044 = CARTESIAN_POINT('',(0.8,54.));
#1045 = CARTESIAN_POINT('',(0.8,2.4));
#1046 = ( GEOMETRIC_REPRESENTATION_CONTEXT(2) 
PARAMETRIC_REPRESENTATION_CONTEXT() REPRESENTATION_CONTEXT('2D SPACE',''
  ) );
#1047 = ADVANCED_FACE('',(#1048),#486,.T.);
#1048 = FACE_BOUND('',#1049,.T.);
#1049 = EDGE_LOOP('',(#1050,#1080,#1109,#1137,#1166,#1192,#1221,#1240,
    #1241,#1242,#1266,#1292));
#1050 = ORIENTED_EDGE('',*,*,#1051,.F.);
#1051 = EDGE_CURVE('',#1052,#1054,#1056,.T.);
#1052 = VERTEX_POINT('',#1053);
#1053 = CARTESIAN_POINT('',(-55.,-21.,0.));
#1054 = VERTEX_POINT('',#1055);
#1055 = CARTESIAN_POINT('',(-55.,-21.,8.525));
#1056 = SURFACE_CURVE('',#1057,(#1061,#1068),.PCURVE_S1.);
#1057 = LINE('',#1058,#1059);
#1058 = CARTESIAN_POINT('',(-55.,-21.,0.));
#1059 = VECTOR('',#1060,1.);
#1060 = DIRECTION('',(0.,0.,1.));
#1061 = PCURVE('',#486,#1062);
#1062 = DEFINITIONAL_REPRESENTATION('',(#1063),#1067);
#1063 = LINE('',#1064,#1065);
#1064 = CARTESIAN_POINT('',(0.,0.));
#1065 = VECTOR('',#1066,1.);
#1066 = DIRECTION('',(0.,1.));
#1067 = ( GEOMETRIC_REPRESENTATION_CONTEXT(2) 
PARAMETRIC_REPRESENTATION_CONTEXT() REPRESENTATION_CONTEXT('2D SPACE',''
  ) );
#1068 = PCURVE('',#1069,#1074);
#1069 = PLANE('',#1070);
#1070 = AXIS2_PLACEMENT_3D('',#1071,#1072,#1073);
#1071 = CARTESIAN_POINT('',(-55.,-29.,0.));
#1072 = DIRECTION('',(-1.,0.,0.));
#1073 = DIRECTION('',(0.,1.,0.));
#1074 = DEFINITIONAL_REPRESENTATION('',(#1075),#1079);
#1075 = LINE('',#1076,#1077);
#1076 = CARTESIAN_POINT('',(8.,0.));
#1077 = VECTOR('',#1078,1.);
#1078 = DIRECTION('',(0.,-1.));
#1079 = ( GEOMETRIC_REPRESENTATION_CONTEXT(2) 
PARAMETRIC_REPRESENTATION_CONTEXT() REPRESENTATION_CONTEXT('2D SPACE',''
  ) );
#1080 = ORIENTED_EDGE('',*,*,#1081,.T.);
#1081 = EDGE_CURVE('',#1052,#1082,#1084,.T.);
#1082 = VERTEX_POINT('',#1083);
#1083 = CARTESIAN_POINT('',(-47.,-29.,0.));
#1084 = SURFACE_CURVE('',#1085,(#1090,#1097),.PCURVE_S1.);
#1085 = CIRCLE('',#1086,8.);
#1086 = AXIS2_PLACEMENT_3D('',#1087,#1088,#1089);
#1087 = CARTESIAN_POINT('',(-47.,-21.,0.));
#1088 = DIRECTION('',(0.,0.,1.));
#1089 = DIRECTION('',(0.,-1.,0.));
#1090 = PCURVE('',#486,#1091);
#1091 = DEFINITIONAL_REPRESENTATION('',(#1092),#1096);
#1092 = LINE('',#1093,#1094);
#1093 = CARTESIAN_POINT('',(-4.712388980385,0.));
#1094 = VECTOR('',#1095,1.);
#1095 = DIRECTION('',(1.,0.));
#1096 = ( GEOMETRIC_REPRESENTATION_CONTEXT(2) 
PARAMETRIC_REPRESENTATION_CONTEXT() REPRESENTATION_CONTEXT('2D SPACE',''
  ) );
#1097 = PCURVE('',#1098,#1103);
#1098 = PLANE('',#1099);
#1099 = AXIS2_PLACEMENT_3D('',#1100,#1101,#1102);
#1100 = CARTESIAN_POINT('',(0.,0.,0.));
#1101 = DIRECTION('',(0.,0.,1.));
#1102 = DIRECTION('',(1.,0.,0.));
#1103 = DEFINITIONAL_REPRESENTATION('',(#1104),#1108);
#1104 = CIRCLE('',#1105,8.);
#1105 = AXIS2_PLACEMENT_2D('',#1106,#1107);
#1106 = CARTESIAN_POINT('',(-47.,-21.));
#1107 = DIRECTION('',(0.,-1.));
#1108 = ( GEOMETRIC_REPRESENTATION_CONTEXT(2) 
PARAMETRIC_REPRESENTATION_CONTEXT() REPRESENTATION_CONTEXT('2D SPACE',''
  ) );
#1109 = ORIENTED_EDGE('',*,*,#1110,.T.);
#1110 = EDGE_CURVE('',#1082,#1111,#1113,.T.);
#1111 = VERTEX_POINT('',#1112);
#1112 = CARTESIAN_POINT('',(-47.,-29.,8.525));
#1113 = SURFACE_CURVE('',#1114,(#1118,#1125),.PCURVE_S1.);
#1114 = LINE('',#1115,#1116);
#1115 = CARTESIAN_POINT('',(-47.,-29.,0.));
#1116 = VECTOR('',#1117,1.);
#1117 = DIRECTION('',(0.,0.,1.));
#1118 = PCURVE('',#486,#1119);
#1119 = DEFINITIONAL_REPRESENTATION('',(#1120),#1124);
#1120 = LINE('',#1121,#1122);
#1121 = CARTESIAN_POINT('',(1.570796326795,0.));
#1122 = VECTOR('',#1123,1.);
#1123 = DIRECTION('',(0.,1.));
#1124 = ( GEOMETRIC_REPRESENTATION_CONTEXT(2) 
PARAMETRIC_REPRESENTATION_CONTEXT() REPRESENTATION_CONTEXT('2D SPACE',''
  ) );
#1125 = PCURVE('',#1126,#1131);
#1126 = PLANE('',#1127);
#1127 = AXIS2_PLACEMENT_3D('',#1128,#1129,#1130);
#1128 = CARTESIAN_POINT('',(-55.,-29.,0.));
#1129 = DIRECTION('',(0.,1.,0.));
#1130 = DIRECTION('',(1.,0.,0.));
#1131 = DEFINITIONAL_REPRESENTATION('',(#1132),#1136);
#1132 = LINE('',#1133,#1134);
#1133 = CARTESIAN_POINT('',(8.,0.));
#1134 = VECTOR('',#1135,1.);
#1135 = DIRECTION('',(0.,-1.));
#1136 = ( GEOMETRIC_REPRESENTATION_CONTEXT(2) 
PARAMETRIC_REPRESENTATION_CONTEXT() REPRESENTATION_CONTEXT('2D SPACE',''
  ) );
#1137 = ORIENTED_EDGE('',*,*,#1138,.F.);
#1138 = EDGE_CURVE('',#1139,#1111,#1141,.T.);
#1139 = VERTEX_POINT('',#1140);
#1140 = CARTESIAN_POINT('',(-50.48711915483,-28.2,8.525));
#1141 = SURFACE_CURVE('',#1142,(#1147,#1154),.PCURVE_S1.);
#1142 = CIRCLE('',#1143,8.);
#1143 = AXIS2_PLACEMENT_3D('',#1144,#1145,#1146);
#1144 = CARTESIAN_POINT('',(-47.,-21.,8.525));
#1145 = DIRECTION('',(0.,0.,1.));
#1146 = DIRECTION('',(0.,-1.,0.));
#1147 = PCURVE('',#486,#1148);
#1148 = DEFINITIONAL_REPRESENTATION('',(#1149),#1153);
#1149 = LINE('',#1150,#1151);
#1150 = CARTESIAN_POINT('',(-4.712388980385,8.525));
#1151 = VECTOR('',#1152,1.);
#1152 = DIRECTION('',(1.,0.));
#1153 = ( GEOMETRIC_REPRESENTATION_CONTEXT(2) 
PARAMETRIC_REPRESENTATION_CONTEXT() REPRESENTATION_CONTEXT('2D SPACE',''
  ) );
#1154 = PCURVE('',#1155,#1160);
#1155 = PLANE('',#1156);
#1156 = AXIS2_PLACEMENT_3D('',#1157,#1158,#1159);
#1157 = CARTESIAN_POINT('',(0.,0.,8.525));
#1158 = DIRECTION('',(0.,0.,1.));
#1159 = DIRECTION('',(1.,0.,0.));
#1160 = DEFINITIONAL_REPRESENTATION('',(#1161),#1165);
#1161 = CIRCLE('',#1162,8.);
#1162 = AXIS2_PLACEMENT_2D('',#1163,#1164);
#1163 = CARTESIAN_POINT('',(-47.,-21.));
#1164 = DIRECTION('',(0.,-1.));
#1165 = ( GEOMETRIC_REPRESENTATION_CONTEXT(2) 
PARAMETRIC_REPRESENTATION_CONTEXT() REPRESENTATION_CONTEXT('2D SPACE',''
  ) );
#1166 = ORIENTED_EDGE('',*,*,#1167,.F.);
#1167 = EDGE_CURVE('',#1168,#1139,#1170,.T.);
#1168 = VERTEX_POINT('',#1169);
#1169 = CARTESIAN_POINT('',(-50.48711915483,-28.2,7.625));
#1170 = SURFACE_CURVE('',#1171,(#1175,#1181),.PCURVE_S1.);
#1171 = LINE('',#1172,#1173);
#1172 = CARTESIAN_POINT('',(-50.48711915483,-28.2,0.));
#1173 = VECTOR('',#1174,1.);
#1174 = DIRECTION('',(0.,0.,1.));
#1175 = PCURVE('',#486,#1176);
#1176 = DEFINITIONAL_REPRESENTATION('',(#1177),#1180);
#1177 = B_SPLINE_CURVE_WITH_KNOTS('',1,(#1178,#1179),.UNSPECIFIED.,.F.,
  .F.,(2,2),(7.535,8.5250006),.PIECEWISE_BEZIER_KNOTS.);
#1178 = CARTESIAN_POINT('',(1.119769514999,7.535));
#1179 = CARTESIAN_POINT('',(1.119769514999,8.5250006));
#1180 = ( GEOMETRIC_REPRESENTATION_CONTEXT(2) 
PARAMETRIC_REPRESENTATION_CONTEXT() REPRESENTATION_CONTEXT('2D SPACE',''
  ) );
#1181 = PCURVE('',#1182,#1187);
#1182 = PLANE('',#1183);
#1183 = AXIS2_PLACEMENT_3D('',#1184,#1185,#1186);
#1184 = CARTESIAN_POINT('',(-54.2,-28.2,7.625));
#1185 = DIRECTION('',(0.,1.,0.));
#1186 = DIRECTION('',(0.,0.,1.));
#1187 = DEFINITIONAL_REPRESENTATION('',(#1188),#1191);
#1188 = B_SPLINE_CURVE_WITH_KNOTS('',1,(#1189,#1190),.UNSPECIFIED.,.F.,
  .F.,(2,2),(7.535,8.5250006),.PIECEWISE_BEZIER_KNOTS.);
#1189 = CARTESIAN_POINT('',(-9.E-02,3.712880845167));
#1190 = CARTESIAN_POINT('',(0.9000006,3.712880845167));
#1191 = ( GEOMETRIC_REPRESENTATION_CONTEXT(2) 
PARAMETRIC_REPRESENTATION_CONTEXT() REPRESENTATION_CONTEXT('2D SPACE',''
  ) );
#1192 = ORIENTED_EDGE('',*,*,#1193,.F.);
#1193 = EDGE_CURVE('',#1194,#1168,#1196,.T.);
#1194 = VERTEX_POINT('',#1195);
#1195 = CARTESIAN_POINT('',(-51.8,-27.4,7.625));
#1196 = SURFACE_CURVE('',#1197,(#1202,#1209),.PCURVE_S1.);
#1197 = CIRCLE('',#1198,8.);
#1198 = AXIS2_PLACEMENT_3D('',#1199,#1200,#1201);
#1199 = CARTESIAN_POINT('',(-47.,-21.,7.625));
#1200 = DIRECTION('',(0.,0.,1.));
#1201 = DIRECTION('',(-1.,0.,0.));
#1202 = PCURVE('',#486,#1203);
#1203 = DEFINITIONAL_REPRESENTATION('',(#1204),#1208);
#1204 = LINE('',#1205,#1206);
#1205 = CARTESIAN_POINT('',(0.,7.625));
#1206 = VECTOR('',#1207,1.);
#1207 = DIRECTION('',(1.,0.));
#1208 = ( GEOMETRIC_REPRESENTATION_CONTEXT(2) 
PARAMETRIC_REPRESENTATION_CONTEXT() REPRESENTATION_CONTEXT('2D SPACE',''
  ) );
#1209 = PCURVE('',#1210,#1215);
#1210 = PLANE('',#1211);
#1211 = AXIS2_PLACEMENT_3D('',#1212,#1213,#1214);
#1212 = CARTESIAN_POINT('',(-54.2,-28.2,7.625));
#1213 = DIRECTION('',(0.,0.,1.));
#1214 = DIRECTION('',(1.,0.,0.));
#1215 = DEFINITIONAL_REPRESENTATION('',(#1216),#1220);
#1216 = CIRCLE('',#1217,8.);
#1217 = AXIS2_PLACEMENT_2D('',#1218,#1219);
#1218 = CARTESIAN_POINT('',(7.2,7.2));
#1219 = DIRECTION('',(-1.,0.));
#1220 = ( GEOMETRIC_REPRESENTATION_CONTEXT(2) 
PARAMETRIC_REPRESENTATION_CONTEXT() REPRESENTATION_CONTEXT('2D SPACE',''
  ) );
#1221 = ORIENTED_EDGE('',*,*,#1222,.F.);
#1222 = EDGE_CURVE('',#470,#1194,#1223,.T.);
#1223 = SURFACE_CURVE('',#1224,(#1228,#1234),.PCURVE_S1.);
#1224 = LINE('',#1225,#1226);
#1225 = CARTESIAN_POINT('',(-51.8,-27.4,0.));
#1226 = VECTOR('',#1227,1.);
#1227 = DIRECTION('',(0.,0.,1.));
#1228 = PCURVE('',#486,#1229);
#1229 = DEFINITIONAL_REPRESENTATION('',(#1230),#1233);
#1230 = B_SPLINE_CURVE_WITH_KNOTS('',1,(#1231,#1232),.UNSPECIFIED.,.F.,
  .F.,(2,2),(0.8875,8.5250006),.PIECEWISE_BEZIER_KNOTS.);
#1231 = CARTESIAN_POINT('',(0.927295218002,0.8875));
#1232 = CARTESIAN_POINT('',(0.927295218002,8.5250006));
#1233 = ( GEOMETRIC_REPRESENTATION_CONTEXT(2) 
PARAMETRIC_REPRESENTATION_CONTEXT() REPRESENTATION_CONTEXT('2D SPACE',''
  ) );
#1234 = PCURVE('',#514,#1235);
#1235 = DEFINITIONAL_REPRESENTATION('',(#1236),#1239);
#1236 = B_SPLINE_CURVE_WITH_KNOTS('',1,(#1237,#1238),.UNSPECIFIED.,.F.,
  .F.,(2,2),(0.8875,8.5250006),.PIECEWISE_BEZIER_KNOTS.);
#1237 = CARTESIAN_POINT('',(-0.7125,1.6));
#1238 = CARTESIAN_POINT('',(6.9250006,1.6));
#1239 = ( GEOMETRIC_REPRESENTATION_CONTEXT(2) 
PARAMETRIC_REPRESENTATION_CONTEXT() REPRESENTATION_CONTEXT('2D SPACE',''
  ) );
#1240 = ORIENTED_EDGE('',*,*,#469,.F.);
#1241 = ORIENTED_EDGE('',*,*,#877,.T.);
#1242 = ORIENTED_EDGE('',*,*,#1243,.F.);
#1243 = EDGE_CURVE('',#1244,#878,#1246,.T.);
#1244 = VERTEX_POINT('',#1245);
#1245 = CARTESIAN_POINT('',(-54.2,-24.48711915483,7.625));
#1246 = SURFACE_CURVE('',#1247,(#1252,#1259),.PCURVE_S1.);
#1247 = CIRCLE('',#1248,8.);
#1248 = AXIS2_PLACEMENT_3D('',#1249,#1250,#1251);
#1249 = CARTESIAN_POINT('',(-47.,-21.,7.625));
#1250 = DIRECTION('',(0.,0.,1.));
#1251 = DIRECTION('',(-1.,0.,0.));
#1252 = PCURVE('',#486,#1253);
#1253 = DEFINITIONAL_REPRESENTATION('',(#1254),#1258);
#1254 = LINE('',#1255,#1256);
#1255 = CARTESIAN_POINT('',(0.,7.625));
#1256 = VECTOR('',#1257,1.);
#1257 = DIRECTION('',(1.,0.));
#1258 = ( GEOMETRIC_REPRESENTATION_CONTEXT(2) 
PARAMETRIC_REPRESENTATION_CONTEXT() REPRESENTATION_CONTEXT('2D SPACE',''
  ) );
#1259 = PCURVE('',#1037,#1260);
#1260 = DEFINITIONAL_REPRESENTATION('',(#1261),#1265);
#1261 = CIRCLE('',#1262,8.);
#1262 = AXIS2_PLACEMENT_2D('',#1263,#1264);
#1263 = CARTESIAN_POINT('',(7.2,7.2));
#1264 = DIRECTION('',(-1.,0.));
#1265 = ( GEOMETRIC_REPRESENTATION_CONTEXT(2) 
PARAMETRIC_REPRESENTATION_CONTEXT() REPRESENTATION_CONTEXT('2D SPACE',''
  ) );
#1266 = ORIENTED_EDGE('',*,*,#1267,.T.);
#1267 = EDGE_CURVE('',#1244,#1268,#1270,.T.);
#1268 = VERTEX_POINT('',#1269);
#1269 = CARTESIAN_POINT('',(-54.2,-24.48711915483,8.525));
#1270 = SURFACE_CURVE('',#1271,(#1275,#1281),.PCURVE_S1.);
#1271 = LINE('',#1272,#1273);
#1272 = CARTESIAN_POINT('',(-54.2,-24.48711915483,0.));
#1273 = VECTOR('',#1274,1.);
#1274 = DIRECTION('',(0.,0.,1.));
#1275 = PCURVE('',#486,#1276);
#1276 = DEFINITIONAL_REPRESENTATION('',(#1277),#1280);
#1277 = B_SPLINE_CURVE_WITH_KNOTS('',1,(#1278,#1279),.UNSPECIFIED.,.F.,
  .F.,(2,2),(7.535,8.5250006),.PIECEWISE_BEZIER_KNOTS.);
#1278 = CARTESIAN_POINT('',(0.451026811796,7.535));
#1279 = CARTESIAN_POINT('',(0.451026811796,8.5250006));
#1280 = ( GEOMETRIC_REPRESENTATION_CONTEXT(2) 
PARAMETRIC_REPRESENTATION_CONTEXT() REPRESENTATION_CONTEXT('2D SPACE',''
  ) );
#1281 = PCURVE('',#1282,#1287);
#1282 = PLANE('',#1283);
#1283 = AXIS2_PLACEMENT_3D('',#1284,#1285,#1286);
#1284 = CARTESIAN_POINT('',(-54.2,-28.2,7.625));
#1285 = DIRECTION('',(1.,0.,0.));
#1286 = DIRECTION('',(0.,0.,1.));
#1287 = DEFINITIONAL_REPRESENTATION('',(#1288),#1291);
#1288 = B_SPLINE_CURVE_WITH_KNOTS('',1,(#1289,#1290),.UNSPECIFIED.,.F.,
  .F.,(2,2),(7.535,8.5250006),.PIECEWISE_BEZIER_KNOTS.);
#1289 = CARTESIAN_POINT('',(-9.E-02,-3.712880845167));
#1290 = CARTESIAN_POINT('',(0.9000006,-3.712880845167));
#1291 = ( GEOMETRIC_REPRESENTATION_CONTEXT(2) 
PARAMETRIC_REPRESENTATION_CONTEXT() REPRESENTATION_CONTEXT('2D SPACE',''
  ) );
#1292 = ORIENTED_EDGE('',*,*,#1293,.F.);
#1293 = EDGE_CURVE('',#1054,#1268,#1294,.T.);
#1294 = SURFACE_CURVE('',#1295,(#1300,#1307),.PCURVE_S1.);
#1295 = CIRCLE('',#1296,8.);
#1296 = AXIS2_PLACEMENT_3D('',#1297,#1298,#1299);
#1297 = CARTESIAN_POINT('',(-47.,-21.,8.525));
#1298 = DIRECTION('',(0.,0.,1.));
#1299 = DIRECTION('',(0.,-1.,0.));
#1300 = PCURVE('',#486,#1301);
#1301 = DEFINITIONAL_REPRESENTATION('',(#1302),#1306);
#1302 = LINE('',#1303,#1304);
#1303 = CARTESIAN_POINT('',(-4.712388980385,8.525));
#1304 = VECTOR('',#1305,1.);
#1305 = DIRECTION('',(1.,0.));
#1306 = ( GEOMETRIC_REPRESENTATION_CONTEXT(2) 
PARAMETRIC_REPRESENTATION_CONTEXT() REPRESENTATION_CONTEXT('2D SPACE',''
  ) );
#1307 = PCURVE('',#1308,#1313);
#1308 = PLANE('',#1309);
#1309 = AXIS2_PLACEMENT_3D('',#1310,#1311,#1312);
#1310 = CARTESIAN_POINT('',(0.,0.,8.525));
#1311 = DIRECTION('',(0.,0.,1.));
#1312 = DIRECTION('',(1.,0.,0.));
#1313 = DEFINITIONAL_REPRESENTATION('',(#1314),#1318);
#1314 = CIRCLE('',#1315,8.);
#1315 = AXIS2_PLACEMENT_2D('',#1316,#1317);
#1316 = CARTESIAN_POINT('',(-47.,-21.));
#1317 = DIRECTION('',(0.,-1.));
#1318 = ( GEOMETRIC_REPRESENTATION_CONTEXT(2) 
PARAMETRIC_REPRESENTATION_CONTEXT() REPRESENTATION_CONTEXT('2D SPACE',''
  ) );
#1319 = ADVANCED_FACE('',(#1320),#731,.T.);
#1320 = FACE_BOUND('',#1321,.F.);
#1321 = EDGE_LOOP('',(#1322,#1347,#1375,#1403,#1436,#1462,#1491,#1510,
    #1511,#1512,#1536,#1557));
#1322 = ORIENTED_EDGE('',*,*,#1323,.F.);
#1323 = EDGE_CURVE('',#1324,#1326,#1328,.T.);
#1324 = VERTEX_POINT('',#1325);
#1325 = CARTESIAN_POINT('',(-55.,21.,0.));
#1326 = VERTEX_POINT('',#1327);
#1327 = CARTESIAN_POINT('',(-55.,21.,8.525));
#1328 = SURFACE_CURVE('',#1329,(#1333,#1340),.PCURVE_S1.);
#1329 = LINE('',#1330,#1331);
#1330 = CARTESIAN_POINT('',(-55.,21.,0.));
#1331 = VECTOR('',#1332,1.);
#1332 = DIRECTION('',(0.,0.,1.));
#1333 = PCURVE('',#731,#1334);
#1334 = DEFINITIONAL_REPRESENTATION('',(#1335),#1339);
#1335 = LINE('',#1336,#1337);
#1336 = CARTESIAN_POINT('',(-0.,0.));
#1337 = VECTOR('',#1338,1.);
#1338 = DIRECTION('',(-0.,1.));
#1339 = ( GEOMETRIC_REPRESENTATION_CONTEXT(2) 
PARAMETRIC_REPRESENTATION_CONTEXT() REPRESENTATION_CONTEXT('2D SPACE',''
  ) );
#1340 = PCURVE('',#1069,#1341);
#1341 = DEFINITIONAL_REPRESENTATION('',(#1342),#1346);
#1342 = LINE('',#1343,#1344);
#1343 = CARTESIAN_POINT('',(50.,0.));
#1344 = VECTOR('',#1345,1.);
#1345 = DIRECTION('',(0.,-1.));
#1346 = ( GEOMETRIC_REPRESENTATION_CONTEXT(2) 
PARAMETRIC_REPRESENTATION_CONTEXT() REPRESENTATION_CONTEXT('2D SPACE',''
  ) );
#1347 = ORIENTED_EDGE('',*,*,#1348,.T.);
#1348 = EDGE_CURVE('',#1324,#1349,#1351,.T.);
#1349 = VERTEX_POINT('',#1350);
#1350 = CARTESIAN_POINT('',(-47.,29.,0.));
#1351 = SURFACE_CURVE('',#1352,(#1357,#1364),.PCURVE_S1.);
#1352 = CIRCLE('',#1353,8.);
#1353 = AXIS2_PLACEMENT_3D('',#1354,#1355,#1356);
#1354 = CARTESIAN_POINT('',(-47.,21.,0.));
#1355 = DIRECTION('',(-0.,-0.,-1.));
#1356 = DIRECTION('',(0.,-1.,0.));
#1357 = PCURVE('',#731,#1358);
#1358 = DEFINITIONAL_REPRESENTATION('',(#1359),#1363);
#1359 = LINE('',#1360,#1361);
#1360 = CARTESIAN_POINT('',(1.570796326795,-0.));
#1361 = VECTOR('',#1362,1.);
#1362 = DIRECTION('',(-1.,0.));
#1363 = ( GEOMETRIC_REPRESENTATION_CONTEXT(2) 
PARAMETRIC_REPRESENTATION_CONTEXT() REPRESENTATION_CONTEXT('2D SPACE',''
  ) );
#1364 = PCURVE('',#1098,#1365);
#1365 = DEFINITIONAL_REPRESENTATION('',(#1366),#1374);
#1366 = ( BOUNDED_CURVE() B_SPLINE_CURVE(2,(#1367,#1368,#1369,#1370,
#1371,#1372,#1373),.UNSPECIFIED.,.T.,.F.) B_SPLINE_CURVE_WITH_KNOTS((1,2
    ,2,2,2,1),(-2.094395102393,0.,2.094395102393,4.188790204786,
6.28318530718,8.377580409573),.UNSPECIFIED.) CURVE() 
GEOMETRIC_REPRESENTATION_ITEM() RATIONAL_B_SPLINE_CURVE((1.,0.5,1.,0.5,
1.,0.5,1.)) REPRESENTATION_ITEM('') );
#1367 = CARTESIAN_POINT('',(-47.,13.));
#1368 = CARTESIAN_POINT('',(-60.85640646055,13.));
#1369 = CARTESIAN_POINT('',(-53.92820323027,25.));
#1370 = CARTESIAN_POINT('',(-47.,37.));
#1371 = CARTESIAN_POINT('',(-40.07179676972,25.));
#1372 = CARTESIAN_POINT('',(-33.14359353944,13.));
#1373 = CARTESIAN_POINT('',(-47.,13.));
#1374 = ( GEOMETRIC_REPRESENTATION_CONTEXT(2) 
PARAMETRIC_REPRESENTATION_CONTEXT() REPRESENTATION_CONTEXT('2D SPACE',''
  ) );
#1375 = ORIENTED_EDGE('',*,*,#1376,.T.);
#1376 = EDGE_CURVE('',#1349,#1377,#1379,.T.);
#1377 = VERTEX_POINT('',#1378);
#1378 = CARTESIAN_POINT('',(-47.,29.,8.525));
#1379 = SURFACE_CURVE('',#1380,(#1384,#1391),.PCURVE_S1.);
#1380 = LINE('',#1381,#1382);
#1381 = CARTESIAN_POINT('',(-47.,29.,0.));
#1382 = VECTOR('',#1383,1.);
#1383 = DIRECTION('',(0.,0.,1.));
#1384 = PCURVE('',#731,#1385);
#1385 = DEFINITIONAL_REPRESENTATION('',(#1386),#1390);
#1386 = LINE('',#1387,#1388);
#1387 = CARTESIAN_POINT('',(-1.570796326795,0.));
#1388 = VECTOR('',#1389,1.);
#1389 = DIRECTION('',(-0.,1.));
#1390 = ( GEOMETRIC_REPRESENTATION_CONTEXT(2) 
PARAMETRIC_REPRESENTATION_CONTEXT() REPRESENTATION_CONTEXT('2D SPACE',''
  ) );
#1391 = PCURVE('',#1392,#1397);
#1392 = PLANE('',#1393);
#1393 = AXIS2_PLACEMENT_3D('',#1394,#1395,#1396);
#1394 = CARTESIAN_POINT('',(-55.,29.,0.));
#1395 = DIRECTION('',(0.,1.,0.));
#1396 = DIRECTION('',(1.,0.,0.));
#1397 = DEFINITIONAL_REPRESENTATION('',(#1398),#1402);
#1398 = LINE('',#1399,#1400);
#1399 = CARTESIAN_POINT('',(8.,0.));
#1400 = VECTOR('',#1401,1.);
#1401 = DIRECTION('',(0.,-1.));
#1402 = ( GEOMETRIC_REPRESENTATION_CONTEXT(2) 
PARAMETRIC_REPRESENTATION_CONTEXT() REPRESENTATION_CONTEXT('2D SPACE',''
  ) );
#1403 = ORIENTED_EDGE('',*,*,#1404,.F.);
#1404 = EDGE_CURVE('',#1405,#1377,#1407,.T.);
#1405 = VERTEX_POINT('',#1406);
#1406 = CARTESIAN_POINT('',(-50.48711915483,28.2,8.525));
#1407 = SURFACE_CURVE('',#1408,(#1413,#1420),.PCURVE_S1.);
#1408 = CIRCLE('',#1409,8.);
#1409 = AXIS2_PLACEMENT_3D('',#1410,#1411,#1412);
#1410 = CARTESIAN_POINT('',(-47.,21.,8.525));
#1411 = DIRECTION('',(-0.,-0.,-1.));
#1412 = DIRECTION('',(0.,-1.,0.));
#1413 = PCURVE('',#731,#1414);
#1414 = DEFINITIONAL_REPRESENTATION('',(#1415),#1419);
#1415 = LINE('',#1416,#1417);
#1416 = CARTESIAN_POINT('',(1.570796326795,8.525));
#1417 = VECTOR('',#1418,1.);
#1418 = DIRECTION('',(-1.,0.));
#1419 = ( GEOMETRIC_REPRESENTATION_CONTEXT(2) 
PARAMETRIC_REPRESENTATION_CONTEXT() REPRESENTATION_CONTEXT('2D SPACE',''
  ) );
#1420 = PCURVE('',#1421,#1426);
#1421 = PLANE('',#1422);
#1422 = AXIS2_PLACEMENT_3D('',#1423,#1424,#1425);
#1423 = CARTESIAN_POINT('',(0.,0.,8.525));
#1424 = DIRECTION('',(0.,0.,1.));
#1425 = DIRECTION('',(1.,0.,0.));
#1426 = DEFINITIONAL_REPRESENTATION('',(#1427),#1435);
#1427 = ( BOUNDED_CURVE() B_SPLINE_CURVE(2,(#1428,#1429,#1430,#1431,
#1432,#1433,#1434),.UNSPECIFIED.,.T.,.F.) B_SPLINE_CURVE_WITH_KNOTS((1,2
    ,2,2,2,1),(-2.094395102393,0.,2.094395102393,4.188790204786,
6.28318530718,8.377580409573),.UNSPECIFIED.) CURVE() 
GEOMETRIC_REPRESENTATION_ITEM() RATIONAL_B_SPLINE_CURVE((1.,0.5,1.,0.5,
1.,0.5,1.)) REPRESENTATION_ITEM('') );
#1428 = CARTESIAN_POINT('',(-47.,13.));
#1429 = CARTESIAN_POINT('',(-60.85640646055,13.));
#1430 = CARTESIAN_POINT('',(-53.92820323027,25.));
#1431 = CARTESIAN_POINT('',(-47.,37.));
#1432 = CARTESIAN_POINT('',(-40.07179676972,25.));
#1433 = CARTESIAN_POINT('',(-33.14359353944,13.));
#1434 = CARTESIAN_POINT('',(-47.,13.));
#1435 = ( GEOMETRIC_REPRESENTATION_CONTEXT(2) 
PARAMETRIC_REPRESENTATION_CONTEXT() REPRESENTATION_CONTEXT('2D SPACE',''
  ) );
#1436 = ORIENTED_EDGE('',*,*,#1437,.F.);
#1437 = EDGE_CURVE('',#1438,#1405,#1440,.T.);
#1438 = VERTEX_POINT('',#1439);
#1439 = CARTESIAN_POINT('',(-50.48711915483,28.2,7.625));
#1440 = SURFACE_CURVE('',#1441,(#1445,#1451),.PCURVE_S1.);
#1441 = LINE('',#1442,#1443);
#1442 = CARTESIAN_POINT('',(-50.48711915483,28.2,0.));
#1443 = VECTOR('',#1444,1.);
#1444 = DIRECTION('',(0.,0.,1.));
#1445 = PCURVE('',#731,#1446);
#1446 = DEFINITIONAL_REPRESENTATION('',(#1447),#1450);
#1447 = B_SPLINE_CURVE_WITH_KNOTS('',1,(#1448,#1449),.UNSPECIFIED.,.F.,
  .F.,(2,2),(7.535,8.5250006),.PIECEWISE_BEZIER_KNOTS.);
#1448 = CARTESIAN_POINT('',(-1.119769514999,7.535));
#1449 = CARTESIAN_POINT('',(-1.119769514999,8.5250006));
#1450 = ( GEOMETRIC_REPRESENTATION_CONTEXT(2) 
PARAMETRIC_REPRESENTATION_CONTEXT() REPRESENTATION_CONTEXT('2D SPACE',''
  ) );
#1451 = PCURVE('',#1452,#1457);
#1452 = PLANE('',#1453);
#1453 = AXIS2_PLACEMENT_3D('',#1454,#1455,#1456);
#1454 = CARTESIAN_POINT('',(-54.2,28.2,7.625));
#1455 = DIRECTION('',(0.,1.,0.));
#1456 = DIRECTION('',(0.,0.,1.));
#1457 = DEFINITIONAL_REPRESENTATION('',(#1458),#1461);
#1458 = B_SPLINE_CURVE_WITH_KNOTS('',1,(#1459,#1460),.UNSPECIFIED.,.F.,
  .F.,(2,2),(7.535,8.5250006),.PIECEWISE_BEZIER_KNOTS.);
#1459 = CARTESIAN_POINT('',(-9.E-02,3.712880845167));
#1460 = CARTESIAN_POINT('',(0.9000006,3.712880845167));
#1461 = ( GEOMETRIC_REPRESENTATION_CONTEXT(2) 
PARAMETRIC_REPRESENTATION_CONTEXT() REPRESENTATION_CONTEXT('2D SPACE',''
  ) );
#1462 = ORIENTED_EDGE('',*,*,#1463,.T.);
#1463 = EDGE_CURVE('',#1438,#1464,#1466,.T.);
#1464 = VERTEX_POINT('',#1465);
#1465 = CARTESIAN_POINT('',(-51.8,27.4,7.625));
#1466 = SURFACE_CURVE('',#1467,(#1472,#1479),.PCURVE_S1.);
#1467 = CIRCLE('',#1468,8.);
#1468 = AXIS2_PLACEMENT_3D('',#1469,#1470,#1471);
#1469 = CARTESIAN_POINT('',(-47.,21.,7.625));
#1470 = DIRECTION('',(0.,0.,1.));
#1471 = DIRECTION('',(-1.,0.,0.));
#1472 = PCURVE('',#731,#1473);
#1473 = DEFINITIONAL_REPRESENTATION('',(#1474),#1478);
#1474 = LINE('',#1475,#1476);
#1475 = CARTESIAN_POINT('',(-6.28318530718,7.625));
#1476 = VECTOR('',#1477,1.);
#1477 = DIRECTION('',(1.,-0.));
#1478 = ( GEOMETRIC_REPRESENTATION_CONTEXT(2) 
PARAMETRIC_REPRESENTATION_CONTEXT() REPRESENTATION_CONTEXT('2D SPACE',''
  ) );
#1479 = PCURVE('',#1480,#1485);
#1480 = PLANE('',#1481);
#1481 = AXIS2_PLACEMENT_3D('',#1482,#1483,#1484);
#1482 = CARTESIAN_POINT('',(-54.2,-28.2,7.625));
#1483 = DIRECTION('',(0.,0.,1.));
#1484 = DIRECTION('',(1.,0.,0.));
#1485 = DEFINITIONAL_REPRESENTATION('',(#1486),#1490);
#1486 = CIRCLE('',#1487,8.);
#1487 = AXIS2_PLACEMENT_2D('',#1488,#1489);
#1488 = CARTESIAN_POINT('',(7.2,49.2));
#1489 = DIRECTION('',(-1.,0.));
#1490 = ( GEOMETRIC_REPRESENTATION_CONTEXT(2) 
PARAMETRIC_REPRESENTATION_CONTEXT() REPRESENTATION_CONTEXT('2D SPACE',''
  ) );
#1491 = ORIENTED_EDGE('',*,*,#1492,.F.);
#1492 = EDGE_CURVE('',#694,#1464,#1493,.T.);
#1493 = SURFACE_CURVE('',#1494,(#1498,#1504),.PCURVE_S1.);
#1494 = LINE('',#1495,#1496);
#1495 = CARTESIAN_POINT('',(-51.8,27.4,0.));
#1496 = VECTOR('',#1497,1.);
#1497 = DIRECTION('',(0.,0.,1.));
#1498 = PCURVE('',#731,#1499);
#1499 = DEFINITIONAL_REPRESENTATION('',(#1500),#1503);
#1500 = B_SPLINE_CURVE_WITH_KNOTS('',1,(#1501,#1502),.UNSPECIFIED.,.F.,
  .F.,(2,2),(0.8875,8.5250006),.PIECEWISE_BEZIER_KNOTS.);
#1501 = CARTESIAN_POINT('',(-0.927295218002,0.8875));
#1502 = CARTESIAN_POINT('',(-0.927295218002,8.5250006));
#1503 = ( GEOMETRIC_REPRESENTATION_CONTEXT(2) 
PARAMETRIC_REPRESENTATION_CONTEXT() REPRESENTATION_CONTEXT('2D SPACE',''
  ) );
#1504 = PCURVE('',#628,#1505);
#1505 = DEFINITIONAL_REPRESENTATION('',(#1506),#1509);
#1506 = B_SPLINE_CURVE_WITH_KNOTS('',1,(#1507,#1508),.UNSPECIFIED.,.F.,
  .F.,(2,2),(0.8875,8.5250006),.PIECEWISE_BEZIER_KNOTS.);
#1507 = CARTESIAN_POINT('',(-0.7125,1.6));
#1508 = CARTESIAN_POINT('',(6.9250006,1.6));
#1509 = ( GEOMETRIC_REPRESENTATION_CONTEXT(2) 
PARAMETRIC_REPRESENTATION_CONTEXT() REPRESENTATION_CONTEXT('2D SPACE',''
  ) );
#1510 = ORIENTED_EDGE('',*,*,#716,.T.);
#1511 = ORIENTED_EDGE('',*,*,#899,.T.);
#1512 = ORIENTED_EDGE('',*,*,#1513,.T.);
#1513 = EDGE_CURVE('',#900,#1514,#1516,.T.);
#1514 = VERTEX_POINT('',#1515);
#1515 = CARTESIAN_POINT('',(-54.2,24.487119154833,7.625));
#1516 = SURFACE_CURVE('',#1517,(#1522,#1529),.PCURVE_S1.);
#1517 = CIRCLE('',#1518,8.);
#1518 = AXIS2_PLACEMENT_3D('',#1519,#1520,#1521);
#1519 = CARTESIAN_POINT('',(-47.,21.,7.625));
#1520 = DIRECTION('',(0.,0.,1.));
#1521 = DIRECTION('',(-1.,0.,0.));
#1522 = PCURVE('',#731,#1523);
#1523 = DEFINITIONAL_REPRESENTATION('',(#1524),#1528);
#1524 = LINE('',#1525,#1526);
#1525 = CARTESIAN_POINT('',(-6.28318530718,7.625));
#1526 = VECTOR('',#1527,1.);
#1527 = DIRECTION('',(1.,-0.));
#1528 = ( GEOMETRIC_REPRESENTATION_CONTEXT(2) 
PARAMETRIC_REPRESENTATION_CONTEXT() REPRESENTATION_CONTEXT('2D SPACE',''
  ) );
#1529 = PCURVE('',#935,#1530);
#1530 = DEFINITIONAL_REPRESENTATION('',(#1531),#1535);
#1531 = CIRCLE('',#1532,8.);
#1532 = AXIS2_PLACEMENT_2D('',#1533,#1534);
#1533 = CARTESIAN_POINT('',(7.2,49.2));
#1534 = DIRECTION('',(-1.,0.));
#1535 = ( GEOMETRIC_REPRESENTATION_CONTEXT(2) 
PARAMETRIC_REPRESENTATION_CONTEXT() REPRESENTATION_CONTEXT('2D SPACE',''
  ) );
#1536 = ORIENTED_EDGE('',*,*,#1537,.T.);
#1537 = EDGE_CURVE('',#1514,#1538,#1540,.T.);
#1538 = VERTEX_POINT('',#1539);
#1539 = CARTESIAN_POINT('',(-54.2,24.487119154832,8.525));
#1540 = SURFACE_CURVE('',#1541,(#1545,#1551),.PCURVE_S1.);
#1541 = LINE('',#1542,#1543);
#1542 = CARTESIAN_POINT('',(-54.2,24.487119154833,0.));
#1543 = VECTOR('',#1544,1.);
#1544 = DIRECTION('',(0.,0.,1.));
#1545 = PCURVE('',#731,#1546);
#1546 = DEFINITIONAL_REPRESENTATION('',(#1547),#1550);
#1547 = B_SPLINE_CURVE_WITH_KNOTS('',1,(#1548,#1549),.UNSPECIFIED.,.F.,
  .F.,(2,2),(7.535,8.5250006),.PIECEWISE_BEZIER_KNOTS.);
#1548 = CARTESIAN_POINT('',(-0.451026811796,7.535));
#1549 = CARTESIAN_POINT('',(-0.451026811796,8.5250006));
#1550 = ( GEOMETRIC_REPRESENTATION_CONTEXT(2) 
PARAMETRIC_REPRESENTATION_CONTEXT() REPRESENTATION_CONTEXT('2D SPACE',''
  ) );
#1551 = PCURVE('',#1282,#1552);
#1552 = DEFINITIONAL_REPRESENTATION('',(#1553),#1556);
#1553 = B_SPLINE_CURVE_WITH_KNOTS('',1,(#1554,#1555),.UNSPECIFIED.,.F.,
  .F.,(2,2),(7.535,8.5250006),.PIECEWISE_BEZIER_KNOTS.);
#1554 = CARTESIAN_POINT('',(-9.E-02,-52.68711915483));
#1555 = CARTESIAN_POINT('',(0.9000006,-52.68711915483));
#1556 = ( GEOMETRIC_REPRESENTATION_CONTEXT(2) 
PARAMETRIC_REPRESENTATION_CONTEXT() REPRESENTATION_CONTEXT('2D SPACE',''
  ) );
#1557 = ORIENTED_EDGE('',*,*,#1558,.F.);
#1558 = EDGE_CURVE('',#1326,#1538,#1559,.T.);
#1559 = SURFACE_CURVE('',#1560,(#1565,#1572),.PCURVE_S1.);
#1560 = CIRCLE('',#1561,8.);
#1561 = AXIS2_PLACEMENT_3D('',#1562,#1563,#1564);
#1562 = CARTESIAN_POINT('',(-47.,21.,8.525));
#1563 = DIRECTION('',(-0.,-0.,-1.));
#1564 = DIRECTION('',(0.,-1.,0.));
#1565 = PCURVE('',#731,#1566);
#1566 = DEFINITIONAL_REPRESENTATION('',(#1567),#1571);
#1567 = LINE('',#1568,#1569);
#1568 = CARTESIAN_POINT('',(1.570796326795,8.525));
#1569 = VECTOR('',#1570,1.);
#1570 = DIRECTION('',(-1.,0.));
#1571 = ( GEOMETRIC_REPRESENTATION_CONTEXT(2) 
PARAMETRIC_REPRESENTATION_CONTEXT() REPRESENTATION_CONTEXT('2D SPACE',''
  ) );
#1572 = PCURVE('',#1308,#1573);
#1573 = DEFINITIONAL_REPRESENTATION('',(#1574),#1582);
#1574 = ( BOUNDED_CURVE() B_SPLINE_CURVE(2,(#1575,#1576,#1577,#1578,
#1579,#1580,#1581),.UNSPECIFIED.,.T.,.F.) B_SPLINE_CURVE_WITH_KNOTS((1,2
    ,2,2,2,1),(-2.094395102393,0.,2.094395102393,4.188790204786,
6.28318530718,8.377580409573),.UNSPECIFIED.) CURVE() 
GEOMETRIC_REPRESENTATION_ITEM() RATIONAL_B_SPLINE_CURVE((1.,0.5,1.,0.5,
1.,0.5,1.)) REPRESENTATION_ITEM('') );
#1575 = CARTESIAN_POINT('',(-47.,13.));
#1576 = CARTESIAN_POINT('',(-60.85640646055,13.));
#1577 = CARTESIAN_POINT('',(-53.92820323027,25.));
#1578 = CARTESIAN_POINT('',(-47.,37.));
#1579 = CARTESIAN_POINT('',(-40.07179676972,25.));
#1580 = CARTESIAN_POINT('',(-33.14359353944,13.));
#1581 = CARTESIAN_POINT('',(-47.,13.));
#1582 = ( GEOMETRIC_REPRESENTATION_CONTEXT(2) 
PARAMETRIC_REPRESENTATION_CONTEXT() REPRESENTATION_CONTEXT('2D SPACE',''
  ) );
#1583 = ADVANCED_FACE('',(#1584),#514,.T.);
#1584 = FACE_BOUND('',#1585,.T.);
#1585 = EDGE_LOOP('',(#1586,#1587,#1588,#1609));
#1586 = ORIENTED_EDGE('',*,*,#498,.F.);
#1587 = ORIENTED_EDGE('',*,*,#1222,.T.);
#1588 = ORIENTED_EDGE('',*,*,#1589,.T.);
#1589 = EDGE_CURVE('',#1194,#1590,#1592,.T.);
#1590 = VERTEX_POINT('',#1591);
#1591 = CARTESIAN_POINT('',(51.8,-27.4,7.625));
#1592 = SURFACE_CURVE('',#1593,(#1597,#1603),.PCURVE_S1.);
#1593 = LINE('',#1594,#1595);
#1594 = CARTESIAN_POINT('',(-53.8,-27.4,7.625));
#1595 = VECTOR('',#1596,1.);
#1596 = DIRECTION('',(1.,0.,0.));
#1597 = PCURVE('',#514,#1598);
#1598 = DEFINITIONAL_REPRESENTATION('',(#1599),#1602);
#1599 = B_SPLINE_CURVE_WITH_KNOTS('',1,(#1600,#1601),.UNSPECIFIED.,.F.,
  .F.,(2,2),(2.,105.6),.PIECEWISE_BEZIER_KNOTS.);
#1600 = CARTESIAN_POINT('',(6.025,1.6));
#1601 = CARTESIAN_POINT('',(6.025,105.2));
#1602 = ( GEOMETRIC_REPRESENTATION_CONTEXT(2) 
PARAMETRIC_REPRESENTATION_CONTEXT() REPRESENTATION_CONTEXT('2D SPACE',''
  ) );
#1603 = PCURVE('',#1210,#1604);
#1604 = DEFINITIONAL_REPRESENTATION('',(#1605),#1608);
#1605 = B_SPLINE_CURVE_WITH_KNOTS('',1,(#1606,#1607),.UNSPECIFIED.,.F.,
  .F.,(2,2),(2.,105.6),.PIECEWISE_BEZIER_KNOTS.);
#1606 = CARTESIAN_POINT('',(2.4,0.8));
#1607 = CARTESIAN_POINT('',(106.,0.8));
#1608 = ( GEOMETRIC_REPRESENTATION_CONTEXT(2) 
PARAMETRIC_REPRESENTATION_CONTEXT() REPRESENTATION_CONTEXT('2D SPACE',''
  ) );
#1609 = ORIENTED_EDGE('',*,*,#1610,.F.);
#1610 = EDGE_CURVE('',#499,#1590,#1611,.T.);
#1611 = SURFACE_CURVE('',#1612,(#1616,#1622),.PCURVE_S1.);
#1612 = LINE('',#1613,#1614);
#1613 = CARTESIAN_POINT('',(51.8,-27.4,0.));
#1614 = VECTOR('',#1615,1.);
#1615 = DIRECTION('',(0.,0.,1.));
#1616 = PCURVE('',#514,#1617);
#1617 = DEFINITIONAL_REPRESENTATION('',(#1618),#1621);
#1618 = B_SPLINE_CURVE_WITH_KNOTS('',1,(#1619,#1620),.UNSPECIFIED.,.F.,
  .F.,(2,2),(0.8875,8.5250006),.PIECEWISE_BEZIER_KNOTS.);
#1619 = CARTESIAN_POINT('',(-0.7125,105.2));
#1620 = CARTESIAN_POINT('',(6.9250006,105.2));
#1621 = ( GEOMETRIC_REPRESENTATION_CONTEXT(2) 
PARAMETRIC_REPRESENTATION_CONTEXT() REPRESENTATION_CONTEXT('2D SPACE',''
  ) );
#1622 = PCURVE('',#543,#1623);
#1623 = DEFINITIONAL_REPRESENTATION('',(#1624),#1627);
#1624 = B_SPLINE_CURVE_WITH_KNOTS('',1,(#1625,#1626),.UNSPECIFIED.,.F.,
  .F.,(2,2),(0.8875,8.5250006),.PIECEWISE_BEZIER_KNOTS.);
#1625 = CARTESIAN_POINT('',(0.643501108793,0.8875));
#1626 = CARTESIAN_POINT('',(0.643501108793,8.5250006));
#1627 = ( GEOMETRIC_REPRESENTATION_CONTEXT(2) 
PARAMETRIC_REPRESENTATION_CONTEXT() REPRESENTATION_CONTEXT('2D SPACE',''
  ) );
#1628 = ADVANCED_FACE('',(#1629),#628,.F.);
#1629 = FACE_BOUND('',#1630,.F.);
#1630 = EDGE_LOOP('',(#1631,#1632,#1633,#1654,#1673,#1674,#1695,#1721));
#1631 = ORIENTED_EDGE('',*,*,#693,.F.);
#1632 = ORIENTED_EDGE('',*,*,#1492,.T.);
#1633 = ORIENTED_EDGE('',*,*,#1634,.T.);
#1634 = EDGE_CURVE('',#1464,#1635,#1637,.T.);
#1635 = VERTEX_POINT('',#1636);
#1636 = CARTESIAN_POINT('',(51.8,27.4,7.625));
#1637 = SURFACE_CURVE('',#1638,(#1642,#1648),.PCURVE_S1.);
#1638 = LINE('',#1639,#1640);
#1639 = CARTESIAN_POINT('',(-53.8,27.4,7.625));
#1640 = VECTOR('',#1641,1.);
#1641 = DIRECTION('',(1.,0.,0.));
#1642 = PCURVE('',#628,#1643);
#1643 = DEFINITIONAL_REPRESENTATION('',(#1644),#1647);
#1644 = B_SPLINE_CURVE_WITH_KNOTS('',1,(#1645,#1646),.UNSPECIFIED.,.F.,
  .F.,(2,2),(2.,105.6),.PIECEWISE_BEZIER_KNOTS.);
#1645 = CARTESIAN_POINT('',(6.025,1.6));
#1646 = CARTESIAN_POINT('',(6.025,105.2));
#1647 = ( GEOMETRIC_REPRESENTATION_CONTEXT(2) 
PARAMETRIC_REPRESENTATION_CONTEXT() REPRESENTATION_CONTEXT('2D SPACE',''
  ) );
#1648 = PCURVE('',#1480,#1649);
#1649 = DEFINITIONAL_REPRESENTATION('',(#1650),#1653);
#1650 = B_SPLINE_CURVE_WITH_KNOTS('',1,(#1651,#1652),.UNSPECIFIED.,.F.,
  .F.,(2,2),(2.,105.6),.PIECEWISE_BEZIER_KNOTS.);
#1651 = CARTESIAN_POINT('',(2.4,55.6));
#1652 = CARTESIAN_POINT('',(106.,55.6));
#1653 = ( GEOMETRIC_REPRESENTATION_CONTEXT(2) 
PARAMETRIC_REPRESENTATION_CONTEXT() REPRESENTATION_CONTEXT('2D SPACE',''
  ) );
#1654 = ORIENTED_EDGE('',*,*,#1655,.F.);
#1655 = EDGE_CURVE('',#584,#1635,#1656,.T.);
#1656 = SURFACE_CURVE('',#1657,(#1661,#1667),.PCURVE_S1.);
#1657 = LINE('',#1658,#1659);
#1658 = CARTESIAN_POINT('',(51.8,27.4,0.));
#1659 = VECTOR('',#1660,1.);
#1660 = DIRECTION('',(0.,0.,1.));
#1661 = PCURVE('',#628,#1662);
#1662 = DEFINITIONAL_REPRESENTATION('',(#1663),#1666);
#1663 = B_SPLINE_CURVE_WITH_KNOTS('',1,(#1664,#1665),.UNSPECIFIED.,.F.,
  .F.,(2,2),(0.8875,8.5250006),.PIECEWISE_BEZIER_KNOTS.);
#1664 = CARTESIAN_POINT('',(-0.7125,105.2));
#1665 = CARTESIAN_POINT('',(6.9250006,105.2));
#1666 = ( GEOMETRIC_REPRESENTATION_CONTEXT(2) 
PARAMETRIC_REPRESENTATION_CONTEXT() REPRESENTATION_CONTEXT('2D SPACE',''
  ) );
#1667 = PCURVE('',#600,#1668);
#1668 = DEFINITIONAL_REPRESENTATION('',(#1669),#1672);
#1669 = B_SPLINE_CURVE_WITH_KNOTS('',1,(#1670,#1671),.UNSPECIFIED.,.F.,
  .F.,(2,2),(0.8875,8.5250006),.PIECEWISE_BEZIER_KNOTS.);
#1670 = CARTESIAN_POINT('',(0.927295218002,0.8875));
#1671 = CARTESIAN_POINT('',(0.927295218002,8.5250006));
#1672 = ( GEOMETRIC_REPRESENTATION_CONTEXT(2) 
PARAMETRIC_REPRESENTATION_CONTEXT() REPRESENTATION_CONTEXT('2D SPACE',''
  ) );
#1673 = ORIENTED_EDGE('',*,*,#612,.F.);
#1674 = ORIENTED_EDGE('',*,*,#1675,.T.);
#1675 = EDGE_CURVE('',#613,#1676,#1678,.T.);
#1676 = VERTEX_POINT('',#1677);
#1677 = CARTESIAN_POINT('',(2.5889186932,27.4,5.));
#1678 = SURFACE_CURVE('',#1679,(#1683,#1689),.PCURVE_S1.);
#1679 = LINE('',#1680,#1681);
#1680 = CARTESIAN_POINT('',(2.5889186932,27.4,-5.));
#1681 = VECTOR('',#1682,1.);
#1682 = DIRECTION('',(0.,0.,1.));
#1683 = PCURVE('',#628,#1684);
#1684 = DEFINITIONAL_REPRESENTATION('',(#1685),#1688);
#1685 = B_SPLINE_CURVE_WITH_KNOTS('',1,(#1686,#1687),.UNSPECIFIED.,.F.,
  .F.,(2,2),(5.9075,10.0000006),.PIECEWISE_BEZIER_KNOTS.);
#1686 = CARTESIAN_POINT('',(-0.6925,55.9889186932));
#1687 = CARTESIAN_POINT('',(3.4000006,55.9889186932));
#1688 = ( GEOMETRIC_REPRESENTATION_CONTEXT(2) 
PARAMETRIC_REPRESENTATION_CONTEXT() REPRESENTATION_CONTEXT('2D SPACE',''
  ) );
#1689 = PCURVE('',#657,#1690);
#1690 = DEFINITIONAL_REPRESENTATION('',(#1691),#1694);
#1691 = B_SPLINE_CURVE_WITH_KNOTS('',1,(#1692,#1693),.UNSPECIFIED.,.F.,
  .F.,(2,2),(5.9075,10.0000006),.PIECEWISE_BEZIER_KNOTS.);
#1692 = CARTESIAN_POINT('',(1.302042585098,5.9075));
#1693 = CARTESIAN_POINT('',(1.302042585098,10.0000006));
#1694 = ( GEOMETRIC_REPRESENTATION_CONTEXT(2) 
PARAMETRIC_REPRESENTATION_CONTEXT() REPRESENTATION_CONTEXT('2D SPACE',''
  ) );
#1695 = ORIENTED_EDGE('',*,*,#1696,.F.);
#1696 = EDGE_CURVE('',#1697,#1676,#1699,.T.);
#1697 = VERTEX_POINT('',#1698);
#1698 = CARTESIAN_POINT('',(-2.5889186932,27.4,5.));
#1699 = SURFACE_CURVE('',#1700,(#1704,#1710),.PCURVE_S1.);
#1700 = LINE('',#1701,#1702);
#1701 = CARTESIAN_POINT('',(-26.7,27.4,5.));
#1702 = VECTOR('',#1703,1.);
#1703 = DIRECTION('',(1.,0.,0.));
#1704 = PCURVE('',#628,#1705);
#1705 = DEFINITIONAL_REPRESENTATION('',(#1706),#1709);
#1706 = B_SPLINE_CURVE_WITH_KNOTS('',1,(#1707,#1708),.UNSPECIFIED.,.F.,
  .F.,(2,2),(16.95,36.45),.PIECEWISE_BEZIER_KNOTS.);
#1707 = CARTESIAN_POINT('',(3.4,43.65));
#1708 = CARTESIAN_POINT('',(3.4,63.15));
#1709 = ( GEOMETRIC_REPRESENTATION_CONTEXT(2) 
PARAMETRIC_REPRESENTATION_CONTEXT() REPRESENTATION_CONTEXT('2D SPACE',''
  ) );
#1710 = PCURVE('',#1711,#1716);
#1711 = PLANE('',#1712);
#1712 = AXIS2_PLACEMENT_3D('',#1713,#1714,#1715);
#1713 = CARTESIAN_POINT('',(0.,18.,5.));
#1714 = DIRECTION('',(0.,0.,1.));
#1715 = DIRECTION('',(1.,0.,0.));
#1716 = DEFINITIONAL_REPRESENTATION('',(#1717),#1720);
#1717 = B_SPLINE_CURVE_WITH_KNOTS('',1,(#1718,#1719),.UNSPECIFIED.,.F.,
  .F.,(2,2),(16.95,36.45),.PIECEWISE_BEZIER_KNOTS.);
#1718 = CARTESIAN_POINT('',(-9.75,9.4));
#1719 = CARTESIAN_POINT('',(9.75,9.4));
#1720 = ( GEOMETRIC_REPRESENTATION_CONTEXT(2) 
PARAMETRIC_REPRESENTATION_CONTEXT() REPRESENTATION_CONTEXT('2D SPACE',''
  ) );
#1721 = ORIENTED_EDGE('',*,*,#1722,.F.);
#1722 = EDGE_CURVE('',#670,#1697,#1723,.T.);
#1723 = SURFACE_CURVE('',#1724,(#1728,#1734),.PCURVE_S1.);
#1724 = LINE('',#1725,#1726);
#1725 = CARTESIAN_POINT('',(-2.5889186932,27.4,-5.));
#1726 = VECTOR('',#1727,1.);
#1727 = DIRECTION('',(0.,0.,1.));
#1728 = PCURVE('',#628,#1729);
#1729 = DEFINITIONAL_REPRESENTATION('',(#1730),#1733);
#1730 = B_SPLINE_CURVE_WITH_KNOTS('',1,(#1731,#1732),.UNSPECIFIED.,.F.,
  .F.,(2,2),(5.9075,10.0000006),.PIECEWISE_BEZIER_KNOTS.);
#1731 = CARTESIAN_POINT('',(-0.6925,50.8110813068));
#1732 = CARTESIAN_POINT('',(3.4000006,50.8110813068));
#1733 = ( GEOMETRIC_REPRESENTATION_CONTEXT(2) 
PARAMETRIC_REPRESENTATION_CONTEXT() REPRESENTATION_CONTEXT('2D SPACE',''
  ) );
#1734 = PCURVE('',#657,#1735);
#1735 = DEFINITIONAL_REPRESENTATION('',(#1736),#1739);
#1736 = B_SPLINE_CURVE_WITH_KNOTS('',1,(#1737,#1738),.UNSPECIFIED.,.F.,
  .F.,(2,2),(5.9075,10.0000006),.PIECEWISE_BEZIER_KNOTS.);
#1737 = CARTESIAN_POINT('',(1.839550068492,5.9075));
#1738 = CARTESIAN_POINT('',(1.839550068492,10.0000006));
#1739 = ( GEOMETRIC_REPRESENTATION_CONTEXT(2) 
PARAMETRIC_REPRESENTATION_CONTEXT() REPRESENTATION_CONTEXT('2D SPACE',''
  ) );
#1740 = ADVANCED_FACE('',(#1741),#543,.T.);
#1741 = FACE_BOUND('',#1742,.T.);
#1742 = EDGE_LOOP('',(#1743,#1768,#1792,#1820,#1849,#1875,#1904,#1923,
    #1924,#1925,#1949,#1970));
#1743 = ORIENTED_EDGE('',*,*,#1744,.F.);
#1744 = EDGE_CURVE('',#1745,#1747,#1749,.T.);
#1745 = VERTEX_POINT('',#1746);
#1746 = CARTESIAN_POINT('',(47.,-29.,0.));
#1747 = VERTEX_POINT('',#1748);
#1748 = CARTESIAN_POINT('',(47.,-29.,8.525));
#1749 = SURFACE_CURVE('',#1750,(#1754,#1761),.PCURVE_S1.);
#1750 = LINE('',#1751,#1752);
#1751 = CARTESIAN_POINT('',(47.,-29.,0.));
#1752 = VECTOR('',#1753,1.);
#1753 = DIRECTION('',(0.,0.,1.));
#1754 = PCURVE('',#543,#1755);
#1755 = DEFINITIONAL_REPRESENTATION('',(#1756),#1760);
#1756 = LINE('',#1757,#1758);
#1757 = CARTESIAN_POINT('',(0.,0.));
#1758 = VECTOR('',#1759,1.);
#1759 = DIRECTION('',(0.,1.));
#1760 = ( GEOMETRIC_REPRESENTATION_CONTEXT(2) 
PARAMETRIC_REPRESENTATION_CONTEXT() REPRESENTATION_CONTEXT('2D SPACE',''
  ) );
#1761 = PCURVE('',#1126,#1762);
#1762 = DEFINITIONAL_REPRESENTATION('',(#1763),#1767);
#1763 = LINE('',#1764,#1765);
#1764 = CARTESIAN_POINT('',(102.,0.));
#1765 = VECTOR('',#1766,1.);
#1766 = DIRECTION('',(0.,-1.));
#1767 = ( GEOMETRIC_REPRESENTATION_CONTEXT(2) 
PARAMETRIC_REPRESENTATION_CONTEXT() REPRESENTATION_CONTEXT('2D SPACE',''
  ) );
#1768 = ORIENTED_EDGE('',*,*,#1769,.T.);
#1769 = EDGE_CURVE('',#1745,#1770,#1772,.T.);
#1770 = VERTEX_POINT('',#1771);
#1771 = CARTESIAN_POINT('',(55.,-21.,0.));
#1772 = SURFACE_CURVE('',#1773,(#1778,#1785),.PCURVE_S1.);
#1773 = CIRCLE('',#1774,8.);
#1774 = AXIS2_PLACEMENT_3D('',#1775,#1776,#1777);
#1775 = CARTESIAN_POINT('',(47.,-21.,0.));
#1776 = DIRECTION('',(0.,0.,1.));
#1777 = DIRECTION('',(0.,-1.,0.));
#1778 = PCURVE('',#543,#1779);
#1779 = DEFINITIONAL_REPRESENTATION('',(#1780),#1784);
#1780 = LINE('',#1781,#1782);
#1781 = CARTESIAN_POINT('',(0.,0.));
#1782 = VECTOR('',#1783,1.);
#1783 = DIRECTION('',(1.,0.));
#1784 = ( GEOMETRIC_REPRESENTATION_CONTEXT(2) 
PARAMETRIC_REPRESENTATION_CONTEXT() REPRESENTATION_CONTEXT('2D SPACE',''
  ) );
#1785 = PCURVE('',#1098,#1786);
#1786 = DEFINITIONAL_REPRESENTATION('',(#1787),#1791);
#1787 = CIRCLE('',#1788,8.);
#1788 = AXIS2_PLACEMENT_2D('',#1789,#1790);
#1789 = CARTESIAN_POINT('',(47.,-21.));
#1790 = DIRECTION('',(0.,-1.));
#1791 = ( GEOMETRIC_REPRESENTATION_CONTEXT(2) 
PARAMETRIC_REPRESENTATION_CONTEXT() REPRESENTATION_CONTEXT('2D SPACE',''
  ) );
#1792 = ORIENTED_EDGE('',*,*,#1793,.T.);
#1793 = EDGE_CURVE('',#1770,#1794,#1796,.T.);
#1794 = VERTEX_POINT('',#1795);
#1795 = CARTESIAN_POINT('',(55.,-21.,8.525));
#1796 = SURFACE_CURVE('',#1797,(#1801,#1808),.PCURVE_S1.);
#1797 = LINE('',#1798,#1799);
#1798 = CARTESIAN_POINT('',(55.,-21.,0.));
#1799 = VECTOR('',#1800,1.);
#1800 = DIRECTION('',(0.,0.,1.));
#1801 = PCURVE('',#543,#1802);
#1802 = DEFINITIONAL_REPRESENTATION('',(#1803),#1807);
#1803 = LINE('',#1804,#1805);
#1804 = CARTESIAN_POINT('',(1.570796326795,0.));
#1805 = VECTOR('',#1806,1.);
#1806 = DIRECTION('',(0.,1.));
#1807 = ( GEOMETRIC_REPRESENTATION_CONTEXT(2) 
PARAMETRIC_REPRESENTATION_CONTEXT() REPRESENTATION_CONTEXT('2D SPACE',''
  ) );
#1808 = PCURVE('',#1809,#1814);
#1809 = PLANE('',#1810);
#1810 = AXIS2_PLACEMENT_3D('',#1811,#1812,#1813);
#1811 = CARTESIAN_POINT('',(55.,-29.,0.));
#1812 = DIRECTION('',(-1.,0.,0.));
#1813 = DIRECTION('',(0.,1.,0.));
#1814 = DEFINITIONAL_REPRESENTATION('',(#1815),#1819);
#1815 = LINE('',#1816,#1817);
#1816 = CARTESIAN_POINT('',(8.,0.));
#1817 = VECTOR('',#1818,1.);
#1818 = DIRECTION('',(0.,-1.));
#1819 = ( GEOMETRIC_REPRESENTATION_CONTEXT(2) 
PARAMETRIC_REPRESENTATION_CONTEXT() REPRESENTATION_CONTEXT('2D SPACE',''
  ) );
#1820 = ORIENTED_EDGE('',*,*,#1821,.F.);
#1821 = EDGE_CURVE('',#1822,#1794,#1824,.T.);
#1822 = VERTEX_POINT('',#1823);
#1823 = CARTESIAN_POINT('',(54.2,-24.48711915483,8.525));
#1824 = SURFACE_CURVE('',#1825,(#1830,#1837),.PCURVE_S1.);
#1825 = CIRCLE('',#1826,8.);
#1826 = AXIS2_PLACEMENT_3D('',#1827,#1828,#1829);
#1827 = CARTESIAN_POINT('',(47.,-21.,8.525));
#1828 = DIRECTION('',(0.,0.,1.));
#1829 = DIRECTION('',(0.,-1.,0.));
#1830 = PCURVE('',#543,#1831);
#1831 = DEFINITIONAL_REPRESENTATION('',(#1832),#1836);
#1832 = LINE('',#1833,#1834);
#1833 = CARTESIAN_POINT('',(0.,8.525));
#1834 = VECTOR('',#1835,1.);
#1835 = DIRECTION('',(1.,0.));
#1836 = ( GEOMETRIC_REPRESENTATION_CONTEXT(2) 
PARAMETRIC_REPRESENTATION_CONTEXT() REPRESENTATION_CONTEXT('2D SPACE',''
  ) );
#1837 = PCURVE('',#1838,#1843);
#1838 = PLANE('',#1839);
#1839 = AXIS2_PLACEMENT_3D('',#1840,#1841,#1842);
#1840 = CARTESIAN_POINT('',(0.,0.,8.525));
#1841 = DIRECTION('',(0.,0.,1.));
#1842 = DIRECTION('',(1.,0.,0.));
#1843 = DEFINITIONAL_REPRESENTATION('',(#1844),#1848);
#1844 = CIRCLE('',#1845,8.);
#1845 = AXIS2_PLACEMENT_2D('',#1846,#1847);
#1846 = CARTESIAN_POINT('',(47.,-21.));
#1847 = DIRECTION('',(0.,-1.));
#1848 = ( GEOMETRIC_REPRESENTATION_CONTEXT(2) 
PARAMETRIC_REPRESENTATION_CONTEXT() REPRESENTATION_CONTEXT('2D SPACE',''
  ) );
#1849 = ORIENTED_EDGE('',*,*,#1850,.F.);
#1850 = EDGE_CURVE('',#1851,#1822,#1853,.T.);
#1851 = VERTEX_POINT('',#1852);
#1852 = CARTESIAN_POINT('',(54.2,-24.48711915483,7.625));
#1853 = SURFACE_CURVE('',#1854,(#1858,#1864),.PCURVE_S1.);
#1854 = LINE('',#1855,#1856);
#1855 = CARTESIAN_POINT('',(54.2,-24.48711915483,0.));
#1856 = VECTOR('',#1857,1.);
#1857 = DIRECTION('',(0.,0.,1.));
#1858 = PCURVE('',#543,#1859);
#1859 = DEFINITIONAL_REPRESENTATION('',(#1860),#1863);
#1860 = B_SPLINE_CURVE_WITH_KNOTS('',1,(#1861,#1862),.UNSPECIFIED.,.F.,
  .F.,(2,2),(7.535,8.5250006),.PIECEWISE_BEZIER_KNOTS.);
#1861 = CARTESIAN_POINT('',(1.119769514999,7.535));
#1862 = CARTESIAN_POINT('',(1.119769514999,8.5250006));
#1863 = ( GEOMETRIC_REPRESENTATION_CONTEXT(2) 
PARAMETRIC_REPRESENTATION_CONTEXT() REPRESENTATION_CONTEXT('2D SPACE',''
  ) );
#1864 = PCURVE('',#1865,#1870);
#1865 = PLANE('',#1866);
#1866 = AXIS2_PLACEMENT_3D('',#1867,#1868,#1869);
#1867 = CARTESIAN_POINT('',(54.2,-28.2,7.625));
#1868 = DIRECTION('',(1.,0.,0.));
#1869 = DIRECTION('',(0.,0.,1.));
#1870 = DEFINITIONAL_REPRESENTATION('',(#1871),#1874);
#1871 = B_SPLINE_CURVE_WITH_KNOTS('',1,(#1872,#1873),.UNSPECIFIED.,.F.,
  .F.,(2,2),(7.535,8.5250006),.PIECEWISE_BEZIER_KNOTS.);
#1872 = CARTESIAN_POINT('',(-9.E-02,-3.712880845167));
#1873 = CARTESIAN_POINT('',(0.9000006,-3.712880845167));
#1874 = ( GEOMETRIC_REPRESENTATION_CONTEXT(2) 
PARAMETRIC_REPRESENTATION_CONTEXT() REPRESENTATION_CONTEXT('2D SPACE',''
  ) );
#1875 = ORIENTED_EDGE('',*,*,#1876,.F.);
#1876 = EDGE_CURVE('',#1877,#1851,#1879,.T.);
#1877 = VERTEX_POINT('',#1878);
#1878 = CARTESIAN_POINT('',(53.4,-25.8,7.625));
#1879 = SURFACE_CURVE('',#1880,(#1885,#1892),.PCURVE_S1.);
#1880 = CIRCLE('',#1881,8.);
#1881 = AXIS2_PLACEMENT_3D('',#1882,#1883,#1884);
#1882 = CARTESIAN_POINT('',(47.,-21.,7.625));
#1883 = DIRECTION('',(0.,0.,1.));
#1884 = DIRECTION('',(0.,-1.,0.));
#1885 = PCURVE('',#543,#1886);
#1886 = DEFINITIONAL_REPRESENTATION('',(#1887),#1891);
#1887 = LINE('',#1888,#1889);
#1888 = CARTESIAN_POINT('',(0.,7.625));
#1889 = VECTOR('',#1890,1.);
#1890 = DIRECTION('',(1.,0.));
#1891 = ( GEOMETRIC_REPRESENTATION_CONTEXT(2) 
PARAMETRIC_REPRESENTATION_CONTEXT() REPRESENTATION_CONTEXT('2D SPACE',''
  ) );
#1892 = PCURVE('',#1893,#1898);
#1893 = PLANE('',#1894);
#1894 = AXIS2_PLACEMENT_3D('',#1895,#1896,#1897);
#1895 = CARTESIAN_POINT('',(-54.2,-28.2,7.625));
#1896 = DIRECTION('',(0.,0.,1.));
#1897 = DIRECTION('',(1.,0.,0.));
#1898 = DEFINITIONAL_REPRESENTATION('',(#1899),#1903);
#1899 = CIRCLE('',#1900,8.);
#1900 = AXIS2_PLACEMENT_2D('',#1901,#1902);
#1901 = CARTESIAN_POINT('',(101.2,7.2));
#1902 = DIRECTION('',(0.,-1.));
#1903 = ( GEOMETRIC_REPRESENTATION_CONTEXT(2) 
PARAMETRIC_REPRESENTATION_CONTEXT() REPRESENTATION_CONTEXT('2D SPACE',''
  ) );
#1904 = ORIENTED_EDGE('',*,*,#1905,.F.);
#1905 = EDGE_CURVE('',#527,#1877,#1906,.T.);
#1906 = SURFACE_CURVE('',#1907,(#1911,#1917),.PCURVE_S1.);
#1907 = LINE('',#1908,#1909);
#1908 = CARTESIAN_POINT('',(53.4,-25.8,0.));
#1909 = VECTOR('',#1910,1.);
#1910 = DIRECTION('',(0.,0.,1.));
#1911 = PCURVE('',#543,#1912);
#1912 = DEFINITIONAL_REPRESENTATION('',(#1913),#1916);
#1913 = B_SPLINE_CURVE_WITH_KNOTS('',1,(#1914,#1915),.UNSPECIFIED.,.F.,
  .F.,(2,2),(0.8875,8.5250006),.PIECEWISE_BEZIER_KNOTS.);
#1914 = CARTESIAN_POINT('',(0.927295218002,0.8875));
#1915 = CARTESIAN_POINT('',(0.927295218002,8.5250006));
#1916 = ( GEOMETRIC_REPRESENTATION_CONTEXT(2) 
PARAMETRIC_REPRESENTATION_CONTEXT() REPRESENTATION_CONTEXT('2D SPACE',''
  ) );
#1917 = PCURVE('',#571,#1918);
#1918 = DEFINITIONAL_REPRESENTATION('',(#1919),#1922);
#1919 = B_SPLINE_CURVE_WITH_KNOTS('',1,(#1920,#1921),.UNSPECIFIED.,.F.,
  .F.,(2,2),(0.8875,8.5250006),.PIECEWISE_BEZIER_KNOTS.);
#1920 = CARTESIAN_POINT('',(-0.7125,-1.6));
#1921 = CARTESIAN_POINT('',(6.9250006,-1.6));
#1922 = ( GEOMETRIC_REPRESENTATION_CONTEXT(2) 
PARAMETRIC_REPRESENTATION_CONTEXT() REPRESENTATION_CONTEXT('2D SPACE',''
  ) );
#1923 = ORIENTED_EDGE('',*,*,#526,.F.);
#1924 = ORIENTED_EDGE('',*,*,#1610,.T.);
#1925 = ORIENTED_EDGE('',*,*,#1926,.F.);
#1926 = EDGE_CURVE('',#1927,#1590,#1929,.T.);
#1927 = VERTEX_POINT('',#1928);
#1928 = CARTESIAN_POINT('',(50.487119154833,-28.2,7.625));
#1929 = SURFACE_CURVE('',#1930,(#1935,#1942),.PCURVE_S1.);
#1930 = CIRCLE('',#1931,8.);
#1931 = AXIS2_PLACEMENT_3D('',#1932,#1933,#1934);
#1932 = CARTESIAN_POINT('',(47.,-21.,7.625));
#1933 = DIRECTION('',(0.,0.,1.));
#1934 = DIRECTION('',(0.,-1.,0.));
#1935 = PCURVE('',#543,#1936);
#1936 = DEFINITIONAL_REPRESENTATION('',(#1937),#1941);
#1937 = LINE('',#1938,#1939);
#1938 = CARTESIAN_POINT('',(0.,7.625));
#1939 = VECTOR('',#1940,1.);
#1940 = DIRECTION('',(1.,0.));
#1941 = ( GEOMETRIC_REPRESENTATION_CONTEXT(2) 
PARAMETRIC_REPRESENTATION_CONTEXT() REPRESENTATION_CONTEXT('2D SPACE',''
  ) );
#1942 = PCURVE('',#1210,#1943);
#1943 = DEFINITIONAL_REPRESENTATION('',(#1944),#1948);
#1944 = CIRCLE('',#1945,8.);
#1945 = AXIS2_PLACEMENT_2D('',#1946,#1947);
#1946 = CARTESIAN_POINT('',(101.2,7.2));
#1947 = DIRECTION('',(0.,-1.));
#1948 = ( GEOMETRIC_REPRESENTATION_CONTEXT(2) 
PARAMETRIC_REPRESENTATION_CONTEXT() REPRESENTATION_CONTEXT('2D SPACE',''
  ) );
#1949 = ORIENTED_EDGE('',*,*,#1950,.T.);
#1950 = EDGE_CURVE('',#1927,#1951,#1953,.T.);
#1951 = VERTEX_POINT('',#1952);
#1952 = CARTESIAN_POINT('',(50.487119154832,-28.2,8.525));
#1953 = SURFACE_CURVE('',#1954,(#1958,#1964),.PCURVE_S1.);
#1954 = LINE('',#1955,#1956);
#1955 = CARTESIAN_POINT('',(50.487119154833,-28.2,0.));
#1956 = VECTOR('',#1957,1.);
#1957 = DIRECTION('',(0.,0.,1.));
#1958 = PCURVE('',#543,#1959);
#1959 = DEFINITIONAL_REPRESENTATION('',(#1960),#1963);
#1960 = B_SPLINE_CURVE_WITH_KNOTS('',1,(#1961,#1962),.UNSPECIFIED.,.F.,
  .F.,(2,2),(7.535,8.5250006),.PIECEWISE_BEZIER_KNOTS.);
#1961 = CARTESIAN_POINT('',(0.451026811796,7.535));
#1962 = CARTESIAN_POINT('',(0.451026811796,8.5250006));
#1963 = ( GEOMETRIC_REPRESENTATION_CONTEXT(2) 
PARAMETRIC_REPRESENTATION_CONTEXT() REPRESENTATION_CONTEXT('2D SPACE',''
  ) );
#1964 = PCURVE('',#1182,#1965);
#1965 = DEFINITIONAL_REPRESENTATION('',(#1966),#1969);
#1966 = B_SPLINE_CURVE_WITH_KNOTS('',1,(#1967,#1968),.UNSPECIFIED.,.F.,
  .F.,(2,2),(7.535,8.5250006),.PIECEWISE_BEZIER_KNOTS.);
#1967 = CARTESIAN_POINT('',(-9.E-02,104.68711915483));
#1968 = CARTESIAN_POINT('',(0.9000006,104.68711915483));
#1969 = ( GEOMETRIC_REPRESENTATION_CONTEXT(2) 
PARAMETRIC_REPRESENTATION_CONTEXT() REPRESENTATION_CONTEXT('2D SPACE',''
  ) );
#1970 = ORIENTED_EDGE('',*,*,#1971,.F.);
#1971 = EDGE_CURVE('',#1747,#1951,#1972,.T.);
#1972 = SURFACE_CURVE('',#1973,(#1978,#1985),.PCURVE_S1.);
#1973 = CIRCLE('',#1974,8.);
#1974 = AXIS2_PLACEMENT_3D('',#1975,#1976,#1977);
#1975 = CARTESIAN_POINT('',(47.,-21.,8.525));
#1976 = DIRECTION('',(0.,0.,1.));
#1977 = DIRECTION('',(0.,-1.,0.));
#1978 = PCURVE('',#543,#1979);
#1979 = DEFINITIONAL_REPRESENTATION('',(#1980),#1984);
#1980 = LINE('',#1981,#1982);
#1981 = CARTESIAN_POINT('',(0.,8.525));
#1982 = VECTOR('',#1983,1.);
#1983 = DIRECTION('',(1.,0.));
#1984 = ( GEOMETRIC_REPRESENTATION_CONTEXT(2) 
PARAMETRIC_REPRESENTATION_CONTEXT() REPRESENTATION_CONTEXT('2D SPACE',''
  ) );
#1985 = PCURVE('',#1155,#1986);
#1986 = DEFINITIONAL_REPRESENTATION('',(#1987),#1991);
#1987 = CIRCLE('',#1988,8.);
#1988 = AXIS2_PLACEMENT_2D('',#1989,#1990);
#1989 = CARTESIAN_POINT('',(47.,-21.));
#1990 = DIRECTION('',(0.,-1.));
#1991 = ( GEOMETRIC_REPRESENTATION_CONTEXT(2) 
PARAMETRIC_REPRESENTATION_CONTEXT() REPRESENTATION_CONTEXT('2D SPACE',''
  ) );
#1992 = ADVANCED_FACE('',(#1993),#657,.F.);
#1993 = FACE_BOUND('',#1994,.F.);
#1994 = EDGE_LOOP('',(#1995,#2017,#2018,#2019,#2042,#2064,#2065,#2066));
#1995 = ORIENTED_EDGE('',*,*,#1996,.F.);
#1996 = EDGE_CURVE('',#1676,#1697,#1997,.T.);
#1997 = SURFACE_CURVE('',#1998,(#2003,#2010),.PCURVE_S1.);
#1998 = CIRCLE('',#1999,9.75);
#1999 = AXIS2_PLACEMENT_3D('',#2000,#2001,#2002);
#2000 = CARTESIAN_POINT('',(0.,18.,5.));
#2001 = DIRECTION('',(0.,0.,1.));
#2002 = DIRECTION('',(1.,0.,0.));
#2003 = PCURVE('',#657,#2004);
#2004 = DEFINITIONAL_REPRESENTATION('',(#2005),#2009);
#2005 = LINE('',#2006,#2007);
#2006 = CARTESIAN_POINT('',(0.,10.));
#2007 = VECTOR('',#2008,1.);
#2008 = DIRECTION('',(1.,0.));
#2009 = ( GEOMETRIC_REPRESENTATION_CONTEXT(2) 
PARAMETRIC_REPRESENTATION_CONTEXT() REPRESENTATION_CONTEXT('2D SPACE',''
  ) );
#2010 = PCURVE('',#1711,#2011);
#2011 = DEFINITIONAL_REPRESENTATION('',(#2012),#2016);
#2012 = CIRCLE('',#2013,9.75);
#2013 = AXIS2_PLACEMENT_2D('',#2014,#2015);
#2014 = CARTESIAN_POINT('',(0.,0.));
#2015 = DIRECTION('',(1.,0.));
#2016 = ( GEOMETRIC_REPRESENTATION_CONTEXT(2) 
PARAMETRIC_REPRESENTATION_CONTEXT() REPRESENTATION_CONTEXT('2D SPACE',''
  ) );
#2017 = ORIENTED_EDGE('',*,*,#1675,.F.);
#2018 = ORIENTED_EDGE('',*,*,#640,.F.);
#2019 = ORIENTED_EDGE('',*,*,#2020,.F.);
#2020 = EDGE_CURVE('',#2021,#641,#2023,.T.);
#2021 = VERTEX_POINT('',#2022);
#2022 = CARTESIAN_POINT('',(9.75,18.,0.));
#2023 = SEAM_CURVE('',#2024,(#2028,#2035),.PCURVE_S1.);
#2024 = LINE('',#2025,#2026);
#2025 = CARTESIAN_POINT('',(9.75,18.,-5.));
#2026 = VECTOR('',#2027,1.);
#2027 = DIRECTION('',(0.,0.,1.));
#2028 = PCURVE('',#657,#2029);
#2029 = DEFINITIONAL_REPRESENTATION('',(#2030),#2034);
#2030 = LINE('',#2031,#2032);
#2031 = CARTESIAN_POINT('',(6.28318530718,-0.));
#2032 = VECTOR('',#2033,1.);
#2033 = DIRECTION('',(0.,1.));
#2034 = ( GEOMETRIC_REPRESENTATION_CONTEXT(2) 
PARAMETRIC_REPRESENTATION_CONTEXT() REPRESENTATION_CONTEXT('2D SPACE',''
  ) );
#2035 = PCURVE('',#657,#2036);
#2036 = DEFINITIONAL_REPRESENTATION('',(#2037),#2041);
#2037 = LINE('',#2038,#2039);
#2038 = CARTESIAN_POINT('',(0.,-0.));
#2039 = VECTOR('',#2040,1.);
#2040 = DIRECTION('',(0.,1.));
#2041 = ( GEOMETRIC_REPRESENTATION_CONTEXT(2) 
PARAMETRIC_REPRESENTATION_CONTEXT() REPRESENTATION_CONTEXT('2D SPACE',''
  ) );
#2042 = ORIENTED_EDGE('',*,*,#2043,.T.);
#2043 = EDGE_CURVE('',#2021,#2021,#2044,.T.);
#2044 = SURFACE_CURVE('',#2045,(#2050,#2057),.PCURVE_S1.);
#2045 = CIRCLE('',#2046,9.75);
#2046 = AXIS2_PLACEMENT_3D('',#2047,#2048,#2049);
#2047 = CARTESIAN_POINT('',(0.,18.,0.));
#2048 = DIRECTION('',(0.,0.,1.));
#2049 = DIRECTION('',(1.,0.,-0.));
#2050 = PCURVE('',#657,#2051);
#2051 = DEFINITIONAL_REPRESENTATION('',(#2052),#2056);
#2052 = LINE('',#2053,#2054);
#2053 = CARTESIAN_POINT('',(0.,5.));
#2054 = VECTOR('',#2055,1.);
#2055 = DIRECTION('',(1.,0.));
#2056 = ( GEOMETRIC_REPRESENTATION_CONTEXT(2) 
PARAMETRIC_REPRESENTATION_CONTEXT() REPRESENTATION_CONTEXT('2D SPACE',''
  ) );
#2057 = PCURVE('',#1098,#2058);
#2058 = DEFINITIONAL_REPRESENTATION('',(#2059),#2063);
#2059 = CIRCLE('',#2060,9.75);
#2060 = AXIS2_PLACEMENT_2D('',#2061,#2062);
#2061 = CARTESIAN_POINT('',(0.,18.));
#2062 = DIRECTION('',(1.,0.));
#2063 = ( GEOMETRIC_REPRESENTATION_CONTEXT(2) 
PARAMETRIC_REPRESENTATION_CONTEXT() REPRESENTATION_CONTEXT('2D SPACE',''
  ) );
#2064 = ORIENTED_EDGE('',*,*,#2020,.T.);
#2065 = ORIENTED_EDGE('',*,*,#669,.F.);
#2066 = ORIENTED_EDGE('',*,*,#1722,.T.);
#2067 = ADVANCED_FACE('',(#2068),#571,.F.);
#2068 = FACE_BOUND('',#2069,.F.);
#2069 = EDGE_LOOP('',(#2070,#2071,#2072,#2093));
#2070 = ORIENTED_EDGE('',*,*,#1905,.F.);
#2071 = ORIENTED_EDGE('',*,*,#555,.T.);
#2072 = ORIENTED_EDGE('',*,*,#2073,.T.);
#2073 = EDGE_CURVE('',#556,#2074,#2076,.T.);
#2074 = VERTEX_POINT('',#2075);
#2075 = CARTESIAN_POINT('',(53.4,25.8,7.625));
#2076 = SURFACE_CURVE('',#2077,(#2081,#2087),.PCURVE_S1.);
#2077 = LINE('',#2078,#2079);
#2078 = CARTESIAN_POINT('',(53.4,25.8,0.));
#2079 = VECTOR('',#2080,1.);
#2080 = DIRECTION('',(0.,0.,1.));
#2081 = PCURVE('',#571,#2082);
#2082 = DEFINITIONAL_REPRESENTATION('',(#2083),#2086);
#2083 = B_SPLINE_CURVE_WITH_KNOTS('',1,(#2084,#2085),.UNSPECIFIED.,.F.,
  .F.,(2,2),(0.8875,8.5250006),.PIECEWISE_BEZIER_KNOTS.);
#2084 = CARTESIAN_POINT('',(-0.7125,-53.2));
#2085 = CARTESIAN_POINT('',(6.9250006,-53.2));
#2086 = ( GEOMETRIC_REPRESENTATION_CONTEXT(2) 
PARAMETRIC_REPRESENTATION_CONTEXT() REPRESENTATION_CONTEXT('2D SPACE',''
  ) );
#2087 = PCURVE('',#600,#2088);
#2088 = DEFINITIONAL_REPRESENTATION('',(#2089),#2092);
#2089 = B_SPLINE_CURVE_WITH_KNOTS('',1,(#2090,#2091),.UNSPECIFIED.,.F.,
  .F.,(2,2),(0.8875,8.5250006),.PIECEWISE_BEZIER_KNOTS.);
#2090 = CARTESIAN_POINT('',(0.643501108793,0.8875));
#2091 = CARTESIAN_POINT('',(0.643501108793,8.5250006));
#2092 = ( GEOMETRIC_REPRESENTATION_CONTEXT(2) 
PARAMETRIC_REPRESENTATION_CONTEXT() REPRESENTATION_CONTEXT('2D SPACE',''
  ) );
#2093 = ORIENTED_EDGE('',*,*,#2094,.T.);
#2094 = EDGE_CURVE('',#2074,#1877,#2095,.T.);
#2095 = SURFACE_CURVE('',#2096,(#2100,#2106),.PCURVE_S1.);
#2096 = LINE('',#2097,#2098);
#2097 = CARTESIAN_POINT('',(53.4,-27.8,7.625));
#2098 = VECTOR('',#2099,1.);
#2099 = DIRECTION('',(0.,-1.,0.));
#2100 = PCURVE('',#571,#2101);
#2101 = DEFINITIONAL_REPRESENTATION('',(#2102),#2105);
#2102 = B_SPLINE_CURVE_WITH_KNOTS('',1,(#2103,#2104),.UNSPECIFIED.,.F.,
  .F.,(2,2),(-53.6,-2.),.PIECEWISE_BEZIER_KNOTS.);
#2103 = CARTESIAN_POINT('',(6.025,-53.2));
#2104 = CARTESIAN_POINT('',(6.025,-1.6));
#2105 = ( GEOMETRIC_REPRESENTATION_CONTEXT(2) 
PARAMETRIC_REPRESENTATION_CONTEXT() REPRESENTATION_CONTEXT('2D SPACE',''
  ) );
#2106 = PCURVE('',#1893,#2107);
#2107 = DEFINITIONAL_REPRESENTATION('',(#2108),#2111);
#2108 = B_SPLINE_CURVE_WITH_KNOTS('',1,(#2109,#2110),.UNSPECIFIED.,.F.,
  .F.,(2,2),(-53.6,-2.),.PIECEWISE_BEZIER_KNOTS.);
#2109 = CARTESIAN_POINT('',(107.6,54.));
#2110 = CARTESIAN_POINT('',(107.6,2.4));
#2111 = ( GEOMETRIC_REPRESENTATION_CONTEXT(2) 
PARAMETRIC_REPRESENTATION_CONTEXT() REPRESENTATION_CONTEXT('2D SPACE',''
  ) );
#2112 = ADVANCED_FACE('',(#2113),#600,.T.);
#2113 = FACE_BOUND('',#2114,.T.);
#2114 = EDGE_LOOP('',(#2115,#2140,#2164,#2187,#2211,#2232,#2254,#2255,
    #2256,#2257,#2281,#2302));
#2115 = ORIENTED_EDGE('',*,*,#2116,.F.);
#2116 = EDGE_CURVE('',#2117,#2119,#2121,.T.);
#2117 = VERTEX_POINT('',#2118);
#2118 = CARTESIAN_POINT('',(55.,21.,0.));
#2119 = VERTEX_POINT('',#2120);
#2120 = CARTESIAN_POINT('',(55.,21.,8.525));
#2121 = SURFACE_CURVE('',#2122,(#2126,#2133),.PCURVE_S1.);
#2122 = LINE('',#2123,#2124);
#2123 = CARTESIAN_POINT('',(55.,21.,0.));
#2124 = VECTOR('',#2125,1.);
#2125 = DIRECTION('',(0.,0.,1.));
#2126 = PCURVE('',#600,#2127);
#2127 = DEFINITIONAL_REPRESENTATION('',(#2128),#2132);
#2128 = LINE('',#2129,#2130);
#2129 = CARTESIAN_POINT('',(0.,0.));
#2130 = VECTOR('',#2131,1.);
#2131 = DIRECTION('',(0.,1.));
#2132 = ( GEOMETRIC_REPRESENTATION_CONTEXT(2) 
PARAMETRIC_REPRESENTATION_CONTEXT() REPRESENTATION_CONTEXT('2D SPACE',''
  ) );
#2133 = PCURVE('',#1809,#2134);
#2134 = DEFINITIONAL_REPRESENTATION('',(#2135),#2139);
#2135 = LINE('',#2136,#2137);
#2136 = CARTESIAN_POINT('',(50.,0.));
#2137 = VECTOR('',#2138,1.);
#2138 = DIRECTION('',(0.,-1.));
#2139 = ( GEOMETRIC_REPRESENTATION_CONTEXT(2) 
PARAMETRIC_REPRESENTATION_CONTEXT() REPRESENTATION_CONTEXT('2D SPACE',''
  ) );
#2140 = ORIENTED_EDGE('',*,*,#2141,.T.);
#2141 = EDGE_CURVE('',#2117,#2142,#2144,.T.);
#2142 = VERTEX_POINT('',#2143);
#2143 = CARTESIAN_POINT('',(47.,29.,0.));
#2144 = SURFACE_CURVE('',#2145,(#2150,#2157),.PCURVE_S1.);
#2145 = CIRCLE('',#2146,8.);
#2146 = AXIS2_PLACEMENT_3D('',#2147,#2148,#2149);
#2147 = CARTESIAN_POINT('',(47.,21.,0.));
#2148 = DIRECTION('',(0.,0.,1.));
#2149 = DIRECTION('',(0.,-1.,0.));
#2150 = PCURVE('',#600,#2151);
#2151 = DEFINITIONAL_REPRESENTATION('',(#2152),#2156);
#2152 = LINE('',#2153,#2154);
#2153 = CARTESIAN_POINT('',(-1.570796326795,0.));
#2154 = VECTOR('',#2155,1.);
#2155 = DIRECTION('',(1.,0.));
#2156 = ( GEOMETRIC_REPRESENTATION_CONTEXT(2) 
PARAMETRIC_REPRESENTATION_CONTEXT() REPRESENTATION_CONTEXT('2D SPACE',''
  ) );
#2157 = PCURVE('',#1098,#2158);
#2158 = DEFINITIONAL_REPRESENTATION('',(#2159),#2163);
#2159 = CIRCLE('',#2160,8.);
#2160 = AXIS2_PLACEMENT_2D('',#2161,#2162);
#2161 = CARTESIAN_POINT('',(47.,21.));
#2162 = DIRECTION('',(0.,-1.));
#2163 = ( GEOMETRIC_REPRESENTATION_CONTEXT(2) 
PARAMETRIC_REPRESENTATION_CONTEXT() REPRESENTATION_CONTEXT('2D SPACE',''
  ) );
#2164 = ORIENTED_EDGE('',*,*,#2165,.T.);
#2165 = EDGE_CURVE('',#2142,#2166,#2168,.T.);
#2166 = VERTEX_POINT('',#2167);
#2167 = CARTESIAN_POINT('',(47.,29.,8.525));
#2168 = SURFACE_CURVE('',#2169,(#2173,#2180),.PCURVE_S1.);
#2169 = LINE('',#2170,#2171);
#2170 = CARTESIAN_POINT('',(47.,29.,0.));
#2171 = VECTOR('',#2172,1.);
#2172 = DIRECTION('',(0.,0.,1.));
#2173 = PCURVE('',#600,#2174);
#2174 = DEFINITIONAL_REPRESENTATION('',(#2175),#2179);
#2175 = LINE('',#2176,#2177);
#2176 = CARTESIAN_POINT('',(1.570796326795,0.));
#2177 = VECTOR('',#2178,1.);
#2178 = DIRECTION('',(0.,1.));
#2179 = ( GEOMETRIC_REPRESENTATION_CONTEXT(2) 
PARAMETRIC_REPRESENTATION_CONTEXT() REPRESENTATION_CONTEXT('2D SPACE',''
  ) );
#2180 = PCURVE('',#1392,#2181);
#2181 = DEFINITIONAL_REPRESENTATION('',(#2182),#2186);
#2182 = LINE('',#2183,#2184);
#2183 = CARTESIAN_POINT('',(102.,0.));
#2184 = VECTOR('',#2185,1.);
#2185 = DIRECTION('',(0.,-1.));
#2186 = ( GEOMETRIC_REPRESENTATION_CONTEXT(2) 
PARAMETRIC_REPRESENTATION_CONTEXT() REPRESENTATION_CONTEXT('2D SPACE',''
  ) );
#2187 = ORIENTED_EDGE('',*,*,#2188,.F.);
#2188 = EDGE_CURVE('',#2189,#2166,#2191,.T.);
#2189 = VERTEX_POINT('',#2190);
#2190 = CARTESIAN_POINT('',(50.487119154832,28.2,8.525));
#2191 = SURFACE_CURVE('',#2192,(#2197,#2204),.PCURVE_S1.);
#2192 = CIRCLE('',#2193,8.);
#2193 = AXIS2_PLACEMENT_3D('',#2194,#2195,#2196);
#2194 = CARTESIAN_POINT('',(47.,21.,8.525));
#2195 = DIRECTION('',(0.,0.,1.));
#2196 = DIRECTION('',(0.,-1.,0.));
#2197 = PCURVE('',#600,#2198);
#2198 = DEFINITIONAL_REPRESENTATION('',(#2199),#2203);
#2199 = LINE('',#2200,#2201);
#2200 = CARTESIAN_POINT('',(-1.570796326795,8.525));
#2201 = VECTOR('',#2202,1.);
#2202 = DIRECTION('',(1.,0.));
#2203 = ( GEOMETRIC_REPRESENTATION_CONTEXT(2) 
PARAMETRIC_REPRESENTATION_CONTEXT() REPRESENTATION_CONTEXT('2D SPACE',''
  ) );
#2204 = PCURVE('',#1421,#2205);
#2205 = DEFINITIONAL_REPRESENTATION('',(#2206),#2210);
#2206 = CIRCLE('',#2207,8.);
#2207 = AXIS2_PLACEMENT_2D('',#2208,#2209);
#2208 = CARTESIAN_POINT('',(47.,21.));
#2209 = DIRECTION('',(0.,-1.));
#2210 = ( GEOMETRIC_REPRESENTATION_CONTEXT(2) 
PARAMETRIC_REPRESENTATION_CONTEXT() REPRESENTATION_CONTEXT('2D SPACE',''
  ) );
#2211 = ORIENTED_EDGE('',*,*,#2212,.F.);
#2212 = EDGE_CURVE('',#2213,#2189,#2215,.T.);
#2213 = VERTEX_POINT('',#2214);
#2214 = CARTESIAN_POINT('',(50.487119154833,28.2,7.625));
#2215 = SURFACE_CURVE('',#2216,(#2220,#2226),.PCURVE_S1.);
#2216 = LINE('',#2217,#2218);
#2217 = CARTESIAN_POINT('',(50.487119154833,28.2,0.));
#2218 = VECTOR('',#2219,1.);
#2219 = DIRECTION('',(0.,0.,1.));
#2220 = PCURVE('',#600,#2221);
#2221 = DEFINITIONAL_REPRESENTATION('',(#2222),#2225);
#2222 = B_SPLINE_CURVE_WITH_KNOTS('',1,(#2223,#2224),.UNSPECIFIED.,.F.,
  .F.,(2,2),(7.535,8.5250006),.PIECEWISE_BEZIER_KNOTS.);
#2223 = CARTESIAN_POINT('',(1.119769514999,7.535));
#2224 = CARTESIAN_POINT('',(1.119769514999,8.5250006));
#2225 = ( GEOMETRIC_REPRESENTATION_CONTEXT(2) 
PARAMETRIC_REPRESENTATION_CONTEXT() REPRESENTATION_CONTEXT('2D SPACE',''
  ) );
#2226 = PCURVE('',#1452,#2227);
#2227 = DEFINITIONAL_REPRESENTATION('',(#2228),#2231);
#2228 = B_SPLINE_CURVE_WITH_KNOTS('',1,(#2229,#2230),.UNSPECIFIED.,.F.,
  .F.,(2,2),(7.535,8.5250006),.PIECEWISE_BEZIER_KNOTS.);
#2229 = CARTESIAN_POINT('',(-9.E-02,104.68711915483));
#2230 = CARTESIAN_POINT('',(0.9000006,104.68711915483));
#2231 = ( GEOMETRIC_REPRESENTATION_CONTEXT(2) 
PARAMETRIC_REPRESENTATION_CONTEXT() REPRESENTATION_CONTEXT('2D SPACE',''
  ) );
#2232 = ORIENTED_EDGE('',*,*,#2233,.F.);
#2233 = EDGE_CURVE('',#1635,#2213,#2234,.T.);
#2234 = SURFACE_CURVE('',#2235,(#2240,#2247),.PCURVE_S1.);
#2235 = CIRCLE('',#2236,8.);
#2236 = AXIS2_PLACEMENT_3D('',#2237,#2238,#2239);
#2237 = CARTESIAN_POINT('',(47.,21.,7.625));
#2238 = DIRECTION('',(0.,0.,1.));
#2239 = DIRECTION('',(1.,0.,-0.));
#2240 = PCURVE('',#600,#2241);
#2241 = DEFINITIONAL_REPRESENTATION('',(#2242),#2246);
#2242 = LINE('',#2243,#2244);
#2243 = CARTESIAN_POINT('',(0.,7.625));
#2244 = VECTOR('',#2245,1.);
#2245 = DIRECTION('',(1.,0.));
#2246 = ( GEOMETRIC_REPRESENTATION_CONTEXT(2) 
PARAMETRIC_REPRESENTATION_CONTEXT() REPRESENTATION_CONTEXT('2D SPACE',''
  ) );
#2247 = PCURVE('',#1480,#2248);
#2248 = DEFINITIONAL_REPRESENTATION('',(#2249),#2253);
#2249 = CIRCLE('',#2250,8.);
#2250 = AXIS2_PLACEMENT_2D('',#2251,#2252);
#2251 = CARTESIAN_POINT('',(101.2,49.2));
#2252 = DIRECTION('',(1.,0.));
#2253 = ( GEOMETRIC_REPRESENTATION_CONTEXT(2) 
PARAMETRIC_REPRESENTATION_CONTEXT() REPRESENTATION_CONTEXT('2D SPACE',''
  ) );
#2254 = ORIENTED_EDGE('',*,*,#1655,.F.);
#2255 = ORIENTED_EDGE('',*,*,#583,.F.);
#2256 = ORIENTED_EDGE('',*,*,#2073,.T.);
#2257 = ORIENTED_EDGE('',*,*,#2258,.F.);
#2258 = EDGE_CURVE('',#2259,#2074,#2261,.T.);
#2259 = VERTEX_POINT('',#2260);
#2260 = CARTESIAN_POINT('',(54.2,24.487119154833,7.625));
#2261 = SURFACE_CURVE('',#2262,(#2267,#2274),.PCURVE_S1.);
#2262 = CIRCLE('',#2263,8.);
#2263 = AXIS2_PLACEMENT_3D('',#2264,#2265,#2266);
#2264 = CARTESIAN_POINT('',(47.,21.,7.625));
#2265 = DIRECTION('',(0.,0.,1.));
#2266 = DIRECTION('',(1.,0.,-0.));
#2267 = PCURVE('',#600,#2268);
#2268 = DEFINITIONAL_REPRESENTATION('',(#2269),#2273);
#2269 = LINE('',#2270,#2271);
#2270 = CARTESIAN_POINT('',(0.,7.625));
#2271 = VECTOR('',#2272,1.);
#2272 = DIRECTION('',(1.,0.));
#2273 = ( GEOMETRIC_REPRESENTATION_CONTEXT(2) 
PARAMETRIC_REPRESENTATION_CONTEXT() REPRESENTATION_CONTEXT('2D SPACE',''
  ) );
#2274 = PCURVE('',#1893,#2275);
#2275 = DEFINITIONAL_REPRESENTATION('',(#2276),#2280);
#2276 = CIRCLE('',#2277,8.);
#2277 = AXIS2_PLACEMENT_2D('',#2278,#2279);
#2278 = CARTESIAN_POINT('',(101.2,49.2));
#2279 = DIRECTION('',(1.,0.));
#2280 = ( GEOMETRIC_REPRESENTATION_CONTEXT(2) 
PARAMETRIC_REPRESENTATION_CONTEXT() REPRESENTATION_CONTEXT('2D SPACE',''
  ) );
#2281 = ORIENTED_EDGE('',*,*,#2282,.T.);
#2282 = EDGE_CURVE('',#2259,#2283,#2285,.T.);
#2283 = VERTEX_POINT('',#2284);
#2284 = CARTESIAN_POINT('',(54.2,24.487119154832,8.525));
#2285 = SURFACE_CURVE('',#2286,(#2290,#2296),.PCURVE_S1.);
#2286 = LINE('',#2287,#2288);
#2287 = CARTESIAN_POINT('',(54.2,24.487119154833,0.));
#2288 = VECTOR('',#2289,1.);
#2289 = DIRECTION('',(0.,0.,1.));
#2290 = PCURVE('',#600,#2291);
#2291 = DEFINITIONAL_REPRESENTATION('',(#2292),#2295);
#2292 = B_SPLINE_CURVE_WITH_KNOTS('',1,(#2293,#2294),.UNSPECIFIED.,.F.,
  .F.,(2,2),(7.535,8.5250006),.PIECEWISE_BEZIER_KNOTS.);
#2293 = CARTESIAN_POINT('',(0.451026811796,7.535));
#2294 = CARTESIAN_POINT('',(0.451026811796,8.5250006));
#2295 = ( GEOMETRIC_REPRESENTATION_CONTEXT(2) 
PARAMETRIC_REPRESENTATION_CONTEXT() REPRESENTATION_CONTEXT('2D SPACE',''
  ) );
#2296 = PCURVE('',#1865,#2297);
#2297 = DEFINITIONAL_REPRESENTATION('',(#2298),#2301);
#2298 = B_SPLINE_CURVE_WITH_KNOTS('',1,(#2299,#2300),.UNSPECIFIED.,.F.,
  .F.,(2,2),(7.535,8.5250006),.PIECEWISE_BEZIER_KNOTS.);
#2299 = CARTESIAN_POINT('',(-9.E-02,-52.68711915483));
#2300 = CARTESIAN_POINT('',(0.9000006,-52.68711915483));
#2301 = ( GEOMETRIC_REPRESENTATION_CONTEXT(2) 
PARAMETRIC_REPRESENTATION_CONTEXT() REPRESENTATION_CONTEXT('2D SPACE',''
  ) );
#2302 = ORIENTED_EDGE('',*,*,#2303,.F.);
#2303 = EDGE_CURVE('',#2119,#2283,#2304,.T.);
#2304 = SURFACE_CURVE('',#2305,(#2310,#2317),.PCURVE_S1.);
#2305 = CIRCLE('',#2306,8.);
#2306 = AXIS2_PLACEMENT_3D('',#2307,#2308,#2309);
#2307 = CARTESIAN_POINT('',(47.,21.,8.525));
#2308 = DIRECTION('',(0.,0.,1.));
#2309 = DIRECTION('',(0.,-1.,0.));
#2310 = PCURVE('',#600,#2311);
#2311 = DEFINITIONAL_REPRESENTATION('',(#2312),#2316);
#2312 = LINE('',#2313,#2314);
#2313 = CARTESIAN_POINT('',(-1.570796326795,8.525));
#2314 = VECTOR('',#2315,1.);
#2315 = DIRECTION('',(1.,0.));
#2316 = ( GEOMETRIC_REPRESENTATION_CONTEXT(2) 
PARAMETRIC_REPRESENTATION_CONTEXT() REPRESENTATION_CONTEXT('2D SPACE',''
  ) );
#2317 = PCURVE('',#1838,#2318);
#2318 = DEFINITIONAL_REPRESENTATION('',(#2319),#2323);
#2319 = CIRCLE('',#2320,8.);
#2320 = AXIS2_PLACEMENT_2D('',#2321,#2322);
#2321 = CARTESIAN_POINT('',(47.,21.));
#2322 = DIRECTION('',(0.,-1.));
#2323 = ( GEOMETRIC_REPRESENTATION_CONTEXT(2) 
PARAMETRIC_REPRESENTATION_CONTEXT() REPRESENTATION_CONTEXT('2D SPACE',''
  ) );
#2324 = ADVANCED_FACE('',(#2325),#762,.T.);
#2325 = FACE_BOUND('',#2326,.T.);
#2326 = EDGE_LOOP('',(#2327,#2350,#2377,#2378));
#2327 = ORIENTED_EDGE('',*,*,#2328,.T.);
#2328 = EDGE_CURVE('',#746,#2329,#2331,.T.);
#2329 = VERTEX_POINT('',#2330);
#2330 = CARTESIAN_POINT('',(-45.6,-22.,4.1625));
#2331 = SEAM_CURVE('',#2332,(#2336,#2343),.PCURVE_S1.);
#2332 = LINE('',#2333,#2334);
#2333 = CARTESIAN_POINT('',(-45.6,-22.,-4.1625));
#2334 = VECTOR('',#2335,1.);
#2335 = DIRECTION('',(0.,0.,1.));
#2336 = PCURVE('',#762,#2337);
#2337 = DEFINITIONAL_REPRESENTATION('',(#2338),#2342);
#2338 = LINE('',#2339,#2340);
#2339 = CARTESIAN_POINT('',(6.28318530718,-0.));
#2340 = VECTOR('',#2341,1.);
#2341 = DIRECTION('',(0.,1.));
#2342 = ( GEOMETRIC_REPRESENTATION_CONTEXT(2) 
PARAMETRIC_REPRESENTATION_CONTEXT() REPRESENTATION_CONTEXT('2D SPACE',''
  ) );
#2343 = PCURVE('',#762,#2344);
#2344 = DEFINITIONAL_REPRESENTATION('',(#2345),#2349);
#2345 = LINE('',#2346,#2347);
#2346 = CARTESIAN_POINT('',(0.,-0.));
#2347 = VECTOR('',#2348,1.);
#2348 = DIRECTION('',(0.,1.));
#2349 = ( GEOMETRIC_REPRESENTATION_CONTEXT(2) 
PARAMETRIC_REPRESENTATION_CONTEXT() REPRESENTATION_CONTEXT('2D SPACE',''
  ) );
#2350 = ORIENTED_EDGE('',*,*,#2351,.F.);
#2351 = EDGE_CURVE('',#2329,#2329,#2352,.T.);
#2352 = SURFACE_CURVE('',#2353,(#2358,#2365),.PCURVE_S1.);
#2353 = CIRCLE('',#2354,2.4);
#2354 = AXIS2_PLACEMENT_3D('',#2355,#2356,#2357);
#2355 = CARTESIAN_POINT('',(-48.,-22.,4.1625));
#2356 = DIRECTION('',(0.,0.,1.));
#2357 = DIRECTION('',(1.,0.,0.));
#2358 = PCURVE('',#762,#2359);
#2359 = DEFINITIONAL_REPRESENTATION('',(#2360),#2364);
#2360 = LINE('',#2361,#2362);
#2361 = CARTESIAN_POINT('',(0.,8.325));
#2362 = VECTOR('',#2363,1.);
#2363 = DIRECTION('',(1.,0.));
#2364 = ( GEOMETRIC_REPRESENTATION_CONTEXT(2) 
PARAMETRIC_REPRESENTATION_CONTEXT() REPRESENTATION_CONTEXT('2D SPACE',''
  ) );
#2365 = PCURVE('',#2366,#2371);
#2366 = PLANE('',#2367);
#2367 = AXIS2_PLACEMENT_3D('',#2368,#2369,#2370);
#2368 = CARTESIAN_POINT('',(-48.,-22.,4.1625));
#2369 = DIRECTION('',(0.,0.,1.));
#2370 = DIRECTION('',(1.,0.,0.));
#2371 = DEFINITIONAL_REPRESENTATION('',(#2372),#2376);
#2372 = CIRCLE('',#2373,2.4);
#2373 = AXIS2_PLACEMENT_2D('',#2374,#2375);
#2374 = CARTESIAN_POINT('',(0.,0.));
#2375 = DIRECTION('',(1.,0.));
#2376 = ( GEOMETRIC_REPRESENTATION_CONTEXT(2) 
PARAMETRIC_REPRESENTATION_CONTEXT() REPRESENTATION_CONTEXT('2D SPACE',''
  ) );
#2377 = ORIENTED_EDGE('',*,*,#2328,.F.);
#2378 = ORIENTED_EDGE('',*,*,#745,.T.);
#2379 = ADVANCED_FACE('',(#2380),#793,.T.);
#2380 = FACE_BOUND('',#2381,.T.);
#2381 = EDGE_LOOP('',(#2382,#2405,#2432,#2433));
#2382 = ORIENTED_EDGE('',*,*,#2383,.T.);
#2383 = EDGE_CURVE('',#777,#2384,#2386,.T.);
#2384 = VERTEX_POINT('',#2385);
#2385 = CARTESIAN_POINT('',(50.4,-22.,4.1625));
#2386 = SEAM_CURVE('',#2387,(#2391,#2398),.PCURVE_S1.);
#2387 = LINE('',#2388,#2389);
#2388 = CARTESIAN_POINT('',(50.4,-22.,-4.1625));
#2389 = VECTOR('',#2390,1.);
#2390 = DIRECTION('',(0.,0.,1.));
#2391 = PCURVE('',#793,#2392);
#2392 = DEFINITIONAL_REPRESENTATION('',(#2393),#2397);
#2393 = LINE('',#2394,#2395);
#2394 = CARTESIAN_POINT('',(6.28318530718,-0.));
#2395 = VECTOR('',#2396,1.);
#2396 = DIRECTION('',(0.,1.));
#2397 = ( GEOMETRIC_REPRESENTATION_CONTEXT(2) 
PARAMETRIC_REPRESENTATION_CONTEXT() REPRESENTATION_CONTEXT('2D SPACE',''
  ) );
#2398 = PCURVE('',#793,#2399);
#2399 = DEFINITIONAL_REPRESENTATION('',(#2400),#2404);
#2400 = LINE('',#2401,#2402);
#2401 = CARTESIAN_POINT('',(0.,-0.));
#2402 = VECTOR('',#2403,1.);
#2403 = DIRECTION('',(0.,1.));
#2404 = ( GEOMETRIC_REPRESENTATION_CONTEXT(2) 
PARAMETRIC_REPRESENTATION_CONTEXT() REPRESENTATION_CONTEXT('2D SPACE',''
  ) );
#2405 = ORIENTED_EDGE('',*,*,#2406,.F.);
#2406 = EDGE_CURVE('',#2384,#2384,#2407,.T.);
#2407 = SURFACE_CURVE('',#2408,(#2413,#2420),.PCURVE_S1.);
#2408 = CIRCLE('',#2409,2.4);
#2409 = AXIS2_PLACEMENT_3D('',#2410,#2411,#2412);
#2410 = CARTESIAN_POINT('',(48.,-22.,4.1625));
#2411 = DIRECTION('',(0.,0.,1.));
#2412 = DIRECTION('',(1.,0.,0.));
#2413 = PCURVE('',#793,#2414);
#2414 = DEFINITIONAL_REPRESENTATION('',(#2415),#2419);
#2415 = LINE('',#2416,#2417);
#2416 = CARTESIAN_POINT('',(0.,8.325));
#2417 = VECTOR('',#2418,1.);
#2418 = DIRECTION('',(1.,0.));
#2419 = ( GEOMETRIC_REPRESENTATION_CONTEXT(2) 
PARAMETRIC_REPRESENTATION_CONTEXT() REPRESENTATION_CONTEXT('2D SPACE',''
  ) );
#2420 = PCURVE('',#2421,#2426);
#2421 = PLANE('',#2422);
#2422 = AXIS2_PLACEMENT_3D('',#2423,#2424,#2425);
#2423 = CARTESIAN_POINT('',(48.,-22.,4.1625));
#2424 = DIRECTION('',(0.,0.,1.));
#2425 = DIRECTION('',(1.,0.,0.));
#2426 = DEFINITIONAL_REPRESENTATION('',(#2427),#2431);
#2427 = CIRCLE('',#2428,2.4);
#2428 = AXIS2_PLACEMENT_2D('',#2429,#2430);
#2429 = CARTESIAN_POINT('',(0.,0.));
#2430 = DIRECTION('',(1.,0.));
#2431 = ( GEOMETRIC_REPRESENTATION_CONTEXT(2) 
PARAMETRIC_REPRESENTATION_CONTEXT() REPRESENTATION_CONTEXT('2D SPACE',''
  ) );
#2432 = ORIENTED_EDGE('',*,*,#2383,.F.);
#2433 = ORIENTED_EDGE('',*,*,#776,.T.);
#2434 = ADVANCED_FACE('',(#2435),#824,.T.);
#2435 = FACE_BOUND('',#2436,.T.);
#2436 = EDGE_LOOP('',(#2437,#2460,#2487,#2488));
#2437 = ORIENTED_EDGE('',*,*,#2438,.T.);
#2438 = EDGE_CURVE('',#808,#2439,#2441,.T.);
#2439 = VERTEX_POINT('',#2440);
#2440 = CARTESIAN_POINT('',(-45.6,22.,4.1625));
#2441 = SEAM_CURVE('',#2442,(#2446,#2453),.PCURVE_S1.);
#2442 = LINE('',#2443,#2444);
#2443 = CARTESIAN_POINT('',(-45.6,22.,-4.1625));
#2444 = VECTOR('',#2445,1.);
#2445 = DIRECTION('',(0.,0.,1.));
#2446 = PCURVE('',#824,#2447);
#2447 = DEFINITIONAL_REPRESENTATION('',(#2448),#2452);
#2448 = LINE('',#2449,#2450);
#2449 = CARTESIAN_POINT('',(6.28318530718,-0.));
#2450 = VECTOR('',#2451,1.);
#2451 = DIRECTION('',(0.,1.));
#2452 = ( GEOMETRIC_REPRESENTATION_CONTEXT(2) 
PARAMETRIC_REPRESENTATION_CONTEXT() REPRESENTATION_CONTEXT('2D SPACE',''
  ) );
#2453 = PCURVE('',#824,#2454);
#2454 = DEFINITIONAL_REPRESENTATION('',(#2455),#2459);
#2455 = LINE('',#2456,#2457);
#2456 = CARTESIAN_POINT('',(0.,-0.));
#2457 = VECTOR('',#2458,1.);
#2458 = DIRECTION('',(0.,1.));
#2459 = ( GEOMETRIC_REPRESENTATION_CONTEXT(2) 
PARAMETRIC_REPRESENTATION_CONTEXT() REPRESENTATION_CONTEXT('2D SPACE',''
  ) );
#2460 = ORIENTED_EDGE('',*,*,#2461,.F.);
#2461 = EDGE_CURVE('',#2439,#2439,#2462,.T.);
#2462 = SURFACE_CURVE('',#2463,(#2468,#2475),.PCURVE_S1.);
#2463 = CIRCLE('',#2464,2.4);
#2464 = AXIS2_PLACEMENT_3D('',#2465,#2466,#2467);
#2465 = CARTESIAN_POINT('',(-48.,22.,4.1625));
#2466 = DIRECTION('',(0.,0.,1.));
#2467 = DIRECTION('',(1.,0.,0.));
#2468 = PCURVE('',#824,#2469);
#2469 = DEFINITIONAL_REPRESENTATION('',(#2470),#2474);
#2470 = LINE('',#2471,#2472);
#2471 = CARTESIAN_POINT('',(0.,8.325));
#2472 = VECTOR('',#2473,1.);
#2473 = DIRECTION('',(1.,0.));
#2474 = ( GEOMETRIC_REPRESENTATION_CONTEXT(2) 
PARAMETRIC_REPRESENTATION_CONTEXT() REPRESENTATION_CONTEXT('2D SPACE',''
  ) );
#2475 = PCURVE('',#2476,#2481);
#2476 = PLANE('',#2477);
#2477 = AXIS2_PLACEMENT_3D('',#2478,#2479,#2480);
#2478 = CARTESIAN_POINT('',(-48.,22.,4.1625));
#2479 = DIRECTION('',(0.,0.,1.));
#2480 = DIRECTION('',(1.,0.,0.));
#2481 = DEFINITIONAL_REPRESENTATION('',(#2482),#2486);
#2482 = CIRCLE('',#2483,2.4);
#2483 = AXIS2_PLACEMENT_2D('',#2484,#2485);
#2484 = CARTESIAN_POINT('',(0.,0.));
#2485 = DIRECTION('',(1.,0.));
#2486 = ( GEOMETRIC_REPRESENTATION_CONTEXT(2) 
PARAMETRIC_REPRESENTATION_CONTEXT() REPRESENTATION_CONTEXT('2D SPACE',''
  ) );
#2487 = ORIENTED_EDGE('',*,*,#2438,.F.);
#2488 = ORIENTED_EDGE('',*,*,#807,.T.);
#2489 = ADVANCED_FACE('',(#2490),#862,.F.);
#2490 = FACE_BOUND('',#2491,.F.);
#2491 = EDGE_LOOP('',(#2492,#2493,#2516,#2543));
#2492 = ORIENTED_EDGE('',*,*,#845,.F.);
#2493 = ORIENTED_EDGE('',*,*,#2494,.F.);
#2494 = EDGE_CURVE('',#2495,#846,#2497,.T.);
#2495 = VERTEX_POINT('',#2496);
#2496 = CARTESIAN_POINT('',(48.9,22.,-4.1625));
#2497 = SEAM_CURVE('',#2498,(#2502,#2509),.PCURVE_S1.);
#2498 = LINE('',#2499,#2500);
#2499 = CARTESIAN_POINT('',(48.9,22.,-4.2625));
#2500 = VECTOR('',#2501,1.);
#2501 = DIRECTION('',(0.,0.,1.));
#2502 = PCURVE('',#862,#2503);
#2503 = DEFINITIONAL_REPRESENTATION('',(#2504),#2508);
#2504 = LINE('',#2505,#2506);
#2505 = CARTESIAN_POINT('',(6.28318530718,-0.));
#2506 = VECTOR('',#2507,1.);
#2507 = DIRECTION('',(0.,1.));
#2508 = ( GEOMETRIC_REPRESENTATION_CONTEXT(2) 
PARAMETRIC_REPRESENTATION_CONTEXT() REPRESENTATION_CONTEXT('2D SPACE',''
  ) );
#2509 = PCURVE('',#862,#2510);
#2510 = DEFINITIONAL_REPRESENTATION('',(#2511),#2515);
#2511 = LINE('',#2512,#2513);
#2512 = CARTESIAN_POINT('',(0.,-0.));
#2513 = VECTOR('',#2514,1.);
#2514 = DIRECTION('',(0.,1.));
#2515 = ( GEOMETRIC_REPRESENTATION_CONTEXT(2) 
PARAMETRIC_REPRESENTATION_CONTEXT() REPRESENTATION_CONTEXT('2D SPACE',''
  ) );
#2516 = ORIENTED_EDGE('',*,*,#2517,.T.);
#2517 = EDGE_CURVE('',#2495,#2495,#2518,.T.);
#2518 = SURFACE_CURVE('',#2519,(#2524,#2531),.PCURVE_S1.);
#2519 = CIRCLE('',#2520,0.9);
#2520 = AXIS2_PLACEMENT_3D('',#2521,#2522,#2523);
#2521 = CARTESIAN_POINT('',(48.,22.,-4.1625));
#2522 = DIRECTION('',(0.,0.,1.));
#2523 = DIRECTION('',(1.,0.,-0.));
#2524 = PCURVE('',#862,#2525);
#2525 = DEFINITIONAL_REPRESENTATION('',(#2526),#2530);
#2526 = LINE('',#2527,#2528);
#2527 = CARTESIAN_POINT('',(0.,1.E-01));
#2528 = VECTOR('',#2529,1.);
#2529 = DIRECTION('',(1.,0.));
#2530 = ( GEOMETRIC_REPRESENTATION_CONTEXT(2) 
PARAMETRIC_REPRESENTATION_CONTEXT() REPRESENTATION_CONTEXT('2D SPACE',''
  ) );
#2531 = PCURVE('',#2532,#2537);
#2532 = PLANE('',#2533);
#2533 = AXIS2_PLACEMENT_3D('',#2534,#2535,#2536);
#2534 = CARTESIAN_POINT('',(48.,22.,-4.1625));
#2535 = DIRECTION('',(0.,0.,1.));
#2536 = DIRECTION('',(1.,0.,0.));
#2537 = DEFINITIONAL_REPRESENTATION('',(#2538),#2542);
#2538 = CIRCLE('',#2539,0.9);
#2539 = AXIS2_PLACEMENT_2D('',#2540,#2541);
#2540 = CARTESIAN_POINT('',(0.,0.));
#2541 = DIRECTION('',(1.,0.));
#2542 = ( GEOMETRIC_REPRESENTATION_CONTEXT(2) 
PARAMETRIC_REPRESENTATION_CONTEXT() REPRESENTATION_CONTEXT('2D SPACE',''
  ) );
#2543 = ORIENTED_EDGE('',*,*,#2494,.T.);
#2544 = ADVANCED_FACE('',(#2545),#1037,.T.);
#2545 = FACE_BOUND('',#2546,.T.);
#2546 = EDGE_LOOP('',(#2547,#2570,#2571,#2572));
#2547 = ORIENTED_EDGE('',*,*,#2548,.F.);
#2548 = EDGE_CURVE('',#1244,#2549,#2551,.T.);
#2549 = VERTEX_POINT('',#2550);
#2550 = CARTESIAN_POINT('',(-54.2,-4.6,7.625));
#2551 = SURFACE_CURVE('',#2552,(#2556,#2563),.PCURVE_S1.);
#2552 = LINE('',#2553,#2554);
#2553 = CARTESIAN_POINT('',(-54.2,-28.2,7.625));
#2554 = VECTOR('',#2555,1.);
#2555 = DIRECTION('',(0.,1.,0.));
#2556 = PCURVE('',#1037,#2557);
#2557 = DEFINITIONAL_REPRESENTATION('',(#2558),#2562);
#2558 = LINE('',#2559,#2560);
#2559 = CARTESIAN_POINT('',(0.,0.));
#2560 = VECTOR('',#2561,1.);
#2561 = DIRECTION('',(0.,1.));
#2562 = ( GEOMETRIC_REPRESENTATION_CONTEXT(2) 
PARAMETRIC_REPRESENTATION_CONTEXT() REPRESENTATION_CONTEXT('2D SPACE',''
  ) );
#2563 = PCURVE('',#1282,#2564);
#2564 = DEFINITIONAL_REPRESENTATION('',(#2565),#2569);
#2565 = LINE('',#2566,#2567);
#2566 = CARTESIAN_POINT('',(0.,0.));
#2567 = VECTOR('',#2568,1.);
#2568 = DIRECTION('',(0.,-1.));
#2569 = ( GEOMETRIC_REPRESENTATION_CONTEXT(2) 
PARAMETRIC_REPRESENTATION_CONTEXT() REPRESENTATION_CONTEXT('2D SPACE',''
  ) );
#2570 = ORIENTED_EDGE('',*,*,#1243,.T.);
#2571 = ORIENTED_EDGE('',*,*,#1024,.F.);
#2572 = ORIENTED_EDGE('',*,*,#2573,.F.);
#2573 = EDGE_CURVE('',#2549,#999,#2574,.T.);
#2574 = SURFACE_CURVE('',#2575,(#2579,#2585),.PCURVE_S1.);
#2575 = LINE('',#2576,#2577);
#2576 = CARTESIAN_POINT('',(-56.475,-4.6,7.625));
#2577 = VECTOR('',#2578,1.);
#2578 = DIRECTION('',(1.,0.,0.));
#2579 = PCURVE('',#1037,#2580);
#2580 = DEFINITIONAL_REPRESENTATION('',(#2581),#2584);
#2581 = B_SPLINE_CURVE_WITH_KNOTS('',1,(#2582,#2583),.UNSPECIFIED.,.F.,
  .F.,(2,2),(2.275,3.075),.PIECEWISE_BEZIER_KNOTS.);
#2582 = CARTESIAN_POINT('',(0.,23.6));
#2583 = CARTESIAN_POINT('',(0.8,23.6));
#2584 = ( GEOMETRIC_REPRESENTATION_CONTEXT(2) 
PARAMETRIC_REPRESENTATION_CONTEXT() REPRESENTATION_CONTEXT('2D SPACE',''
  ) );
#2585 = PCURVE('',#1013,#2586);
#2586 = DEFINITIONAL_REPRESENTATION('',(#2587),#2590);
#2587 = B_SPLINE_CURVE_WITH_KNOTS('',1,(#2588,#2589),.UNSPECIFIED.,.F.,
  .F.,(2,2),(2.275,3.075),.PIECEWISE_BEZIER_KNOTS.);
#2588 = CARTESIAN_POINT('',(3.225,4.55));
#2589 = CARTESIAN_POINT('',(3.225,5.35));
#2590 = ( GEOMETRIC_REPRESENTATION_CONTEXT(2) 
PARAMETRIC_REPRESENTATION_CONTEXT() REPRESENTATION_CONTEXT('2D SPACE',''
  ) );
#2591 = ADVANCED_FACE('',(#2592),#1013,.T.);
#2592 = FACE_BOUND('',#2593,.T.);
#2593 = EDGE_LOOP('',(#2594,#2617,#2638,#2666,#2685,#2686));
#2594 = ORIENTED_EDGE('',*,*,#2595,.F.);
#2595 = EDGE_CURVE('',#2596,#973,#2598,.T.);
#2596 = VERTEX_POINT('',#2597);
#2597 = CARTESIAN_POINT('',(-55.,-4.6,4.4));
#2598 = SURFACE_CURVE('',#2599,(#2603,#2610),.PCURVE_S1.);
#2599 = LINE('',#2600,#2601);
#2600 = CARTESIAN_POINT('',(-58.75,-4.6,4.4));
#2601 = VECTOR('',#2602,1.);
#2602 = DIRECTION('',(1.,0.,0.));
#2603 = PCURVE('',#1013,#2604);
#2604 = DEFINITIONAL_REPRESENTATION('',(#2605),#2609);
#2605 = LINE('',#2606,#2607);
#2606 = CARTESIAN_POINT('',(0.,0.));
#2607 = VECTOR('',#2608,1.);
#2608 = DIRECTION('',(0.,1.));
#2609 = ( GEOMETRIC_REPRESENTATION_CONTEXT(2) 
PARAMETRIC_REPRESENTATION_CONTEXT() REPRESENTATION_CONTEXT('2D SPACE',''
  ) );
#2610 = PCURVE('',#987,#2611);
#2611 = DEFINITIONAL_REPRESENTATION('',(#2612),#2616);
#2612 = LINE('',#2613,#2614);
#2613 = CARTESIAN_POINT('',(0.,0.));
#2614 = VECTOR('',#2615,1.);
#2615 = DIRECTION('',(1.,0.));
#2616 = ( GEOMETRIC_REPRESENTATION_CONTEXT(2) 
PARAMETRIC_REPRESENTATION_CONTEXT() REPRESENTATION_CONTEXT('2D SPACE',''
  ) );
#2617 = ORIENTED_EDGE('',*,*,#2618,.F.);
#2618 = EDGE_CURVE('',#2619,#2596,#2621,.T.);
#2619 = VERTEX_POINT('',#2620);
#2620 = CARTESIAN_POINT('',(-55.,-4.6,8.));
#2621 = SURFACE_CURVE('',#2622,(#2626,#2632),.PCURVE_S1.);
#2622 = LINE('',#2623,#2624);
#2623 = CARTESIAN_POINT('',(-55.,-4.6,2.2));
#2624 = VECTOR('',#2625,1.);
#2625 = DIRECTION('',(0.,0.,-1.));
#2626 = PCURVE('',#1013,#2627);
#2627 = DEFINITIONAL_REPRESENTATION('',(#2628),#2631);
#2628 = B_SPLINE_CURVE_WITH_KNOTS('',1,(#2629,#2630),.UNSPECIFIED.,.F.,
  .F.,(2,2),(-5.8,-2.2),.PIECEWISE_BEZIER_KNOTS.);
#2629 = CARTESIAN_POINT('',(3.6,3.75));
#2630 = CARTESIAN_POINT('',(0.,3.75));
#2631 = ( GEOMETRIC_REPRESENTATION_CONTEXT(2) 
PARAMETRIC_REPRESENTATION_CONTEXT() REPRESENTATION_CONTEXT('2D SPACE',''
  ) );
#2632 = PCURVE('',#1069,#2633);
#2633 = DEFINITIONAL_REPRESENTATION('',(#2634),#2637);
#2634 = B_SPLINE_CURVE_WITH_KNOTS('',1,(#2635,#2636),.UNSPECIFIED.,.F.,
  .F.,(2,2),(-5.8,-2.2),.PIECEWISE_BEZIER_KNOTS.);
#2635 = CARTESIAN_POINT('',(24.4,-8.));
#2636 = CARTESIAN_POINT('',(24.4,-4.4));
#2637 = ( GEOMETRIC_REPRESENTATION_CONTEXT(2) 
PARAMETRIC_REPRESENTATION_CONTEXT() REPRESENTATION_CONTEXT('2D SPACE',''
  ) );
#2638 = ORIENTED_EDGE('',*,*,#2639,.T.);
#2639 = EDGE_CURVE('',#2619,#2640,#2642,.T.);
#2640 = VERTEX_POINT('',#2641);
#2641 = CARTESIAN_POINT('',(-54.2,-4.6,8.));
#2642 = SURFACE_CURVE('',#2643,(#2647,#2654),.PCURVE_S1.);
#2643 = LINE('',#2644,#2645);
#2644 = CARTESIAN_POINT('',(-58.75,-4.6,8.));
#2645 = VECTOR('',#2646,1.);
#2646 = DIRECTION('',(1.,0.,0.));
#2647 = PCURVE('',#1013,#2648);
#2648 = DEFINITIONAL_REPRESENTATION('',(#2649),#2653);
#2649 = LINE('',#2650,#2651);
#2650 = CARTESIAN_POINT('',(3.6,0.));
#2651 = VECTOR('',#2652,1.);
#2652 = DIRECTION('',(0.,1.));
#2653 = ( GEOMETRIC_REPRESENTATION_CONTEXT(2) 
PARAMETRIC_REPRESENTATION_CONTEXT() REPRESENTATION_CONTEXT('2D SPACE',''
  ) );
#2654 = PCURVE('',#2655,#2660);
#2655 = PLANE('',#2656);
#2656 = AXIS2_PLACEMENT_3D('',#2657,#2658,#2659);
#2657 = CARTESIAN_POINT('',(-58.75,-4.6,8.));
#2658 = DIRECTION('',(0.,0.,1.));
#2659 = DIRECTION('',(1.,0.,0.));
#2660 = DEFINITIONAL_REPRESENTATION('',(#2661),#2665);
#2661 = LINE('',#2662,#2663);
#2662 = CARTESIAN_POINT('',(0.,0.));
#2663 = VECTOR('',#2664,1.);
#2664 = DIRECTION('',(1.,0.));
#2665 = ( GEOMETRIC_REPRESENTATION_CONTEXT(2) 
PARAMETRIC_REPRESENTATION_CONTEXT() REPRESENTATION_CONTEXT('2D SPACE',''
  ) );
#2666 = ORIENTED_EDGE('',*,*,#2667,.T.);
#2667 = EDGE_CURVE('',#2640,#2549,#2668,.T.);
#2668 = SURFACE_CURVE('',#2669,(#2673,#2679),.PCURVE_S1.);
#2669 = LINE('',#2670,#2671);
#2670 = CARTESIAN_POINT('',(-54.2,-4.6,6.0125));
#2671 = VECTOR('',#2672,1.);
#2672 = DIRECTION('',(0.,0.,-1.));
#2673 = PCURVE('',#1013,#2674);
#2674 = DEFINITIONAL_REPRESENTATION('',(#2675),#2678);
#2675 = B_SPLINE_CURVE_WITH_KNOTS('',1,(#2676,#2677),.UNSPECIFIED.,.F.,
  .F.,(2,2),(-1.9875,-1.6125),.PIECEWISE_BEZIER_KNOTS.);
#2676 = CARTESIAN_POINT('',(3.6,4.55));
#2677 = CARTESIAN_POINT('',(3.225,4.55));
#2678 = ( GEOMETRIC_REPRESENTATION_CONTEXT(2) 
PARAMETRIC_REPRESENTATION_CONTEXT() REPRESENTATION_CONTEXT('2D SPACE',''
  ) );
#2679 = PCURVE('',#1282,#2680);
#2680 = DEFINITIONAL_REPRESENTATION('',(#2681),#2684);
#2681 = B_SPLINE_CURVE_WITH_KNOTS('',1,(#2682,#2683),.UNSPECIFIED.,.F.,
  .F.,(2,2),(-1.9875,-1.6125),.PIECEWISE_BEZIER_KNOTS.);
#2682 = CARTESIAN_POINT('',(0.375,-23.6));
#2683 = CARTESIAN_POINT('',(0.,-23.6));
#2684 = ( GEOMETRIC_REPRESENTATION_CONTEXT(2) 
PARAMETRIC_REPRESENTATION_CONTEXT() REPRESENTATION_CONTEXT('2D SPACE',''
  ) );
#2685 = ORIENTED_EDGE('',*,*,#2573,.T.);
#2686 = ORIENTED_EDGE('',*,*,#998,.F.);
#2687 = ADVANCED_FACE('',(#2688),#987,.T.);
#2688 = FACE_BOUND('',#2689,.T.);
#2689 = EDGE_LOOP('',(#2690,#2713,#2732,#2733));
#2690 = ORIENTED_EDGE('',*,*,#2691,.F.);
#2691 = EDGE_CURVE('',#2692,#947,#2694,.T.);
#2692 = VERTEX_POINT('',#2693);
#2693 = CARTESIAN_POINT('',(-55.,4.6,4.4));
#2694 = SURFACE_CURVE('',#2695,(#2699,#2706),.PCURVE_S1.);
#2695 = LINE('',#2696,#2697);
#2696 = CARTESIAN_POINT('',(-58.75,4.6,4.4));
#2697 = VECTOR('',#2698,1.);
#2698 = DIRECTION('',(1.,0.,0.));
#2699 = PCURVE('',#987,#2700);
#2700 = DEFINITIONAL_REPRESENTATION('',(#2701),#2705);
#2701 = LINE('',#2702,#2703);
#2702 = CARTESIAN_POINT('',(0.,9.2));
#2703 = VECTOR('',#2704,1.);
#2704 = DIRECTION('',(1.,0.));
#2705 = ( GEOMETRIC_REPRESENTATION_CONTEXT(2) 
PARAMETRIC_REPRESENTATION_CONTEXT() REPRESENTATION_CONTEXT('2D SPACE',''
  ) );
#2706 = PCURVE('',#961,#2707);
#2707 = DEFINITIONAL_REPRESENTATION('',(#2708),#2712);
#2708 = LINE('',#2709,#2710);
#2709 = CARTESIAN_POINT('',(0.,0.));
#2710 = VECTOR('',#2711,1.);
#2711 = DIRECTION('',(0.,1.));
#2712 = ( GEOMETRIC_REPRESENTATION_CONTEXT(2) 
PARAMETRIC_REPRESENTATION_CONTEXT() REPRESENTATION_CONTEXT('2D SPACE',''
  ) );
#2713 = ORIENTED_EDGE('',*,*,#2714,.F.);
#2714 = EDGE_CURVE('',#2596,#2692,#2715,.T.);
#2715 = SURFACE_CURVE('',#2716,(#2720,#2726),.PCURVE_S1.);
#2716 = LINE('',#2717,#2718);
#2717 = CARTESIAN_POINT('',(-55.,-16.8,4.4));
#2718 = VECTOR('',#2719,1.);
#2719 = DIRECTION('',(0.,1.,-0.));
#2720 = PCURVE('',#987,#2721);
#2721 = DEFINITIONAL_REPRESENTATION('',(#2722),#2725);
#2722 = B_SPLINE_CURVE_WITH_KNOTS('',1,(#2723,#2724),.UNSPECIFIED.,.F.,
  .F.,(2,2),(12.2,21.4),.PIECEWISE_BEZIER_KNOTS.);
#2723 = CARTESIAN_POINT('',(3.75,0.));
#2724 = CARTESIAN_POINT('',(3.75,9.2));
#2725 = ( GEOMETRIC_REPRESENTATION_CONTEXT(2) 
PARAMETRIC_REPRESENTATION_CONTEXT() REPRESENTATION_CONTEXT('2D SPACE',''
  ) );
#2726 = PCURVE('',#1069,#2727);
#2727 = DEFINITIONAL_REPRESENTATION('',(#2728),#2731);
#2728 = B_SPLINE_CURVE_WITH_KNOTS('',1,(#2729,#2730),.UNSPECIFIED.,.F.,
  .F.,(2,2),(12.2,21.4),.PIECEWISE_BEZIER_KNOTS.);
#2729 = CARTESIAN_POINT('',(24.4,-4.4));
#2730 = CARTESIAN_POINT('',(33.6,-4.4));
#2731 = ( GEOMETRIC_REPRESENTATION_CONTEXT(2) 
PARAMETRIC_REPRESENTATION_CONTEXT() REPRESENTATION_CONTEXT('2D SPACE',''
  ) );
#2732 = ORIENTED_EDGE('',*,*,#2595,.T.);
#2733 = ORIENTED_EDGE('',*,*,#972,.F.);
#2734 = ADVANCED_FACE('',(#2735),#961,.F.);
#2735 = FACE_BOUND('',#2736,.F.);
#2736 = EDGE_LOOP('',(#2737,#2738,#2759,#2782,#2803,#2822));
#2737 = ORIENTED_EDGE('',*,*,#2691,.F.);
#2738 = ORIENTED_EDGE('',*,*,#2739,.F.);
#2739 = EDGE_CURVE('',#2740,#2692,#2742,.T.);
#2740 = VERTEX_POINT('',#2741);
#2741 = CARTESIAN_POINT('',(-55.,4.6,8.));
#2742 = SURFACE_CURVE('',#2743,(#2747,#2753),.PCURVE_S1.);
#2743 = LINE('',#2744,#2745);
#2744 = CARTESIAN_POINT('',(-55.,4.6,2.2));
#2745 = VECTOR('',#2746,1.);
#2746 = DIRECTION('',(0.,0.,-1.));
#2747 = PCURVE('',#961,#2748);
#2748 = DEFINITIONAL_REPRESENTATION('',(#2749),#2752);
#2749 = B_SPLINE_CURVE_WITH_KNOTS('',1,(#2750,#2751),.UNSPECIFIED.,.F.,
  .F.,(2,2),(-5.8,-2.2),.PIECEWISE_BEZIER_KNOTS.);
#2750 = CARTESIAN_POINT('',(3.6,3.75));
#2751 = CARTESIAN_POINT('',(0.,3.75));
#2752 = ( GEOMETRIC_REPRESENTATION_CONTEXT(2) 
PARAMETRIC_REPRESENTATION_CONTEXT() REPRESENTATION_CONTEXT('2D SPACE',''
  ) );
#2753 = PCURVE('',#1069,#2754);
#2754 = DEFINITIONAL_REPRESENTATION('',(#2755),#2758);
#2755 = B_SPLINE_CURVE_WITH_KNOTS('',1,(#2756,#2757),.UNSPECIFIED.,.F.,
  .F.,(2,2),(-5.8,-2.2),.PIECEWISE_BEZIER_KNOTS.);
#2756 = CARTESIAN_POINT('',(33.6,-8.));
#2757 = CARTESIAN_POINT('',(33.6,-4.4));
#2758 = ( GEOMETRIC_REPRESENTATION_CONTEXT(2) 
PARAMETRIC_REPRESENTATION_CONTEXT() REPRESENTATION_CONTEXT('2D SPACE',''
  ) );
#2759 = ORIENTED_EDGE('',*,*,#2760,.T.);
#2760 = EDGE_CURVE('',#2740,#2761,#2763,.T.);
#2761 = VERTEX_POINT('',#2762);
#2762 = CARTESIAN_POINT('',(-54.2,4.6,8.));
#2763 = SURFACE_CURVE('',#2764,(#2768,#2775),.PCURVE_S1.);
#2764 = LINE('',#2765,#2766);
#2765 = CARTESIAN_POINT('',(-58.75,4.6,8.));
#2766 = VECTOR('',#2767,1.);
#2767 = DIRECTION('',(1.,0.,0.));
#2768 = PCURVE('',#961,#2769);
#2769 = DEFINITIONAL_REPRESENTATION('',(#2770),#2774);
#2770 = LINE('',#2771,#2772);
#2771 = CARTESIAN_POINT('',(3.6,0.));
#2772 = VECTOR('',#2773,1.);
#2773 = DIRECTION('',(0.,1.));
#2774 = ( GEOMETRIC_REPRESENTATION_CONTEXT(2) 
PARAMETRIC_REPRESENTATION_CONTEXT() REPRESENTATION_CONTEXT('2D SPACE',''
  ) );
#2775 = PCURVE('',#2655,#2776);
#2776 = DEFINITIONAL_REPRESENTATION('',(#2777),#2781);
#2777 = LINE('',#2778,#2779);
#2778 = CARTESIAN_POINT('',(0.,9.2));
#2779 = VECTOR('',#2780,1.);
#2780 = DIRECTION('',(1.,0.));
#2781 = ( GEOMETRIC_REPRESENTATION_CONTEXT(2) 
PARAMETRIC_REPRESENTATION_CONTEXT() REPRESENTATION_CONTEXT('2D SPACE',''
  ) );
#2782 = ORIENTED_EDGE('',*,*,#2783,.T.);
#2783 = EDGE_CURVE('',#2761,#2784,#2786,.T.);
#2784 = VERTEX_POINT('',#2785);
#2785 = CARTESIAN_POINT('',(-54.2,4.6,7.625));
#2786 = SURFACE_CURVE('',#2787,(#2791,#2797),.PCURVE_S1.);
#2787 = LINE('',#2788,#2789);
#2788 = CARTESIAN_POINT('',(-54.2,4.6,6.0125));
#2789 = VECTOR('',#2790,1.);
#2790 = DIRECTION('',(0.,0.,-1.));
#2791 = PCURVE('',#961,#2792);
#2792 = DEFINITIONAL_REPRESENTATION('',(#2793),#2796);
#2793 = B_SPLINE_CURVE_WITH_KNOTS('',1,(#2794,#2795),.UNSPECIFIED.,.F.,
  .F.,(2,2),(-1.9875,-1.6125),.PIECEWISE_BEZIER_KNOTS.);
#2794 = CARTESIAN_POINT('',(3.6,4.55));
#2795 = CARTESIAN_POINT('',(3.225,4.55));
#2796 = ( GEOMETRIC_REPRESENTATION_CONTEXT(2) 
PARAMETRIC_REPRESENTATION_CONTEXT() REPRESENTATION_CONTEXT('2D SPACE',''
  ) );
#2797 = PCURVE('',#1282,#2798);
#2798 = DEFINITIONAL_REPRESENTATION('',(#2799),#2802);
#2799 = B_SPLINE_CURVE_WITH_KNOTS('',1,(#2800,#2801),.UNSPECIFIED.,.F.,
  .F.,(2,2),(-1.9875,-1.6125),.PIECEWISE_BEZIER_KNOTS.);
#2800 = CARTESIAN_POINT('',(0.375,-32.8));
#2801 = CARTESIAN_POINT('',(0.,-32.8));
#2802 = ( GEOMETRIC_REPRESENTATION_CONTEXT(2) 
PARAMETRIC_REPRESENTATION_CONTEXT() REPRESENTATION_CONTEXT('2D SPACE',''
  ) );
#2803 = ORIENTED_EDGE('',*,*,#2804,.T.);
#2804 = EDGE_CURVE('',#2784,#921,#2805,.T.);
#2805 = SURFACE_CURVE('',#2806,(#2810,#2816),.PCURVE_S1.);
#2806 = LINE('',#2807,#2808);
#2807 = CARTESIAN_POINT('',(-56.475,4.6,7.625));
#2808 = VECTOR('',#2809,1.);
#2809 = DIRECTION('',(1.,0.,0.));
#2810 = PCURVE('',#961,#2811);
#2811 = DEFINITIONAL_REPRESENTATION('',(#2812),#2815);
#2812 = B_SPLINE_CURVE_WITH_KNOTS('',1,(#2813,#2814),.UNSPECIFIED.,.F.,
  .F.,(2,2),(2.275,3.075),.PIECEWISE_BEZIER_KNOTS.);
#2813 = CARTESIAN_POINT('',(3.225,4.55));
#2814 = CARTESIAN_POINT('',(3.225,5.35));
#2815 = ( GEOMETRIC_REPRESENTATION_CONTEXT(2) 
PARAMETRIC_REPRESENTATION_CONTEXT() REPRESENTATION_CONTEXT('2D SPACE',''
  ) );
#2816 = PCURVE('',#935,#2817);
#2817 = DEFINITIONAL_REPRESENTATION('',(#2818),#2821);
#2818 = B_SPLINE_CURVE_WITH_KNOTS('',1,(#2819,#2820),.UNSPECIFIED.,.F.,
  .F.,(2,2),(2.275,3.075),.PIECEWISE_BEZIER_KNOTS.);
#2819 = CARTESIAN_POINT('',(0.,32.8));
#2820 = CARTESIAN_POINT('',(0.8,32.8));
#2821 = ( GEOMETRIC_REPRESENTATION_CONTEXT(2) 
PARAMETRIC_REPRESENTATION_CONTEXT() REPRESENTATION_CONTEXT('2D SPACE',''
  ) );
#2822 = ORIENTED_EDGE('',*,*,#946,.F.);
#2823 = ADVANCED_FACE('',(#2824),#935,.T.);
#2824 = FACE_BOUND('',#2825,.T.);
#2825 = EDGE_LOOP('',(#2826,#2847,#2848,#2849));
#2826 = ORIENTED_EDGE('',*,*,#2827,.F.);
#2827 = EDGE_CURVE('',#2784,#1514,#2828,.T.);
#2828 = SURFACE_CURVE('',#2829,(#2833,#2840),.PCURVE_S1.);
#2829 = LINE('',#2830,#2831);
#2830 = CARTESIAN_POINT('',(-54.2,-28.2,7.625));
#2831 = VECTOR('',#2832,1.);
#2832 = DIRECTION('',(0.,1.,0.));
#2833 = PCURVE('',#935,#2834);
#2834 = DEFINITIONAL_REPRESENTATION('',(#2835),#2839);
#2835 = LINE('',#2836,#2837);
#2836 = CARTESIAN_POINT('',(0.,0.));
#2837 = VECTOR('',#2838,1.);
#2838 = DIRECTION('',(0.,1.));
#2839 = ( GEOMETRIC_REPRESENTATION_CONTEXT(2) 
PARAMETRIC_REPRESENTATION_CONTEXT() REPRESENTATION_CONTEXT('2D SPACE',''
  ) );
#2840 = PCURVE('',#1282,#2841);
#2841 = DEFINITIONAL_REPRESENTATION('',(#2842),#2846);
#2842 = LINE('',#2843,#2844);
#2843 = CARTESIAN_POINT('',(0.,0.));
#2844 = VECTOR('',#2845,1.);
#2845 = DIRECTION('',(0.,-1.));
#2846 = ( GEOMETRIC_REPRESENTATION_CONTEXT(2) 
PARAMETRIC_REPRESENTATION_CONTEXT() REPRESENTATION_CONTEXT('2D SPACE',''
  ) );
#2847 = ORIENTED_EDGE('',*,*,#2804,.T.);
#2848 = ORIENTED_EDGE('',*,*,#920,.F.);
#2849 = ORIENTED_EDGE('',*,*,#1513,.T.);
#2850 = ADVANCED_FACE('',(#2851,#2897),#1069,.T.);
#2851 = FACE_BOUND('',#2852,.T.);
#2852 = EDGE_LOOP('',(#2853,#2874,#2875,#2896));
#2853 = ORIENTED_EDGE('',*,*,#2854,.F.);
#2854 = EDGE_CURVE('',#1052,#1324,#2855,.T.);
#2855 = SURFACE_CURVE('',#2856,(#2860,#2867),.PCURVE_S1.);
#2856 = LINE('',#2857,#2858);
#2857 = CARTESIAN_POINT('',(-55.,0.,0.));
#2858 = VECTOR('',#2859,1.);
#2859 = DIRECTION('',(0.,1.,0.));
#2860 = PCURVE('',#1069,#2861);
#2861 = DEFINITIONAL_REPRESENTATION('',(#2862),#2866);
#2862 = LINE('',#2863,#2864);
#2863 = CARTESIAN_POINT('',(29.,0.));
#2864 = VECTOR('',#2865,1.);
#2865 = DIRECTION('',(1.,0.));
#2866 = ( GEOMETRIC_REPRESENTATION_CONTEXT(2) 
PARAMETRIC_REPRESENTATION_CONTEXT() REPRESENTATION_CONTEXT('2D SPACE',''
  ) );
#2867 = PCURVE('',#1098,#2868);
#2868 = DEFINITIONAL_REPRESENTATION('',(#2869),#2873);
#2869 = LINE('',#2870,#2871);
#2870 = CARTESIAN_POINT('',(-55.,0.));
#2871 = VECTOR('',#2872,1.);
#2872 = DIRECTION('',(0.,1.));
#2873 = ( GEOMETRIC_REPRESENTATION_CONTEXT(2) 
PARAMETRIC_REPRESENTATION_CONTEXT() REPRESENTATION_CONTEXT('2D SPACE',''
  ) );
#2874 = ORIENTED_EDGE('',*,*,#1051,.T.);
#2875 = ORIENTED_EDGE('',*,*,#2876,.T.);
#2876 = EDGE_CURVE('',#1054,#1326,#2877,.T.);
#2877 = SURFACE_CURVE('',#2878,(#2882,#2889),.PCURVE_S1.);
#2878 = LINE('',#2879,#2880);
#2879 = CARTESIAN_POINT('',(-55.,0.,8.525));
#2880 = VECTOR('',#2881,1.);
#2881 = DIRECTION('',(0.,1.,0.));
#2882 = PCURVE('',#1069,#2883);
#2883 = DEFINITIONAL_REPRESENTATION('',(#2884),#2888);
#2884 = LINE('',#2885,#2886);
#2885 = CARTESIAN_POINT('',(29.,-8.525));
#2886 = VECTOR('',#2887,1.);
#2887 = DIRECTION('',(1.,0.));
#2888 = ( GEOMETRIC_REPRESENTATION_CONTEXT(2) 
PARAMETRIC_REPRESENTATION_CONTEXT() REPRESENTATION_CONTEXT('2D SPACE',''
  ) );
#2889 = PCURVE('',#1308,#2890);
#2890 = DEFINITIONAL_REPRESENTATION('',(#2891),#2895);
#2891 = LINE('',#2892,#2893);
#2892 = CARTESIAN_POINT('',(-55.,0.));
#2893 = VECTOR('',#2894,1.);
#2894 = DIRECTION('',(0.,1.));
#2895 = ( GEOMETRIC_REPRESENTATION_CONTEXT(2) 
PARAMETRIC_REPRESENTATION_CONTEXT() REPRESENTATION_CONTEXT('2D SPACE',''
  ) );
#2896 = ORIENTED_EDGE('',*,*,#1323,.F.);
#2897 = FACE_BOUND('',#2898,.T.);
#2898 = EDGE_LOOP('',(#2899,#2918,#2919,#2920));
#2899 = ORIENTED_EDGE('',*,*,#2900,.F.);
#2900 = EDGE_CURVE('',#2619,#2740,#2901,.T.);
#2901 = SURFACE_CURVE('',#2902,(#2906,#2912),.PCURVE_S1.);
#2902 = LINE('',#2903,#2904);
#2903 = CARTESIAN_POINT('',(-55.,-16.8,8.));
#2904 = VECTOR('',#2905,1.);
#2905 = DIRECTION('',(0.,1.,-0.));
#2906 = PCURVE('',#1069,#2907);
#2907 = DEFINITIONAL_REPRESENTATION('',(#2908),#2911);
#2908 = B_SPLINE_CURVE_WITH_KNOTS('',1,(#2909,#2910),.UNSPECIFIED.,.F.,
  .F.,(2,2),(12.2,21.4),.PIECEWISE_BEZIER_KNOTS.);
#2909 = CARTESIAN_POINT('',(24.4,-8.));
#2910 = CARTESIAN_POINT('',(33.6,-8.));
#2911 = ( GEOMETRIC_REPRESENTATION_CONTEXT(2) 
PARAMETRIC_REPRESENTATION_CONTEXT() REPRESENTATION_CONTEXT('2D SPACE',''
  ) );
#2912 = PCURVE('',#2655,#2913);
#2913 = DEFINITIONAL_REPRESENTATION('',(#2914),#2917);
#2914 = B_SPLINE_CURVE_WITH_KNOTS('',1,(#2915,#2916),.UNSPECIFIED.,.F.,
  .F.,(2,2),(12.2,21.4),.PIECEWISE_BEZIER_KNOTS.);
#2915 = CARTESIAN_POINT('',(3.75,0.));
#2916 = CARTESIAN_POINT('',(3.75,9.2));
#2917 = ( GEOMETRIC_REPRESENTATION_CONTEXT(2) 
PARAMETRIC_REPRESENTATION_CONTEXT() REPRESENTATION_CONTEXT('2D SPACE',''
  ) );
#2918 = ORIENTED_EDGE('',*,*,#2618,.T.);
#2919 = ORIENTED_EDGE('',*,*,#2714,.T.);
#2920 = ORIENTED_EDGE('',*,*,#2739,.F.);
#2921 = ADVANCED_FACE('',(#2922),#1308,.T.);
#2922 = FACE_BOUND('',#2923,.T.);
#2923 = EDGE_LOOP('',(#2924,#2925,#2926,#2947));
#2924 = ORIENTED_EDGE('',*,*,#2876,.F.);
#2925 = ORIENTED_EDGE('',*,*,#1293,.T.);
#2926 = ORIENTED_EDGE('',*,*,#2927,.T.);
#2927 = EDGE_CURVE('',#1268,#1538,#2928,.T.);
#2928 = SURFACE_CURVE('',#2929,(#2933,#2940),.PCURVE_S1.);
#2929 = LINE('',#2930,#2931);
#2930 = CARTESIAN_POINT('',(-54.2,-28.2,8.525));
#2931 = VECTOR('',#2932,1.);
#2932 = DIRECTION('',(0.,1.,0.));
#2933 = PCURVE('',#1308,#2934);
#2934 = DEFINITIONAL_REPRESENTATION('',(#2935),#2939);
#2935 = LINE('',#2936,#2937);
#2936 = CARTESIAN_POINT('',(-54.2,-28.2));
#2937 = VECTOR('',#2938,1.);
#2938 = DIRECTION('',(0.,1.));
#2939 = ( GEOMETRIC_REPRESENTATION_CONTEXT(2) 
PARAMETRIC_REPRESENTATION_CONTEXT() REPRESENTATION_CONTEXT('2D SPACE',''
  ) );
#2940 = PCURVE('',#1282,#2941);
#2941 = DEFINITIONAL_REPRESENTATION('',(#2942),#2946);
#2942 = LINE('',#2943,#2944);
#2943 = CARTESIAN_POINT('',(0.9,0.));
#2944 = VECTOR('',#2945,1.);
#2945 = DIRECTION('',(0.,-1.));
#2946 = ( GEOMETRIC_REPRESENTATION_CONTEXT(2) 
PARAMETRIC_REPRESENTATION_CONTEXT() REPRESENTATION_CONTEXT('2D SPACE',''
  ) );
#2947 = ORIENTED_EDGE('',*,*,#1558,.F.);
#2948 = ADVANCED_FACE('',(#2949),#1282,.T.);
#2949 = FACE_BOUND('',#2950,.T.);
#2950 = EDGE_LOOP('',(#2951,#2952,#2953,#2954,#2955,#2974,#2975,#2976));
#2951 = ORIENTED_EDGE('',*,*,#2927,.F.);
#2952 = ORIENTED_EDGE('',*,*,#1267,.F.);
#2953 = ORIENTED_EDGE('',*,*,#2548,.T.);
#2954 = ORIENTED_EDGE('',*,*,#2667,.F.);
#2955 = ORIENTED_EDGE('',*,*,#2956,.T.);
#2956 = EDGE_CURVE('',#2640,#2761,#2957,.T.);
#2957 = SURFACE_CURVE('',#2958,(#2962,#2968),.PCURVE_S1.);
#2958 = LINE('',#2959,#2960);
#2959 = CARTESIAN_POINT('',(-54.2,-16.4,8.));
#2960 = VECTOR('',#2961,1.);
#2961 = DIRECTION('',(0.,1.,0.));
#2962 = PCURVE('',#1282,#2963);
#2963 = DEFINITIONAL_REPRESENTATION('',(#2964),#2967);
#2964 = B_SPLINE_CURVE_WITH_KNOTS('',1,(#2965,#2966),.UNSPECIFIED.,.F.,
  .F.,(2,2),(11.8,21.),.PIECEWISE_BEZIER_KNOTS.);
#2965 = CARTESIAN_POINT('',(0.375,-23.6));
#2966 = CARTESIAN_POINT('',(0.375,-32.8));
#2967 = ( GEOMETRIC_REPRESENTATION_CONTEXT(2) 
PARAMETRIC_REPRESENTATION_CONTEXT() REPRESENTATION_CONTEXT('2D SPACE',''
  ) );
#2968 = PCURVE('',#2655,#2969);
#2969 = DEFINITIONAL_REPRESENTATION('',(#2970),#2973);
#2970 = B_SPLINE_CURVE_WITH_KNOTS('',1,(#2971,#2972),.UNSPECIFIED.,.F.,
  .F.,(2,2),(11.8,21.),.PIECEWISE_BEZIER_KNOTS.);
#2971 = CARTESIAN_POINT('',(4.55,0.));
#2972 = CARTESIAN_POINT('',(4.55,9.2));
#2973 = ( GEOMETRIC_REPRESENTATION_CONTEXT(2) 
PARAMETRIC_REPRESENTATION_CONTEXT() REPRESENTATION_CONTEXT('2D SPACE',''
  ) );
#2974 = ORIENTED_EDGE('',*,*,#2783,.T.);
#2975 = ORIENTED_EDGE('',*,*,#2827,.T.);
#2976 = ORIENTED_EDGE('',*,*,#1537,.T.);
#2977 = ADVANCED_FACE('',(#2978),#1210,.T.);
#2978 = FACE_BOUND('',#2979,.T.);
#2979 = EDGE_LOOP('',(#2980,#2981,#3002,#3003));
#2980 = ORIENTED_EDGE('',*,*,#1193,.T.);
#2981 = ORIENTED_EDGE('',*,*,#2982,.T.);
#2982 = EDGE_CURVE('',#1168,#1927,#2983,.T.);
#2983 = SURFACE_CURVE('',#2984,(#2988,#2995),.PCURVE_S1.);
#2984 = LINE('',#2985,#2986);
#2985 = CARTESIAN_POINT('',(-54.2,-28.2,7.625));
#2986 = VECTOR('',#2987,1.);
#2987 = DIRECTION('',(1.,0.,0.));
#2988 = PCURVE('',#1210,#2989);
#2989 = DEFINITIONAL_REPRESENTATION('',(#2990),#2994);
#2990 = LINE('',#2991,#2992);
#2991 = CARTESIAN_POINT('',(0.,0.));
#2992 = VECTOR('',#2993,1.);
#2993 = DIRECTION('',(1.,0.));
#2994 = ( GEOMETRIC_REPRESENTATION_CONTEXT(2) 
PARAMETRIC_REPRESENTATION_CONTEXT() REPRESENTATION_CONTEXT('2D SPACE',''
  ) );
#2995 = PCURVE('',#1182,#2996);
#2996 = DEFINITIONAL_REPRESENTATION('',(#2997),#3001);
#2997 = LINE('',#2998,#2999);
#2998 = CARTESIAN_POINT('',(0.,0.));
#2999 = VECTOR('',#3000,1.);
#3000 = DIRECTION('',(0.,1.));
#3001 = ( GEOMETRIC_REPRESENTATION_CONTEXT(2) 
PARAMETRIC_REPRESENTATION_CONTEXT() REPRESENTATION_CONTEXT('2D SPACE',''
  ) );
#3002 = ORIENTED_EDGE('',*,*,#1926,.T.);
#3003 = ORIENTED_EDGE('',*,*,#1589,.F.);
#3004 = ADVANCED_FACE('',(#3005),#1182,.T.);
#3005 = FACE_BOUND('',#3006,.T.);
#3006 = EDGE_LOOP('',(#3007,#3008,#3009,#3030));
#3007 = ORIENTED_EDGE('',*,*,#2982,.F.);
#3008 = ORIENTED_EDGE('',*,*,#1167,.T.);
#3009 = ORIENTED_EDGE('',*,*,#3010,.T.);
#3010 = EDGE_CURVE('',#1139,#1951,#3011,.T.);
#3011 = SURFACE_CURVE('',#3012,(#3016,#3023),.PCURVE_S1.);
#3012 = LINE('',#3013,#3014);
#3013 = CARTESIAN_POINT('',(-54.2,-28.2,8.525));
#3014 = VECTOR('',#3015,1.);
#3015 = DIRECTION('',(1.,0.,0.));
#3016 = PCURVE('',#1182,#3017);
#3017 = DEFINITIONAL_REPRESENTATION('',(#3018),#3022);
#3018 = LINE('',#3019,#3020);
#3019 = CARTESIAN_POINT('',(0.9,0.));
#3020 = VECTOR('',#3021,1.);
#3021 = DIRECTION('',(0.,1.));
#3022 = ( GEOMETRIC_REPRESENTATION_CONTEXT(2) 
PARAMETRIC_REPRESENTATION_CONTEXT() REPRESENTATION_CONTEXT('2D SPACE',''
  ) );
#3023 = PCURVE('',#1155,#3024);
#3024 = DEFINITIONAL_REPRESENTATION('',(#3025),#3029);
#3025 = LINE('',#3026,#3027);
#3026 = CARTESIAN_POINT('',(-54.2,-28.2));
#3027 = VECTOR('',#3028,1.);
#3028 = DIRECTION('',(1.,0.));
#3029 = ( GEOMETRIC_REPRESENTATION_CONTEXT(2) 
PARAMETRIC_REPRESENTATION_CONTEXT() REPRESENTATION_CONTEXT('2D SPACE',''
  ) );
#3030 = ORIENTED_EDGE('',*,*,#1950,.F.);
#3031 = ADVANCED_FACE('',(#3032),#1155,.T.);
#3032 = FACE_BOUND('',#3033,.T.);
#3033 = EDGE_LOOP('',(#3034,#3035,#3036,#3037));
#3034 = ORIENTED_EDGE('',*,*,#1971,.T.);
#3035 = ORIENTED_EDGE('',*,*,#3010,.F.);
#3036 = ORIENTED_EDGE('',*,*,#1138,.T.);
#3037 = ORIENTED_EDGE('',*,*,#3038,.T.);
#3038 = EDGE_CURVE('',#1111,#1747,#3039,.T.);
#3039 = SURFACE_CURVE('',#3040,(#3044,#3051),.PCURVE_S1.);
#3040 = LINE('',#3041,#3042);
#3041 = CARTESIAN_POINT('',(0.,-29.,8.525));
#3042 = VECTOR('',#3043,1.);
#3043 = DIRECTION('',(1.,0.,0.));
#3044 = PCURVE('',#1155,#3045);
#3045 = DEFINITIONAL_REPRESENTATION('',(#3046),#3050);
#3046 = LINE('',#3047,#3048);
#3047 = CARTESIAN_POINT('',(0.,-29.));
#3048 = VECTOR('',#3049,1.);
#3049 = DIRECTION('',(1.,0.));
#3050 = ( GEOMETRIC_REPRESENTATION_CONTEXT(2) 
PARAMETRIC_REPRESENTATION_CONTEXT() REPRESENTATION_CONTEXT('2D SPACE',''
  ) );
#3051 = PCURVE('',#1126,#3052);
#3052 = DEFINITIONAL_REPRESENTATION('',(#3053),#3057);
#3053 = LINE('',#3054,#3055);
#3054 = CARTESIAN_POINT('',(55.,-8.525));
#3055 = VECTOR('',#3056,1.);
#3056 = DIRECTION('',(1.,0.));
#3057 = ( GEOMETRIC_REPRESENTATION_CONTEXT(2) 
PARAMETRIC_REPRESENTATION_CONTEXT() REPRESENTATION_CONTEXT('2D SPACE',''
  ) );
#3058 = ADVANCED_FACE('',(#3059),#1126,.F.);
#3059 = FACE_BOUND('',#3060,.F.);
#3060 = EDGE_LOOP('',(#3061,#3082,#3083,#3084));
#3061 = ORIENTED_EDGE('',*,*,#3062,.F.);
#3062 = EDGE_CURVE('',#1082,#1745,#3063,.T.);
#3063 = SURFACE_CURVE('',#3064,(#3068,#3075),.PCURVE_S1.);
#3064 = LINE('',#3065,#3066);
#3065 = CARTESIAN_POINT('',(0.,-29.,0.));
#3066 = VECTOR('',#3067,1.);
#3067 = DIRECTION('',(1.,0.,0.));
#3068 = PCURVE('',#1126,#3069);
#3069 = DEFINITIONAL_REPRESENTATION('',(#3070),#3074);
#3070 = LINE('',#3071,#3072);
#3071 = CARTESIAN_POINT('',(55.,0.));
#3072 = VECTOR('',#3073,1.);
#3073 = DIRECTION('',(1.,0.));
#3074 = ( GEOMETRIC_REPRESENTATION_CONTEXT(2) 
PARAMETRIC_REPRESENTATION_CONTEXT() REPRESENTATION_CONTEXT('2D SPACE',''
  ) );
#3075 = PCURVE('',#1098,#3076);
#3076 = DEFINITIONAL_REPRESENTATION('',(#3077),#3081);
#3077 = LINE('',#3078,#3079);
#3078 = CARTESIAN_POINT('',(0.,-29.));
#3079 = VECTOR('',#3080,1.);
#3080 = DIRECTION('',(1.,0.));
#3081 = ( GEOMETRIC_REPRESENTATION_CONTEXT(2) 
PARAMETRIC_REPRESENTATION_CONTEXT() REPRESENTATION_CONTEXT('2D SPACE',''
  ) );
#3082 = ORIENTED_EDGE('',*,*,#1110,.T.);
#3083 = ORIENTED_EDGE('',*,*,#3038,.T.);
#3084 = ORIENTED_EDGE('',*,*,#1744,.F.);
#3085 = ADVANCED_FACE('',(#3086,#3136,#3167,#3198,#3229,#3232),#1098,.F.
  );
#3086 = FACE_BOUND('',#3087,.F.);
#3087 = EDGE_LOOP('',(#3088,#3089,#3090,#3091,#3092,#3113,#3114,#3135));
#3088 = ORIENTED_EDGE('',*,*,#2854,.F.);
#3089 = ORIENTED_EDGE('',*,*,#1081,.T.);
#3090 = ORIENTED_EDGE('',*,*,#3062,.T.);
#3091 = ORIENTED_EDGE('',*,*,#1769,.T.);
#3092 = ORIENTED_EDGE('',*,*,#3093,.T.);
#3093 = EDGE_CURVE('',#1770,#2117,#3094,.T.);
#3094 = SURFACE_CURVE('',#3095,(#3099,#3106),.PCURVE_S1.);
#3095 = LINE('',#3096,#3097);
#3096 = CARTESIAN_POINT('',(55.,0.,0.));
#3097 = VECTOR('',#3098,1.);
#3098 = DIRECTION('',(0.,1.,0.));
#3099 = PCURVE('',#1098,#3100);
#3100 = DEFINITIONAL_REPRESENTATION('',(#3101),#3105);
#3101 = LINE('',#3102,#3103);
#3102 = CARTESIAN_POINT('',(55.,0.));
#3103 = VECTOR('',#3104,1.);
#3104 = DIRECTION('',(0.,1.));
#3105 = ( GEOMETRIC_REPRESENTATION_CONTEXT(2) 
PARAMETRIC_REPRESENTATION_CONTEXT() REPRESENTATION_CONTEXT('2D SPACE',''
  ) );
#3106 = PCURVE('',#1809,#3107);
#3107 = DEFINITIONAL_REPRESENTATION('',(#3108),#3112);
#3108 = LINE('',#3109,#3110);
#3109 = CARTESIAN_POINT('',(29.,0.));
#3110 = VECTOR('',#3111,1.);
#3111 = DIRECTION('',(1.,0.));
#3112 = ( GEOMETRIC_REPRESENTATION_CONTEXT(2) 
PARAMETRIC_REPRESENTATION_CONTEXT() REPRESENTATION_CONTEXT('2D SPACE',''
  ) );
#3113 = ORIENTED_EDGE('',*,*,#2141,.T.);
#3114 = ORIENTED_EDGE('',*,*,#3115,.F.);
#3115 = EDGE_CURVE('',#1349,#2142,#3116,.T.);
#3116 = SURFACE_CURVE('',#3117,(#3121,#3128),.PCURVE_S1.);
#3117 = LINE('',#3118,#3119);
#3118 = CARTESIAN_POINT('',(0.,29.,0.));
#3119 = VECTOR('',#3120,1.);
#3120 = DIRECTION('',(1.,0.,0.));
#3121 = PCURVE('',#1098,#3122);
#3122 = DEFINITIONAL_REPRESENTATION('',(#3123),#3127);
#3123 = LINE('',#3124,#3125);
#3124 = CARTESIAN_POINT('',(0.,29.));
#3125 = VECTOR('',#3126,1.);
#3126 = DIRECTION('',(1.,0.));
#3127 = ( GEOMETRIC_REPRESENTATION_CONTEXT(2) 
PARAMETRIC_REPRESENTATION_CONTEXT() REPRESENTATION_CONTEXT('2D SPACE',''
  ) );
#3128 = PCURVE('',#1392,#3129);
#3129 = DEFINITIONAL_REPRESENTATION('',(#3130),#3134);
#3130 = LINE('',#3131,#3132);
#3131 = CARTESIAN_POINT('',(55.,0.));
#3132 = VECTOR('',#3133,1.);
#3133 = DIRECTION('',(1.,0.));
#3134 = ( GEOMETRIC_REPRESENTATION_CONTEXT(2) 
PARAMETRIC_REPRESENTATION_CONTEXT() REPRESENTATION_CONTEXT('2D SPACE',''
  ) );
#3135 = ORIENTED_EDGE('',*,*,#1348,.F.);
#3136 = FACE_BOUND('',#3137,.F.);
#3137 = EDGE_LOOP('',(#3138));
#3138 = ORIENTED_EDGE('',*,*,#3139,.F.);
#3139 = EDGE_CURVE('',#3140,#3140,#3142,.T.);
#3140 = VERTEX_POINT('',#3141);
#3141 = CARTESIAN_POINT('',(-45.6,-22.,0.));
#3142 = SURFACE_CURVE('',#3143,(#3148,#3155),.PCURVE_S1.);
#3143 = CIRCLE('',#3144,2.4);
#3144 = AXIS2_PLACEMENT_3D('',#3145,#3146,#3147);
#3145 = CARTESIAN_POINT('',(-48.,-22.,0.));
#3146 = DIRECTION('',(0.,0.,1.));
#3147 = DIRECTION('',(1.,0.,-0.));
#3148 = PCURVE('',#1098,#3149);
#3149 = DEFINITIONAL_REPRESENTATION('',(#3150),#3154);
#3150 = CIRCLE('',#3151,2.4);
#3151 = AXIS2_PLACEMENT_2D('',#3152,#3153);
#3152 = CARTESIAN_POINT('',(-48.,-22.));
#3153 = DIRECTION('',(1.,0.));
#3154 = ( GEOMETRIC_REPRESENTATION_CONTEXT(2) 
PARAMETRIC_REPRESENTATION_CONTEXT() REPRESENTATION_CONTEXT('2D SPACE',''
  ) );
#3155 = PCURVE('',#3156,#3161);
#3156 = CYLINDRICAL_SURFACE('',#3157,2.4);
#3157 = AXIS2_PLACEMENT_3D('',#3158,#3159,#3160);
#3158 = CARTESIAN_POINT('',(-48.,-22.,-4.1625));
#3159 = DIRECTION('',(0.,0.,1.));
#3160 = DIRECTION('',(1.,0.,0.));
#3161 = DEFINITIONAL_REPRESENTATION('',(#3162),#3166);
#3162 = LINE('',#3163,#3164);
#3163 = CARTESIAN_POINT('',(0.,4.1625));
#3164 = VECTOR('',#3165,1.);
#3165 = DIRECTION('',(1.,0.));
#3166 = ( GEOMETRIC_REPRESENTATION_CONTEXT(2) 
PARAMETRIC_REPRESENTATION_CONTEXT() REPRESENTATION_CONTEXT('2D SPACE',''
  ) );
#3167 = FACE_BOUND('',#3168,.F.);
#3168 = EDGE_LOOP('',(#3169));
#3169 = ORIENTED_EDGE('',*,*,#3170,.F.);
#3170 = EDGE_CURVE('',#3171,#3171,#3173,.T.);
#3171 = VERTEX_POINT('',#3172);
#3172 = CARTESIAN_POINT('',(50.4,-22.,0.));
#3173 = SURFACE_CURVE('',#3174,(#3179,#3186),.PCURVE_S1.);
#3174 = CIRCLE('',#3175,2.4);
#3175 = AXIS2_PLACEMENT_3D('',#3176,#3177,#3178);
#3176 = CARTESIAN_POINT('',(48.,-22.,0.));
#3177 = DIRECTION('',(0.,0.,1.));
#3178 = DIRECTION('',(1.,0.,-0.));
#3179 = PCURVE('',#1098,#3180);
#3180 = DEFINITIONAL_REPRESENTATION('',(#3181),#3185);
#3181 = CIRCLE('',#3182,2.4);
#3182 = AXIS2_PLACEMENT_2D('',#3183,#3184);
#3183 = CARTESIAN_POINT('',(48.,-22.));
#3184 = DIRECTION('',(1.,0.));
#3185 = ( GEOMETRIC_REPRESENTATION_CONTEXT(2) 
PARAMETRIC_REPRESENTATION_CONTEXT() REPRESENTATION_CONTEXT('2D SPACE',''
  ) );
#3186 = PCURVE('',#3187,#3192);
#3187 = CYLINDRICAL_SURFACE('',#3188,2.4);
#3188 = AXIS2_PLACEMENT_3D('',#3189,#3190,#3191);
#3189 = CARTESIAN_POINT('',(48.,-22.,-4.1625));
#3190 = DIRECTION('',(0.,0.,1.));
#3191 = DIRECTION('',(1.,0.,0.));
#3192 = DEFINITIONAL_REPRESENTATION('',(#3193),#3197);
#3193 = LINE('',#3194,#3195);
#3194 = CARTESIAN_POINT('',(0.,4.1625));
#3195 = VECTOR('',#3196,1.);
#3196 = DIRECTION('',(1.,0.));
#3197 = ( GEOMETRIC_REPRESENTATION_CONTEXT(2) 
PARAMETRIC_REPRESENTATION_CONTEXT() REPRESENTATION_CONTEXT('2D SPACE',''
  ) );
#3198 = FACE_BOUND('',#3199,.F.);
#3199 = EDGE_LOOP('',(#3200));
#3200 = ORIENTED_EDGE('',*,*,#3201,.F.);
#3201 = EDGE_CURVE('',#3202,#3202,#3204,.T.);
#3202 = VERTEX_POINT('',#3203);
#3203 = CARTESIAN_POINT('',(-45.6,22.,0.));
#3204 = SURFACE_CURVE('',#3205,(#3210,#3217),.PCURVE_S1.);
#3205 = CIRCLE('',#3206,2.4);
#3206 = AXIS2_PLACEMENT_3D('',#3207,#3208,#3209);
#3207 = CARTESIAN_POINT('',(-48.,22.,0.));
#3208 = DIRECTION('',(0.,0.,1.));
#3209 = DIRECTION('',(1.,0.,-0.));
#3210 = PCURVE('',#1098,#3211);
#3211 = DEFINITIONAL_REPRESENTATION('',(#3212),#3216);
#3212 = CIRCLE('',#3213,2.4);
#3213 = AXIS2_PLACEMENT_2D('',#3214,#3215);
#3214 = CARTESIAN_POINT('',(-48.,22.));
#3215 = DIRECTION('',(1.,0.));
#3216 = ( GEOMETRIC_REPRESENTATION_CONTEXT(2) 
PARAMETRIC_REPRESENTATION_CONTEXT() REPRESENTATION_CONTEXT('2D SPACE',''
  ) );
#3217 = PCURVE('',#3218,#3223);
#3218 = CYLINDRICAL_SURFACE('',#3219,2.4);
#3219 = AXIS2_PLACEMENT_3D('',#3220,#3221,#3222);
#3220 = CARTESIAN_POINT('',(-48.,22.,-4.1625));
#3221 = DIRECTION('',(0.,0.,1.));
#3222 = DIRECTION('',(1.,0.,0.));
#3223 = DEFINITIONAL_REPRESENTATION('',(#3224),#3228);
#3224 = LINE('',#3225,#3226);
#3225 = CARTESIAN_POINT('',(0.,4.1625));
#3226 = VECTOR('',#3227,1.);
#3227 = DIRECTION('',(1.,0.));
#3228 = ( GEOMETRIC_REPRESENTATION_CONTEXT(2) 
PARAMETRIC_REPRESENTATION_CONTEXT() REPRESENTATION_CONTEXT('2D SPACE',''
  ) );
#3229 = FACE_BOUND('',#3230,.F.);
#3230 = EDGE_LOOP('',(#3231));
#3231 = ORIENTED_EDGE('',*,*,#2043,.F.);
#3232 = FACE_BOUND('',#3233,.F.);
#3233 = EDGE_LOOP('',(#3234));
#3234 = ORIENTED_EDGE('',*,*,#3235,.F.);
#3235 = EDGE_CURVE('',#3236,#3236,#3238,.T.);
#3236 = VERTEX_POINT('',#3237);
#3237 = CARTESIAN_POINT('',(50.4,22.,0.));
#3238 = SURFACE_CURVE('',#3239,(#3244,#3251),.PCURVE_S1.);
#3239 = CIRCLE('',#3240,2.4);
#3240 = AXIS2_PLACEMENT_3D('',#3241,#3242,#3243);
#3241 = CARTESIAN_POINT('',(48.,22.,0.));
#3242 = DIRECTION('',(0.,0.,1.));
#3243 = DIRECTION('',(1.,0.,-0.));
#3244 = PCURVE('',#1098,#3245);
#3245 = DEFINITIONAL_REPRESENTATION('',(#3246),#3250);
#3246 = CIRCLE('',#3247,2.4);
#3247 = AXIS2_PLACEMENT_2D('',#3248,#3249);
#3248 = CARTESIAN_POINT('',(48.,22.));
#3249 = DIRECTION('',(1.,0.));
#3250 = ( GEOMETRIC_REPRESENTATION_CONTEXT(2) 
PARAMETRIC_REPRESENTATION_CONTEXT() REPRESENTATION_CONTEXT('2D SPACE',''
  ) );
#3251 = PCURVE('',#3252,#3257);
#3252 = CYLINDRICAL_SURFACE('',#3253,2.4);
#3253 = AXIS2_PLACEMENT_3D('',#3254,#3255,#3256);
#3254 = CARTESIAN_POINT('',(48.,22.,-4.1625));
#3255 = DIRECTION('',(0.,0.,1.));
#3256 = DIRECTION('',(1.,0.,0.));
#3257 = DEFINITIONAL_REPRESENTATION('',(#3258),#3262);
#3258 = LINE('',#3259,#3260);
#3259 = CARTESIAN_POINT('',(0.,4.1625));
#3260 = VECTOR('',#3261,1.);
#3261 = DIRECTION('',(1.,0.));
#3262 = ( GEOMETRIC_REPRESENTATION_CONTEXT(2) 
PARAMETRIC_REPRESENTATION_CONTEXT() REPRESENTATION_CONTEXT('2D SPACE',''
  ) );
#3263 = ADVANCED_FACE('',(#3264),#1480,.T.);
#3264 = FACE_BOUND('',#3265,.T.);
#3265 = EDGE_LOOP('',(#3266,#3287,#3288,#3289));
#3266 = ORIENTED_EDGE('',*,*,#3267,.F.);
#3267 = EDGE_CURVE('',#1438,#2213,#3268,.T.);
#3268 = SURFACE_CURVE('',#3269,(#3273,#3280),.PCURVE_S1.);
#3269 = LINE('',#3270,#3271);
#3270 = CARTESIAN_POINT('',(-54.2,28.2,7.625));
#3271 = VECTOR('',#3272,1.);
#3272 = DIRECTION('',(1.,0.,0.));
#3273 = PCURVE('',#1480,#3274);
#3274 = DEFINITIONAL_REPRESENTATION('',(#3275),#3279);
#3275 = LINE('',#3276,#3277);
#3276 = CARTESIAN_POINT('',(0.,56.4));
#3277 = VECTOR('',#3278,1.);
#3278 = DIRECTION('',(1.,0.));
#3279 = ( GEOMETRIC_REPRESENTATION_CONTEXT(2) 
PARAMETRIC_REPRESENTATION_CONTEXT() REPRESENTATION_CONTEXT('2D SPACE',''
  ) );
#3280 = PCURVE('',#1452,#3281);
#3281 = DEFINITIONAL_REPRESENTATION('',(#3282),#3286);
#3282 = LINE('',#3283,#3284);
#3283 = CARTESIAN_POINT('',(0.,0.));
#3284 = VECTOR('',#3285,1.);
#3285 = DIRECTION('',(0.,1.));
#3286 = ( GEOMETRIC_REPRESENTATION_CONTEXT(2) 
PARAMETRIC_REPRESENTATION_CONTEXT() REPRESENTATION_CONTEXT('2D SPACE',''
  ) );
#3287 = ORIENTED_EDGE('',*,*,#1463,.T.);
#3288 = ORIENTED_EDGE('',*,*,#1634,.T.);
#3289 = ORIENTED_EDGE('',*,*,#2233,.T.);
#3290 = ADVANCED_FACE('',(#3291),#1452,.F.);
#3291 = FACE_BOUND('',#3292,.F.);
#3292 = EDGE_LOOP('',(#3293,#3294,#3295,#3316));
#3293 = ORIENTED_EDGE('',*,*,#3267,.F.);
#3294 = ORIENTED_EDGE('',*,*,#1437,.T.);
#3295 = ORIENTED_EDGE('',*,*,#3296,.T.);
#3296 = EDGE_CURVE('',#1405,#2189,#3297,.T.);
#3297 = SURFACE_CURVE('',#3298,(#3302,#3309),.PCURVE_S1.);
#3298 = LINE('',#3299,#3300);
#3299 = CARTESIAN_POINT('',(-54.2,28.2,8.525));
#3300 = VECTOR('',#3301,1.);
#3301 = DIRECTION('',(1.,0.,0.));
#3302 = PCURVE('',#1452,#3303);
#3303 = DEFINITIONAL_REPRESENTATION('',(#3304),#3308);
#3304 = LINE('',#3305,#3306);
#3305 = CARTESIAN_POINT('',(0.9,0.));
#3306 = VECTOR('',#3307,1.);
#3307 = DIRECTION('',(0.,1.));
#3308 = ( GEOMETRIC_REPRESENTATION_CONTEXT(2) 
PARAMETRIC_REPRESENTATION_CONTEXT() REPRESENTATION_CONTEXT('2D SPACE',''
  ) );
#3309 = PCURVE('',#1421,#3310);
#3310 = DEFINITIONAL_REPRESENTATION('',(#3311),#3315);
#3311 = LINE('',#3312,#3313);
#3312 = CARTESIAN_POINT('',(-54.2,28.2));
#3313 = VECTOR('',#3314,1.);
#3314 = DIRECTION('',(1.,0.));
#3315 = ( GEOMETRIC_REPRESENTATION_CONTEXT(2) 
PARAMETRIC_REPRESENTATION_CONTEXT() REPRESENTATION_CONTEXT('2D SPACE',''
  ) );
#3316 = ORIENTED_EDGE('',*,*,#2212,.F.);
#3317 = ADVANCED_FACE('',(#3318),#1421,.T.);
#3318 = FACE_BOUND('',#3319,.T.);
#3319 = EDGE_LOOP('',(#3320,#3321,#3322,#3323));
#3320 = ORIENTED_EDGE('',*,*,#1404,.F.);
#3321 = ORIENTED_EDGE('',*,*,#3296,.T.);
#3322 = ORIENTED_EDGE('',*,*,#2188,.T.);
#3323 = ORIENTED_EDGE('',*,*,#3324,.F.);
#3324 = EDGE_CURVE('',#1377,#2166,#3325,.T.);
#3325 = SURFACE_CURVE('',#3326,(#3330,#3337),.PCURVE_S1.);
#3326 = LINE('',#3327,#3328);
#3327 = CARTESIAN_POINT('',(0.,29.,8.525));
#3328 = VECTOR('',#3329,1.);
#3329 = DIRECTION('',(1.,0.,0.));
#3330 = PCURVE('',#1421,#3331);
#3331 = DEFINITIONAL_REPRESENTATION('',(#3332),#3336);
#3332 = LINE('',#3333,#3334);
#3333 = CARTESIAN_POINT('',(0.,29.));
#3334 = VECTOR('',#3335,1.);
#3335 = DIRECTION('',(1.,0.));
#3336 = ( GEOMETRIC_REPRESENTATION_CONTEXT(2) 
PARAMETRIC_REPRESENTATION_CONTEXT() REPRESENTATION_CONTEXT('2D SPACE',''
  ) );
#3337 = PCURVE('',#1392,#3338);
#3338 = DEFINITIONAL_REPRESENTATION('',(#3339),#3343);
#3339 = LINE('',#3340,#3341);
#3340 = CARTESIAN_POINT('',(55.,-8.525));
#3341 = VECTOR('',#3342,1.);
#3342 = DIRECTION('',(1.,0.));
#3343 = ( GEOMETRIC_REPRESENTATION_CONTEXT(2) 
PARAMETRIC_REPRESENTATION_CONTEXT() REPRESENTATION_CONTEXT('2D SPACE',''
  ) );
#3344 = ADVANCED_FACE('',(#3345),#1392,.T.);
#3345 = FACE_BOUND('',#3346,.T.);
#3346 = EDGE_LOOP('',(#3347,#3348,#3349,#3350));
#3347 = ORIENTED_EDGE('',*,*,#3115,.F.);
#3348 = ORIENTED_EDGE('',*,*,#1376,.T.);
#3349 = ORIENTED_EDGE('',*,*,#3324,.T.);
#3350 = ORIENTED_EDGE('',*,*,#2165,.F.);
#3351 = ADVANCED_FACE('',(#3352),#1711,.F.);
#3352 = FACE_BOUND('',#3353,.F.);
#3353 = EDGE_LOOP('',(#3354,#3355));
#3354 = ORIENTED_EDGE('',*,*,#1696,.T.);
#3355 = ORIENTED_EDGE('',*,*,#1996,.T.);
#3356 = ADVANCED_FACE('',(#3357),#1893,.T.);
#3357 = FACE_BOUND('',#3358,.T.);
#3358 = EDGE_LOOP('',(#3359,#3360,#3381,#3382));
#3359 = ORIENTED_EDGE('',*,*,#1876,.T.);
#3360 = ORIENTED_EDGE('',*,*,#3361,.T.);
#3361 = EDGE_CURVE('',#1851,#2259,#3362,.T.);
#3362 = SURFACE_CURVE('',#3363,(#3367,#3374),.PCURVE_S1.);
#3363 = LINE('',#3364,#3365);
#3364 = CARTESIAN_POINT('',(54.2,-28.2,7.625));
#3365 = VECTOR('',#3366,1.);
#3366 = DIRECTION('',(0.,1.,0.));
#3367 = PCURVE('',#1893,#3368);
#3368 = DEFINITIONAL_REPRESENTATION('',(#3369),#3373);
#3369 = LINE('',#3370,#3371);
#3370 = CARTESIAN_POINT('',(108.4,0.));
#3371 = VECTOR('',#3372,1.);
#3372 = DIRECTION('',(0.,1.));
#3373 = ( GEOMETRIC_REPRESENTATION_CONTEXT(2) 
PARAMETRIC_REPRESENTATION_CONTEXT() REPRESENTATION_CONTEXT('2D SPACE',''
  ) );
#3374 = PCURVE('',#1865,#3375);
#3375 = DEFINITIONAL_REPRESENTATION('',(#3376),#3380);
#3376 = LINE('',#3377,#3378);
#3377 = CARTESIAN_POINT('',(0.,0.));
#3378 = VECTOR('',#3379,1.);
#3379 = DIRECTION('',(0.,-1.));
#3380 = ( GEOMETRIC_REPRESENTATION_CONTEXT(2) 
PARAMETRIC_REPRESENTATION_CONTEXT() REPRESENTATION_CONTEXT('2D SPACE',''
  ) );
#3381 = ORIENTED_EDGE('',*,*,#2258,.T.);
#3382 = ORIENTED_EDGE('',*,*,#2094,.T.);
#3383 = ADVANCED_FACE('',(#3384),#1865,.F.);
#3384 = FACE_BOUND('',#3385,.F.);
#3385 = EDGE_LOOP('',(#3386,#3407,#3408,#3409));
#3386 = ORIENTED_EDGE('',*,*,#3387,.F.);
#3387 = EDGE_CURVE('',#1822,#2283,#3388,.T.);
#3388 = SURFACE_CURVE('',#3389,(#3393,#3400),.PCURVE_S1.);
#3389 = LINE('',#3390,#3391);
#3390 = CARTESIAN_POINT('',(54.2,-28.2,8.525));
#3391 = VECTOR('',#3392,1.);
#3392 = DIRECTION('',(0.,1.,0.));
#3393 = PCURVE('',#1865,#3394);
#3394 = DEFINITIONAL_REPRESENTATION('',(#3395),#3399);
#3395 = LINE('',#3396,#3397);
#3396 = CARTESIAN_POINT('',(0.9,0.));
#3397 = VECTOR('',#3398,1.);
#3398 = DIRECTION('',(0.,-1.));
#3399 = ( GEOMETRIC_REPRESENTATION_CONTEXT(2) 
PARAMETRIC_REPRESENTATION_CONTEXT() REPRESENTATION_CONTEXT('2D SPACE',''
  ) );
#3400 = PCURVE('',#1838,#3401);
#3401 = DEFINITIONAL_REPRESENTATION('',(#3402),#3406);
#3402 = LINE('',#3403,#3404);
#3403 = CARTESIAN_POINT('',(54.2,-28.2));
#3404 = VECTOR('',#3405,1.);
#3405 = DIRECTION('',(0.,1.));
#3406 = ( GEOMETRIC_REPRESENTATION_CONTEXT(2) 
PARAMETRIC_REPRESENTATION_CONTEXT() REPRESENTATION_CONTEXT('2D SPACE',''
  ) );
#3407 = ORIENTED_EDGE('',*,*,#1850,.F.);
#3408 = ORIENTED_EDGE('',*,*,#3361,.T.);
#3409 = ORIENTED_EDGE('',*,*,#2282,.T.);
#3410 = ADVANCED_FACE('',(#3411),#1838,.T.);
#3411 = FACE_BOUND('',#3412,.T.);
#3412 = EDGE_LOOP('',(#3413,#3414,#3415,#3436));
#3413 = ORIENTED_EDGE('',*,*,#3387,.F.);
#3414 = ORIENTED_EDGE('',*,*,#1821,.T.);
#3415 = ORIENTED_EDGE('',*,*,#3416,.T.);
#3416 = EDGE_CURVE('',#1794,#2119,#3417,.T.);
#3417 = SURFACE_CURVE('',#3418,(#3422,#3429),.PCURVE_S1.);
#3418 = LINE('',#3419,#3420);
#3419 = CARTESIAN_POINT('',(55.,0.,8.525));
#3420 = VECTOR('',#3421,1.);
#3421 = DIRECTION('',(0.,1.,0.));
#3422 = PCURVE('',#1838,#3423);
#3423 = DEFINITIONAL_REPRESENTATION('',(#3424),#3428);
#3424 = LINE('',#3425,#3426);
#3425 = CARTESIAN_POINT('',(55.,0.));
#3426 = VECTOR('',#3427,1.);
#3427 = DIRECTION('',(0.,1.));
#3428 = ( GEOMETRIC_REPRESENTATION_CONTEXT(2) 
PARAMETRIC_REPRESENTATION_CONTEXT() REPRESENTATION_CONTEXT('2D SPACE',''
  ) );
#3429 = PCURVE('',#1809,#3430);
#3430 = DEFINITIONAL_REPRESENTATION('',(#3431),#3435);
#3431 = LINE('',#3432,#3433);
#3432 = CARTESIAN_POINT('',(29.,-8.525));
#3433 = VECTOR('',#3434,1.);
#3434 = DIRECTION('',(1.,0.));
#3435 = ( GEOMETRIC_REPRESENTATION_CONTEXT(2) 
PARAMETRIC_REPRESENTATION_CONTEXT() REPRESENTATION_CONTEXT('2D SPACE',''
  ) );
#3436 = ORIENTED_EDGE('',*,*,#2303,.T.);
#3437 = ADVANCED_FACE('',(#3438),#1809,.F.);
#3438 = FACE_BOUND('',#3439,.F.);
#3439 = EDGE_LOOP('',(#3440,#3441,#3442,#3443));
#3440 = ORIENTED_EDGE('',*,*,#3093,.F.);
#3441 = ORIENTED_EDGE('',*,*,#1793,.T.);
#3442 = ORIENTED_EDGE('',*,*,#3416,.T.);
#3443 = ORIENTED_EDGE('',*,*,#2116,.F.);
#3444 = ADVANCED_FACE('',(#3445,#3448),#2366,.T.);
#3445 = FACE_BOUND('',#3446,.T.);
#3446 = EDGE_LOOP('',(#3447));
#3447 = ORIENTED_EDGE('',*,*,#2351,.T.);
#3448 = FACE_BOUND('',#3449,.T.);
#3449 = EDGE_LOOP('',(#3450));
#3450 = ORIENTED_EDGE('',*,*,#3451,.F.);
#3451 = EDGE_CURVE('',#3452,#3452,#3454,.T.);
#3452 = VERTEX_POINT('',#3453);
#3453 = CARTESIAN_POINT('',(-47.1,-22.,4.1625));
#3454 = SURFACE_CURVE('',#3455,(#3460,#3467),.PCURVE_S1.);
#3455 = CIRCLE('',#3456,0.9);
#3456 = AXIS2_PLACEMENT_3D('',#3457,#3458,#3459);
#3457 = CARTESIAN_POINT('',(-48.,-22.,4.1625));
#3458 = DIRECTION('',(0.,0.,1.));
#3459 = DIRECTION('',(1.,0.,-0.));
#3460 = PCURVE('',#2366,#3461);
#3461 = DEFINITIONAL_REPRESENTATION('',(#3462),#3466);
#3462 = CIRCLE('',#3463,0.9);
#3463 = AXIS2_PLACEMENT_2D('',#3464,#3465);
#3464 = CARTESIAN_POINT('',(0.,0.));
#3465 = DIRECTION('',(1.,0.));
#3466 = ( GEOMETRIC_REPRESENTATION_CONTEXT(2) 
PARAMETRIC_REPRESENTATION_CONTEXT() REPRESENTATION_CONTEXT('2D SPACE',''
  ) );
#3467 = PCURVE('',#3468,#3473);
#3468 = CYLINDRICAL_SURFACE('',#3469,0.9);
#3469 = AXIS2_PLACEMENT_3D('',#3470,#3471,#3472);
#3470 = CARTESIAN_POINT('',(-48.,-22.,-4.2625));
#3471 = DIRECTION('',(0.,0.,1.));
#3472 = DIRECTION('',(1.,0.,0.));
#3473 = DEFINITIONAL_REPRESENTATION('',(#3474),#3478);
#3474 = LINE('',#3475,#3476);
#3475 = CARTESIAN_POINT('',(0.,8.425));
#3476 = VECTOR('',#3477,1.);
#3477 = DIRECTION('',(1.,0.));
#3478 = ( GEOMETRIC_REPRESENTATION_CONTEXT(2) 
PARAMETRIC_REPRESENTATION_CONTEXT() REPRESENTATION_CONTEXT('2D SPACE',''
  ) );
#3479 = ADVANCED_FACE('',(#3480,#3483),#2421,.T.);
#3480 = FACE_BOUND('',#3481,.T.);
#3481 = EDGE_LOOP('',(#3482));
#3482 = ORIENTED_EDGE('',*,*,#2406,.T.);
#3483 = FACE_BOUND('',#3484,.T.);
#3484 = EDGE_LOOP('',(#3485));
#3485 = ORIENTED_EDGE('',*,*,#3486,.F.);
#3486 = EDGE_CURVE('',#3487,#3487,#3489,.T.);
#3487 = VERTEX_POINT('',#3488);
#3488 = CARTESIAN_POINT('',(48.9,-22.,4.1625));
#3489 = SURFACE_CURVE('',#3490,(#3495,#3502),.PCURVE_S1.);
#3490 = CIRCLE('',#3491,0.9);
#3491 = AXIS2_PLACEMENT_3D('',#3492,#3493,#3494);
#3492 = CARTESIAN_POINT('',(48.,-22.,4.1625));
#3493 = DIRECTION('',(0.,0.,1.));
#3494 = DIRECTION('',(1.,0.,-0.));
#3495 = PCURVE('',#2421,#3496);
#3496 = DEFINITIONAL_REPRESENTATION('',(#3497),#3501);
#3497 = CIRCLE('',#3498,0.9);
#3498 = AXIS2_PLACEMENT_2D('',#3499,#3500);
#3499 = CARTESIAN_POINT('',(0.,0.));
#3500 = DIRECTION('',(1.,0.));
#3501 = ( GEOMETRIC_REPRESENTATION_CONTEXT(2) 
PARAMETRIC_REPRESENTATION_CONTEXT() REPRESENTATION_CONTEXT('2D SPACE',''
  ) );
#3502 = PCURVE('',#3503,#3508);
#3503 = CYLINDRICAL_SURFACE('',#3504,0.9);
#3504 = AXIS2_PLACEMENT_3D('',#3505,#3506,#3507);
#3505 = CARTESIAN_POINT('',(48.,-22.,-4.2625));
#3506 = DIRECTION('',(0.,0.,1.));
#3507 = DIRECTION('',(1.,0.,0.));
#3508 = DEFINITIONAL_REPRESENTATION('',(#3509),#3513);
#3509 = LINE('',#3510,#3511);
#3510 = CARTESIAN_POINT('',(0.,8.425));
#3511 = VECTOR('',#3512,1.);
#3512 = DIRECTION('',(1.,0.));
#3513 = ( GEOMETRIC_REPRESENTATION_CONTEXT(2) 
PARAMETRIC_REPRESENTATION_CONTEXT() REPRESENTATION_CONTEXT('2D SPACE',''
  ) );
#3514 = ADVANCED_FACE('',(#3515,#3518),#2476,.T.);
#3515 = FACE_BOUND('',#3516,.T.);
#3516 = EDGE_LOOP('',(#3517));
#3517 = ORIENTED_EDGE('',*,*,#2461,.T.);
#3518 = FACE_BOUND('',#3519,.T.);
#3519 = EDGE_LOOP('',(#3520));
#3520 = ORIENTED_EDGE('',*,*,#3521,.F.);
#3521 = EDGE_CURVE('',#3522,#3522,#3524,.T.);
#3522 = VERTEX_POINT('',#3523);
#3523 = CARTESIAN_POINT('',(-47.1,22.,4.1625));
#3524 = SURFACE_CURVE('',#3525,(#3530,#3537),.PCURVE_S1.);
#3525 = CIRCLE('',#3526,0.9);
#3526 = AXIS2_PLACEMENT_3D('',#3527,#3528,#3529);
#3527 = CARTESIAN_POINT('',(-48.,22.,4.1625));
#3528 = DIRECTION('',(0.,0.,1.));
#3529 = DIRECTION('',(1.,0.,-0.));
#3530 = PCURVE('',#2476,#3531);
#3531 = DEFINITIONAL_REPRESENTATION('',(#3532),#3536);
#3532 = CIRCLE('',#3533,0.9);
#3533 = AXIS2_PLACEMENT_2D('',#3534,#3535);
#3534 = CARTESIAN_POINT('',(0.,0.));
#3535 = DIRECTION('',(1.,0.));
#3536 = ( GEOMETRIC_REPRESENTATION_CONTEXT(2) 
PARAMETRIC_REPRESENTATION_CONTEXT() REPRESENTATION_CONTEXT('2D SPACE',''
  ) );
#3537 = PCURVE('',#3538,#3543);
#3538 = CYLINDRICAL_SURFACE('',#3539,0.9);
#3539 = AXIS2_PLACEMENT_3D('',#3540,#3541,#3542);
#3540 = CARTESIAN_POINT('',(-48.,22.,-4.2625));
#3541 = DIRECTION('',(0.,0.,1.));
#3542 = DIRECTION('',(1.,0.,0.));
#3543 = DEFINITIONAL_REPRESENTATION('',(#3544),#3548);
#3544 = LINE('',#3545,#3546);
#3545 = CARTESIAN_POINT('',(0.,8.425));
#3546 = VECTOR('',#3547,1.);
#3547 = DIRECTION('',(1.,0.));
#3548 = ( GEOMETRIC_REPRESENTATION_CONTEXT(2) 
PARAMETRIC_REPRESENTATION_CONTEXT() REPRESENTATION_CONTEXT('2D SPACE',''
  ) );
#3549 = ADVANCED_FACE('',(#3550,#3576),#2532,.F.);
#3550 = FACE_BOUND('',#3551,.F.);
#3551 = EDGE_LOOP('',(#3552));
#3552 = ORIENTED_EDGE('',*,*,#3553,.T.);
#3553 = EDGE_CURVE('',#3554,#3554,#3556,.T.);
#3554 = VERTEX_POINT('',#3555);
#3555 = CARTESIAN_POINT('',(50.4,22.,-4.1625));
#3556 = SURFACE_CURVE('',#3557,(#3562,#3569),.PCURVE_S1.);
#3557 = CIRCLE('',#3558,2.4);
#3558 = AXIS2_PLACEMENT_3D('',#3559,#3560,#3561);
#3559 = CARTESIAN_POINT('',(48.,22.,-4.1625));
#3560 = DIRECTION('',(0.,0.,1.));
#3561 = DIRECTION('',(1.,0.,0.));
#3562 = PCURVE('',#2532,#3563);
#3563 = DEFINITIONAL_REPRESENTATION('',(#3564),#3568);
#3564 = CIRCLE('',#3565,2.4);
#3565 = AXIS2_PLACEMENT_2D('',#3566,#3567);
#3566 = CARTESIAN_POINT('',(0.,0.));
#3567 = DIRECTION('',(1.,0.));
#3568 = ( GEOMETRIC_REPRESENTATION_CONTEXT(2) 
PARAMETRIC_REPRESENTATION_CONTEXT() REPRESENTATION_CONTEXT('2D SPACE',''
  ) );
#3569 = PCURVE('',#3252,#3570);
#3570 = DEFINITIONAL_REPRESENTATION('',(#3571),#3575);
#3571 = LINE('',#3572,#3573);
#3572 = CARTESIAN_POINT('',(0.,0.));
#3573 = VECTOR('',#3574,1.);
#3574 = DIRECTION('',(1.,0.));
#3575 = ( GEOMETRIC_REPRESENTATION_CONTEXT(2) 
PARAMETRIC_REPRESENTATION_CONTEXT() REPRESENTATION_CONTEXT('2D SPACE',''
  ) );
#3576 = FACE_BOUND('',#3577,.F.);
#3577 = EDGE_LOOP('',(#3578));
#3578 = ORIENTED_EDGE('',*,*,#2517,.F.);
#3579 = ADVANCED_FACE('',(#3580),#2655,.F.);
#3580 = FACE_BOUND('',#3581,.F.);
#3581 = EDGE_LOOP('',(#3582,#3583,#3584,#3585));
#3582 = ORIENTED_EDGE('',*,*,#2760,.F.);
#3583 = ORIENTED_EDGE('',*,*,#2900,.F.);
#3584 = ORIENTED_EDGE('',*,*,#2639,.T.);
#3585 = ORIENTED_EDGE('',*,*,#2956,.T.);
#3586 = ADVANCED_FACE('',(#3587),#3156,.T.);
#3587 = FACE_BOUND('',#3588,.T.);
#3588 = EDGE_LOOP('',(#3589,#3590,#3613,#3640));
#3589 = ORIENTED_EDGE('',*,*,#3139,.F.);
#3590 = ORIENTED_EDGE('',*,*,#3591,.F.);
#3591 = EDGE_CURVE('',#3592,#3140,#3594,.T.);
#3592 = VERTEX_POINT('',#3593);
#3593 = CARTESIAN_POINT('',(-45.6,-22.,-4.1625));
#3594 = SEAM_CURVE('',#3595,(#3599,#3606),.PCURVE_S1.);
#3595 = LINE('',#3596,#3597);
#3596 = CARTESIAN_POINT('',(-45.6,-22.,-4.1625));
#3597 = VECTOR('',#3598,1.);
#3598 = DIRECTION('',(0.,0.,1.));
#3599 = PCURVE('',#3156,#3600);
#3600 = DEFINITIONAL_REPRESENTATION('',(#3601),#3605);
#3601 = LINE('',#3602,#3603);
#3602 = CARTESIAN_POINT('',(6.28318530718,-0.));
#3603 = VECTOR('',#3604,1.);
#3604 = DIRECTION('',(0.,1.));
#3605 = ( GEOMETRIC_REPRESENTATION_CONTEXT(2) 
PARAMETRIC_REPRESENTATION_CONTEXT() REPRESENTATION_CONTEXT('2D SPACE',''
  ) );
#3606 = PCURVE('',#3156,#3607);
#3607 = DEFINITIONAL_REPRESENTATION('',(#3608),#3612);
#3608 = LINE('',#3609,#3610);
#3609 = CARTESIAN_POINT('',(0.,-0.));
#3610 = VECTOR('',#3611,1.);
#3611 = DIRECTION('',(0.,1.));
#3612 = ( GEOMETRIC_REPRESENTATION_CONTEXT(2) 
PARAMETRIC_REPRESENTATION_CONTEXT() REPRESENTATION_CONTEXT('2D SPACE',''
  ) );
#3613 = ORIENTED_EDGE('',*,*,#3614,.T.);
#3614 = EDGE_CURVE('',#3592,#3592,#3615,.T.);
#3615 = SURFACE_CURVE('',#3616,(#3621,#3628),.PCURVE_S1.);
#3616 = CIRCLE('',#3617,2.4);
#3617 = AXIS2_PLACEMENT_3D('',#3618,#3619,#3620);
#3618 = CARTESIAN_POINT('',(-48.,-22.,-4.1625));
#3619 = DIRECTION('',(0.,0.,1.));
#3620 = DIRECTION('',(1.,0.,0.));
#3621 = PCURVE('',#3156,#3622);
#3622 = DEFINITIONAL_REPRESENTATION('',(#3623),#3627);
#3623 = LINE('',#3624,#3625);
#3624 = CARTESIAN_POINT('',(0.,0.));
#3625 = VECTOR('',#3626,1.);
#3626 = DIRECTION('',(1.,0.));
#3627 = ( GEOMETRIC_REPRESENTATION_CONTEXT(2) 
PARAMETRIC_REPRESENTATION_CONTEXT() REPRESENTATION_CONTEXT('2D SPACE',''
  ) );
#3628 = PCURVE('',#3629,#3634);
#3629 = PLANE('',#3630);
#3630 = AXIS2_PLACEMENT_3D('',#3631,#3632,#3633);
#3631 = CARTESIAN_POINT('',(-48.,-22.,-4.1625));
#3632 = DIRECTION('',(0.,0.,1.));
#3633 = DIRECTION('',(1.,0.,0.));
#3634 = DEFINITIONAL_REPRESENTATION('',(#3635),#3639);
#3635 = CIRCLE('',#3636,2.4);
#3636 = AXIS2_PLACEMENT_2D('',#3637,#3638);
#3637 = CARTESIAN_POINT('',(0.,0.));
#3638 = DIRECTION('',(1.,0.));
#3639 = ( GEOMETRIC_REPRESENTATION_CONTEXT(2) 
PARAMETRIC_REPRESENTATION_CONTEXT() REPRESENTATION_CONTEXT('2D SPACE',''
  ) );
#3640 = ORIENTED_EDGE('',*,*,#3591,.T.);
#3641 = ADVANCED_FACE('',(#3642),#3187,.T.);
#3642 = FACE_BOUND('',#3643,.T.);
#3643 = EDGE_LOOP('',(#3644,#3645,#3668,#3695));
#3644 = ORIENTED_EDGE('',*,*,#3170,.F.);
#3645 = ORIENTED_EDGE('',*,*,#3646,.F.);
#3646 = EDGE_CURVE('',#3647,#3171,#3649,.T.);
#3647 = VERTEX_POINT('',#3648);
#3648 = CARTESIAN_POINT('',(50.4,-22.,-4.1625));
#3649 = SEAM_CURVE('',#3650,(#3654,#3661),.PCURVE_S1.);
#3650 = LINE('',#3651,#3652);
#3651 = CARTESIAN_POINT('',(50.4,-22.,-4.1625));
#3652 = VECTOR('',#3653,1.);
#3653 = DIRECTION('',(0.,0.,1.));
#3654 = PCURVE('',#3187,#3655);
#3655 = DEFINITIONAL_REPRESENTATION('',(#3656),#3660);
#3656 = LINE('',#3657,#3658);
#3657 = CARTESIAN_POINT('',(6.28318530718,-0.));
#3658 = VECTOR('',#3659,1.);
#3659 = DIRECTION('',(0.,1.));
#3660 = ( GEOMETRIC_REPRESENTATION_CONTEXT(2) 
PARAMETRIC_REPRESENTATION_CONTEXT() REPRESENTATION_CONTEXT('2D SPACE',''
  ) );
#3661 = PCURVE('',#3187,#3662);
#3662 = DEFINITIONAL_REPRESENTATION('',(#3663),#3667);
#3663 = LINE('',#3664,#3665);
#3664 = CARTESIAN_POINT('',(0.,-0.));
#3665 = VECTOR('',#3666,1.);
#3666 = DIRECTION('',(0.,1.));
#3667 = ( GEOMETRIC_REPRESENTATION_CONTEXT(2) 
PARAMETRIC_REPRESENTATION_CONTEXT() REPRESENTATION_CONTEXT('2D SPACE',''
  ) );
#3668 = ORIENTED_EDGE('',*,*,#3669,.T.);
#3669 = EDGE_CURVE('',#3647,#3647,#3670,.T.);
#3670 = SURFACE_CURVE('',#3671,(#3676,#3683),.PCURVE_S1.);
#3671 = CIRCLE('',#3672,2.4);
#3672 = AXIS2_PLACEMENT_3D('',#3673,#3674,#3675);
#3673 = CARTESIAN_POINT('',(48.,-22.,-4.1625));
#3674 = DIRECTION('',(0.,0.,1.));
#3675 = DIRECTION('',(1.,0.,0.));
#3676 = PCURVE('',#3187,#3677);
#3677 = DEFINITIONAL_REPRESENTATION('',(#3678),#3682);
#3678 = LINE('',#3679,#3680);
#3679 = CARTESIAN_POINT('',(0.,0.));
#3680 = VECTOR('',#3681,1.);
#3681 = DIRECTION('',(1.,0.));
#3682 = ( GEOMETRIC_REPRESENTATION_CONTEXT(2) 
PARAMETRIC_REPRESENTATION_CONTEXT() REPRESENTATION_CONTEXT('2D SPACE',''
  ) );
#3683 = PCURVE('',#3684,#3689);
#3684 = PLANE('',#3685);
#3685 = AXIS2_PLACEMENT_3D('',#3686,#3687,#3688);
#3686 = CARTESIAN_POINT('',(48.,-22.,-4.1625));
#3687 = DIRECTION('',(0.,0.,1.));
#3688 = DIRECTION('',(1.,0.,0.));
#3689 = DEFINITIONAL_REPRESENTATION('',(#3690),#3694);
#3690 = CIRCLE('',#3691,2.4);
#3691 = AXIS2_PLACEMENT_2D('',#3692,#3693);
#3692 = CARTESIAN_POINT('',(0.,0.));
#3693 = DIRECTION('',(1.,0.));
#3694 = ( GEOMETRIC_REPRESENTATION_CONTEXT(2) 
PARAMETRIC_REPRESENTATION_CONTEXT() REPRESENTATION_CONTEXT('2D SPACE',''
  ) );
#3695 = ORIENTED_EDGE('',*,*,#3646,.T.);
#3696 = ADVANCED_FACE('',(#3697),#3218,.T.);
#3697 = FACE_BOUND('',#3698,.T.);
#3698 = EDGE_LOOP('',(#3699,#3700,#3723,#3750));
#3699 = ORIENTED_EDGE('',*,*,#3201,.F.);
#3700 = ORIENTED_EDGE('',*,*,#3701,.F.);
#3701 = EDGE_CURVE('',#3702,#3202,#3704,.T.);
#3702 = VERTEX_POINT('',#3703);
#3703 = CARTESIAN_POINT('',(-45.6,22.,-4.1625));
#3704 = SEAM_CURVE('',#3705,(#3709,#3716),.PCURVE_S1.);
#3705 = LINE('',#3706,#3707);
#3706 = CARTESIAN_POINT('',(-45.6,22.,-4.1625));
#3707 = VECTOR('',#3708,1.);
#3708 = DIRECTION('',(0.,0.,1.));
#3709 = PCURVE('',#3218,#3710);
#3710 = DEFINITIONAL_REPRESENTATION('',(#3711),#3715);
#3711 = LINE('',#3712,#3713);
#3712 = CARTESIAN_POINT('',(6.28318530718,-0.));
#3713 = VECTOR('',#3714,1.);
#3714 = DIRECTION('',(0.,1.));
#3715 = ( GEOMETRIC_REPRESENTATION_CONTEXT(2) 
PARAMETRIC_REPRESENTATION_CONTEXT() REPRESENTATION_CONTEXT('2D SPACE',''
  ) );
#3716 = PCURVE('',#3218,#3717);
#3717 = DEFINITIONAL_REPRESENTATION('',(#3718),#3722);
#3718 = LINE('',#3719,#3720);
#3719 = CARTESIAN_POINT('',(0.,-0.));
#3720 = VECTOR('',#3721,1.);
#3721 = DIRECTION('',(0.,1.));
#3722 = ( GEOMETRIC_REPRESENTATION_CONTEXT(2) 
PARAMETRIC_REPRESENTATION_CONTEXT() REPRESENTATION_CONTEXT('2D SPACE',''
  ) );
#3723 = ORIENTED_EDGE('',*,*,#3724,.T.);
#3724 = EDGE_CURVE('',#3702,#3702,#3725,.T.);
#3725 = SURFACE_CURVE('',#3726,(#3731,#3738),.PCURVE_S1.);
#3726 = CIRCLE('',#3727,2.4);
#3727 = AXIS2_PLACEMENT_3D('',#3728,#3729,#3730);
#3728 = CARTESIAN_POINT('',(-48.,22.,-4.1625));
#3729 = DIRECTION('',(0.,0.,1.));
#3730 = DIRECTION('',(1.,0.,0.));
#3731 = PCURVE('',#3218,#3732);
#3732 = DEFINITIONAL_REPRESENTATION('',(#3733),#3737);
#3733 = LINE('',#3734,#3735);
#3734 = CARTESIAN_POINT('',(0.,0.));
#3735 = VECTOR('',#3736,1.);
#3736 = DIRECTION('',(1.,0.));
#3737 = ( GEOMETRIC_REPRESENTATION_CONTEXT(2) 
PARAMETRIC_REPRESENTATION_CONTEXT() REPRESENTATION_CONTEXT('2D SPACE',''
  ) );
#3738 = PCURVE('',#3739,#3744);
#3739 = PLANE('',#3740);
#3740 = AXIS2_PLACEMENT_3D('',#3741,#3742,#3743);
#3741 = CARTESIAN_POINT('',(-48.,22.,-4.1625));
#3742 = DIRECTION('',(0.,0.,1.));
#3743 = DIRECTION('',(1.,0.,0.));
#3744 = DEFINITIONAL_REPRESENTATION('',(#3745),#3749);
#3745 = CIRCLE('',#3746,2.4);
#3746 = AXIS2_PLACEMENT_2D('',#3747,#3748);
#3747 = CARTESIAN_POINT('',(0.,0.));
#3748 = DIRECTION('',(1.,0.));
#3749 = ( GEOMETRIC_REPRESENTATION_CONTEXT(2) 
PARAMETRIC_REPRESENTATION_CONTEXT() REPRESENTATION_CONTEXT('2D SPACE',''
  ) );
#3750 = ORIENTED_EDGE('',*,*,#3701,.T.);
#3751 = ADVANCED_FACE('',(#3752),#3252,.T.);
#3752 = FACE_BOUND('',#3753,.T.);
#3753 = EDGE_LOOP('',(#3754,#3755,#3776,#3777));
#3754 = ORIENTED_EDGE('',*,*,#3235,.F.);
#3755 = ORIENTED_EDGE('',*,*,#3756,.F.);
#3756 = EDGE_CURVE('',#3554,#3236,#3757,.T.);
#3757 = SEAM_CURVE('',#3758,(#3762,#3769),.PCURVE_S1.);
#3758 = LINE('',#3759,#3760);
#3759 = CARTESIAN_POINT('',(50.4,22.,-4.1625));
#3760 = VECTOR('',#3761,1.);
#3761 = DIRECTION('',(0.,0.,1.));
#3762 = PCURVE('',#3252,#3763);
#3763 = DEFINITIONAL_REPRESENTATION('',(#3764),#3768);
#3764 = LINE('',#3765,#3766);
#3765 = CARTESIAN_POINT('',(6.28318530718,-0.));
#3766 = VECTOR('',#3767,1.);
#3767 = DIRECTION('',(0.,1.));
#3768 = ( GEOMETRIC_REPRESENTATION_CONTEXT(2) 
PARAMETRIC_REPRESENTATION_CONTEXT() REPRESENTATION_CONTEXT('2D SPACE',''
  ) );
#3769 = PCURVE('',#3252,#3770);
#3770 = DEFINITIONAL_REPRESENTATION('',(#3771),#3775);
#3771 = LINE('',#3772,#3773);
#3772 = CARTESIAN_POINT('',(0.,-0.));
#3773 = VECTOR('',#3774,1.);
#3774 = DIRECTION('',(0.,1.));
#3775 = ( GEOMETRIC_REPRESENTATION_CONTEXT(2) 
PARAMETRIC_REPRESENTATION_CONTEXT() REPRESENTATION_CONTEXT('2D SPACE',''
  ) );
#3776 = ORIENTED_EDGE('',*,*,#3553,.T.);
#3777 = ORIENTED_EDGE('',*,*,#3756,.T.);
#3778 = ADVANCED_FACE('',(#3779),#3468,.F.);
#3779 = FACE_BOUND('',#3780,.F.);
#3780 = EDGE_LOOP('',(#3781,#3782,#3805,#3827));
#3781 = ORIENTED_EDGE('',*,*,#3451,.F.);
#3782 = ORIENTED_EDGE('',*,*,#3783,.F.);
#3783 = EDGE_CURVE('',#3784,#3452,#3786,.T.);
#3784 = VERTEX_POINT('',#3785);
#3785 = CARTESIAN_POINT('',(-47.1,-22.,-4.1625));
#3786 = SEAM_CURVE('',#3787,(#3791,#3798),.PCURVE_S1.);
#3787 = LINE('',#3788,#3789);
#3788 = CARTESIAN_POINT('',(-47.1,-22.,-4.2625));
#3789 = VECTOR('',#3790,1.);
#3790 = DIRECTION('',(0.,0.,1.));
#3791 = PCURVE('',#3468,#3792);
#3792 = DEFINITIONAL_REPRESENTATION('',(#3793),#3797);
#3793 = LINE('',#3794,#3795);
#3794 = CARTESIAN_POINT('',(6.28318530718,-0.));
#3795 = VECTOR('',#3796,1.);
#3796 = DIRECTION('',(0.,1.));
#3797 = ( GEOMETRIC_REPRESENTATION_CONTEXT(2) 
PARAMETRIC_REPRESENTATION_CONTEXT() REPRESENTATION_CONTEXT('2D SPACE',''
  ) );
#3798 = PCURVE('',#3468,#3799);
#3799 = DEFINITIONAL_REPRESENTATION('',(#3800),#3804);
#3800 = LINE('',#3801,#3802);
#3801 = CARTESIAN_POINT('',(0.,-0.));
#3802 = VECTOR('',#3803,1.);
#3803 = DIRECTION('',(0.,1.));
#3804 = ( GEOMETRIC_REPRESENTATION_CONTEXT(2) 
PARAMETRIC_REPRESENTATION_CONTEXT() REPRESENTATION_CONTEXT('2D SPACE',''
  ) );
#3805 = ORIENTED_EDGE('',*,*,#3806,.T.);
#3806 = EDGE_CURVE('',#3784,#3784,#3807,.T.);
#3807 = SURFACE_CURVE('',#3808,(#3813,#3820),.PCURVE_S1.);
#3808 = CIRCLE('',#3809,0.9);
#3809 = AXIS2_PLACEMENT_3D('',#3810,#3811,#3812);
#3810 = CARTESIAN_POINT('',(-48.,-22.,-4.1625));
#3811 = DIRECTION('',(0.,0.,1.));
#3812 = DIRECTION('',(1.,0.,-0.));
#3813 = PCURVE('',#3468,#3814);
#3814 = DEFINITIONAL_REPRESENTATION('',(#3815),#3819);
#3815 = LINE('',#3816,#3817);
#3816 = CARTESIAN_POINT('',(0.,1.E-01));
#3817 = VECTOR('',#3818,1.);
#3818 = DIRECTION('',(1.,0.));
#3819 = ( GEOMETRIC_REPRESENTATION_CONTEXT(2) 
PARAMETRIC_REPRESENTATION_CONTEXT() REPRESENTATION_CONTEXT('2D SPACE',''
  ) );
#3820 = PCURVE('',#3629,#3821);
#3821 = DEFINITIONAL_REPRESENTATION('',(#3822),#3826);
#3822 = CIRCLE('',#3823,0.9);
#3823 = AXIS2_PLACEMENT_2D('',#3824,#3825);
#3824 = CARTESIAN_POINT('',(0.,0.));
#3825 = DIRECTION('',(1.,0.));
#3826 = ( GEOMETRIC_REPRESENTATION_CONTEXT(2) 
PARAMETRIC_REPRESENTATION_CONTEXT() REPRESENTATION_CONTEXT('2D SPACE',''
  ) );
#3827 = ORIENTED_EDGE('',*,*,#3783,.T.);
#3828 = ADVANCED_FACE('',(#3829),#3503,.F.);
#3829 = FACE_BOUND('',#3830,.F.);
#3830 = EDGE_LOOP('',(#3831,#3832,#3855,#3877));
#3831 = ORIENTED_EDGE('',*,*,#3486,.F.);
#3832 = ORIENTED_EDGE('',*,*,#3833,.F.);
#3833 = EDGE_CURVE('',#3834,#3487,#3836,.T.);
#3834 = VERTEX_POINT('',#3835);
#3835 = CARTESIAN_POINT('',(48.9,-22.,-4.1625));
#3836 = SEAM_CURVE('',#3837,(#3841,#3848),.PCURVE_S1.);
#3837 = LINE('',#3838,#3839);
#3838 = CARTESIAN_POINT('',(48.9,-22.,-4.2625));
#3839 = VECTOR('',#3840,1.);
#3840 = DIRECTION('',(0.,0.,1.));
#3841 = PCURVE('',#3503,#3842);
#3842 = DEFINITIONAL_REPRESENTATION('',(#3843),#3847);
#3843 = LINE('',#3844,#3845);
#3844 = CARTESIAN_POINT('',(6.28318530718,-0.));
#3845 = VECTOR('',#3846,1.);
#3846 = DIRECTION('',(0.,1.));
#3847 = ( GEOMETRIC_REPRESENTATION_CONTEXT(2) 
PARAMETRIC_REPRESENTATION_CONTEXT() REPRESENTATION_CONTEXT('2D SPACE',''
  ) );
#3848 = PCURVE('',#3503,#3849);
#3849 = DEFINITIONAL_REPRESENTATION('',(#3850),#3854);
#3850 = LINE('',#3851,#3852);
#3851 = CARTESIAN_POINT('',(0.,-0.));
#3852 = VECTOR('',#3853,1.);
#3853 = DIRECTION('',(0.,1.));
#3854 = ( GEOMETRIC_REPRESENTATION_CONTEXT(2) 
PARAMETRIC_REPRESENTATION_CONTEXT() REPRESENTATION_CONTEXT('2D SPACE',''
  ) );
#3855 = ORIENTED_EDGE('',*,*,#3856,.T.);
#3856 = EDGE_CURVE('',#3834,#3834,#3857,.T.);
#3857 = SURFACE_CURVE('',#3858,(#3863,#3870),.PCURVE_S1.);
#3858 = CIRCLE('',#3859,0.9);
#3859 = AXIS2_PLACEMENT_3D('',#3860,#3861,#3862);
#3860 = CARTESIAN_POINT('',(48.,-22.,-4.1625));
#3861 = DIRECTION('',(0.,0.,1.));
#3862 = DIRECTION('',(1.,0.,-0.));
#3863 = PCURVE('',#3503,#3864);
#3864 = DEFINITIONAL_REPRESENTATION('',(#3865),#3869);
#3865 = LINE('',#3866,#3867);
#3866 = CARTESIAN_POINT('',(0.,1.E-01));
#3867 = VECTOR('',#3868,1.);
#3868 = DIRECTION('',(1.,0.));
#3869 = ( GEOMETRIC_REPRESENTATION_CONTEXT(2) 
PARAMETRIC_REPRESENTATION_CONTEXT() REPRESENTATION_CONTEXT('2D SPACE',''
  ) );
#3870 = PCURVE('',#3684,#3871);
#3871 = DEFINITIONAL_REPRESENTATION('',(#3872),#3876);
#3872 = CIRCLE('',#3873,0.9);
#3873 = AXIS2_PLACEMENT_2D('',#3874,#3875);
#3874 = CARTESIAN_POINT('',(0.,0.));
#3875 = DIRECTION('',(1.,0.));
#3876 = ( GEOMETRIC_REPRESENTATION_CONTEXT(2) 
PARAMETRIC_REPRESENTATION_CONTEXT() REPRESENTATION_CONTEXT('2D SPACE',''
  ) );
#3877 = ORIENTED_EDGE('',*,*,#3833,.T.);
#3878 = ADVANCED_FACE('',(#3879),#3538,.F.);
#3879 = FACE_BOUND('',#3880,.F.);
#3880 = EDGE_LOOP('',(#3881,#3882,#3905,#3927));
#3881 = ORIENTED_EDGE('',*,*,#3521,.F.);
#3882 = ORIENTED_EDGE('',*,*,#3883,.F.);
#3883 = EDGE_CURVE('',#3884,#3522,#3886,.T.);
#3884 = VERTEX_POINT('',#3885);
#3885 = CARTESIAN_POINT('',(-47.1,22.,-4.1625));
#3886 = SEAM_CURVE('',#3887,(#3891,#3898),.PCURVE_S1.);
#3887 = LINE('',#3888,#3889);
#3888 = CARTESIAN_POINT('',(-47.1,22.,-4.2625));
#3889 = VECTOR('',#3890,1.);
#3890 = DIRECTION('',(0.,0.,1.));
#3891 = PCURVE('',#3538,#3892);
#3892 = DEFINITIONAL_REPRESENTATION('',(#3893),#3897);
#3893 = LINE('',#3894,#3895);
#3894 = CARTESIAN_POINT('',(6.28318530718,-0.));
#3895 = VECTOR('',#3896,1.);
#3896 = DIRECTION('',(0.,1.));
#3897 = ( GEOMETRIC_REPRESENTATION_CONTEXT(2) 
PARAMETRIC_REPRESENTATION_CONTEXT() REPRESENTATION_CONTEXT('2D SPACE',''
  ) );
#3898 = PCURVE('',#3538,#3899);
#3899 = DEFINITIONAL_REPRESENTATION('',(#3900),#3904);
#3900 = LINE('',#3901,#3902);
#3901 = CARTESIAN_POINT('',(0.,-0.));
#3902 = VECTOR('',#3903,1.);
#3903 = DIRECTION('',(0.,1.));
#3904 = ( GEOMETRIC_REPRESENTATION_CONTEXT(2) 
PARAMETRIC_REPRESENTATION_CONTEXT() REPRESENTATION_CONTEXT('2D SPACE',''
  ) );
#3905 = ORIENTED_EDGE('',*,*,#3906,.T.);
#3906 = EDGE_CURVE('',#3884,#3884,#3907,.T.);
#3907 = SURFACE_CURVE('',#3908,(#3913,#3920),.PCURVE_S1.);
#3908 = CIRCLE('',#3909,0.9);
#3909 = AXIS2_PLACEMENT_3D('',#3910,#3911,#3912);
#3910 = CARTESIAN_POINT('',(-48.,22.,-4.1625));
#3911 = DIRECTION('',(0.,0.,1.));
#3912 = DIRECTION('',(1.,0.,-0.));
#3913 = PCURVE('',#3538,#3914);
#3914 = DEFINITIONAL_REPRESENTATION('',(#3915),#3919);
#3915 = LINE('',#3916,#3917);
#3916 = CARTESIAN_POINT('',(0.,1.E-01));
#3917 = VECTOR('',#3918,1.);
#3918 = DIRECTION('',(1.,0.));
#3919 = ( GEOMETRIC_REPRESENTATION_CONTEXT(2) 
PARAMETRIC_REPRESENTATION_CONTEXT() REPRESENTATION_CONTEXT('2D SPACE',''
  ) );
#3920 = PCURVE('',#3739,#3921);
#3921 = DEFINITIONAL_REPRESENTATION('',(#3922),#3926);
#3922 = CIRCLE('',#3923,0.9);
#3923 = AXIS2_PLACEMENT_2D('',#3924,#3925);
#3924 = CARTESIAN_POINT('',(0.,0.));
#3925 = DIRECTION('',(1.,0.));
#3926 = ( GEOMETRIC_REPRESENTATION_CONTEXT(2) 
PARAMETRIC_REPRESENTATION_CONTEXT() REPRESENTATION_CONTEXT('2D SPACE',''
  ) );
#3927 = ORIENTED_EDGE('',*,*,#3883,.T.);
#3928 = ADVANCED_FACE('',(#3929,#3932),#3629,.F.);
#3929 = FACE_BOUND('',#3930,.F.);
#3930 = EDGE_LOOP('',(#3931));
#3931 = ORIENTED_EDGE('',*,*,#3614,.T.);
#3932 = FACE_BOUND('',#3933,.F.);
#3933 = EDGE_LOOP('',(#3934));
#3934 = ORIENTED_EDGE('',*,*,#3806,.F.);
#3935 = ADVANCED_FACE('',(#3936,#3939),#3684,.F.);
#3936 = FACE_BOUND('',#3937,.F.);
#3937 = EDGE_LOOP('',(#3938));
#3938 = ORIENTED_EDGE('',*,*,#3669,.T.);
#3939 = FACE_BOUND('',#3940,.F.);
#3940 = EDGE_LOOP('',(#3941));
#3941 = ORIENTED_EDGE('',*,*,#3856,.F.);
#3942 = ADVANCED_FACE('',(#3943,#3946),#3739,.F.);
#3943 = FACE_BOUND('',#3944,.F.);
#3944 = EDGE_LOOP('',(#3945));
#3945 = ORIENTED_EDGE('',*,*,#3724,.T.);
#3946 = FACE_BOUND('',#3947,.F.);
#3947 = EDGE_LOOP('',(#3948));
#3948 = ORIENTED_EDGE('',*,*,#3906,.F.);
#3949 = ( GEOMETRIC_REPRESENTATION_CONTEXT(3) 
GLOBAL_UNCERTAINTY_ASSIGNED_CONTEXT((#3953)) 
GLOBAL_UNIT_ASSIGNED_CONTEXT((#3950,#3951,#3952)) REPRESENTATION_CONTEXT
('Context #1','3D Context with UNIT and UNCERTAINTY') );
#3950 = ( LENGTH_UNIT() NAMED_UNIT(*) SI_UNIT(.MILLI.,.METRE.) );
#3951 = ( NAMED_UNIT(*) PLANE_ANGLE_UNIT() SI_UNIT($,.RADIAN.) );
#3952 = ( NAMED_UNIT(*) SI_UNIT($,.STERADIAN.) SOLID_ANGLE_UNIT() );
#3953 = UNCERTAINTY_MEASURE_WITH_UNIT(LENGTH_MEASURE(1.E-07),#3950,
  'distance_accuracy_value','confusion accuracy');
#3954 = PRODUCT_RELATED_PRODUCT_CATEGORY('part',$,(#7));
ENDSEC;
END-ISO-10303-21;
