ISO-10303-21;
HEADER;
FILE_DESCRIPTION(('Open CASCADE Model'),'2;1');
FILE_NAME('Open CASCADE Shape Model','2026-09-12T01:09:24',('Author'),(
    'Open CASCADE'),'Open CASCADE STEP processor 7.9','build123d',
  'Unknown');
FILE_SCHEMA(('AUTOMOTIVE_DESIGN { 1 0 10303 214 1 1 1 1 }'));
ENDSEC;
DATA;
#1 = APPLICATION_PROTOCOL_DEFINITION('international standard',
  'automotive_design',2000,#2);
#2 = APPLICATION_CONTEXT(
  'core data for automotive mechanical design processes');
#3 = SHAPE_DEFINITION_REPRESENTATION(#4,#10);
#4 = PRODUCT_DEFINITION_SHAPE('','',#5);
#5 = PRODUCT_DEFINITION('design','',#6,#9);
#6 = PRODUCT_DEFINITION_FORMATION('','',#7);
#7 = PRODUCT('=>[0:1:1:2]','=>[0:1:1:2]','',(#8));
#8 = PRODUCT_CONTEXT('',#2,'mechanical');
#9 = PRODUCT_DEFINITION_CONTEXT('part definition',#2,'design');
#10 = SHAPE_REPRESENTATION('',(#11,#15),#19);
#11 = AXIS2_PLACEMENT_3D('',#12,#13,#14);
#12 = CARTESIAN_POINT('',(0.,0.,0.));
#13 = DIRECTION('',(0.,0.,1.));
#14 = DIRECTION('',(1.,0.,-0.));
#15 = AXIS2_PLACEMENT_3D('',#16,#17,#18);
#16 = CARTESIAN_POINT('',(0.,0.,8.525));
#17 = DIRECTION('',(0.,0.,1.));
#18 = DIRECTION('',(1.,0.,-0.));
#19 = ( GEOMETRIC_REPRESENTATION_CONTEXT(3) 
GLOBAL_UNCERTAINTY_ASSIGNED_CONTEXT((#23)) GLOBAL_UNIT_ASSIGNED_CONTEXT(
(#20,#21,#22)) REPRESENTATION_CONTEXT('Context #1',
  '3D Context with UNIT and UNCERTAINTY') );
#20 = ( LENGTH_UNIT() NAMED_UNIT(*) SI_UNIT(.MILLI.,.METRE.) );
#21 = ( NAMED_UNIT(*) PLANE_ANGLE_UNIT() SI_UNIT($,.RADIAN.) );
#22 = ( NAMED_UNIT(*) SI_UNIT($,.STERADIAN.) SOLID_ANGLE_UNIT() );
#23 = UNCERTAINTY_MEASURE_WITH_UNIT(LENGTH_MEASURE(1.E-07),#20,
  'distance_accuracy_value','confusion accuracy');
#24 = PRODUCT_RELATED_PRODUCT_CATEGORY('part',$,(#7));
#25 = SHAPE_DEFINITION_REPRESENTATION(#26,#32);
#26 = PRODUCT_DEFINITION_SHAPE('','',#27);
#27 = PRODUCT_DEFINITION('design','',#28,#31);
#28 = PRODUCT_DEFINITION_FORMATION('','',#29);
#29 = PRODUCT('COMPOUND','COMPOUND','',(#30));
#30 = PRODUCT_CONTEXT('',#2,'mechanical');
#31 = PRODUCT_DEFINITION_CONTEXT('part definition',#2,'design');
#32 = ADVANCED_BREP_SHAPE_REPRESENTATION('',(#11,#33),#2429);
#33 = MANIFOLD_SOLID_BREP('',#34);
#34 = CLOSED_SHELL('',(#35,#155,#237,#397,#560,#1089,#1116,#1165,#1215,
    #1262,#1452,#1501,#1551,#1576,#1655,#1729,#1756,#1811,#1866,#1921,
    #1976,#2031,#2086,#2141,#2196,#2243,#2270,#2297,#2304,#2359,#2386,
    #2393,#2397,#2401,#2405,#2409,#2413,#2417,#2421,#2425));
#35 = ADVANCED_FACE('',(#36),#50,.T.);
#36 = FACE_BOUND('',#37,.T.);
#37 = EDGE_LOOP('',(#38,#73,#101,#129));
#38 = ORIENTED_EDGE('',*,*,#39,.F.);
#39 = EDGE_CURVE('',#40,#42,#44,.T.);
#40 = VERTEX_POINT('',#41);
#41 = CARTESIAN_POINT('',(-55.,-21.,0.));
#42 = VERTEX_POINT('',#43);
#43 = CARTESIAN_POINT('',(-55.,21.,0.));
#44 = SURFACE_CURVE('',#45,(#49,#61),.PCURVE_S1.);
#45 = LINE('',#46,#47);
#46 = CARTESIAN_POINT('',(-55.,0.,0.));
#47 = VECTOR('',#48,1.);
#48 = DIRECTION('',(0.,1.,0.));
#49 = PCURVE('',#50,#55);
#50 = PLANE('',#51);
#51 = AXIS2_PLACEMENT_3D('',#52,#53,#54);
#52 = CARTESIAN_POINT('',(-55.,-29.,0.));
#53 = DIRECTION('',(-1.,0.,0.));
#54 = DIRECTION('',(0.,1.,0.));
#55 = DEFINITIONAL_REPRESENTATION('',(#56),#60);
#56 = LINE('',#57,#58);
#57 = CARTESIAN_POINT('',(29.,0.));
#58 = VECTOR('',#59,1.);
#59 = DIRECTION('',(1.,0.));
#60 = ( GEOMETRIC_REPRESENTATION_CONTEXT(2) 
PARAMETRIC_REPRESENTATION_CONTEXT() REPRESENTATION_CONTEXT('2D SPACE',''
  ) );
#61 = PCURVE('',#62,#67);
#62 = PLANE('',#63);
#63 = AXIS2_PLACEMENT_3D('',#64,#65,#66);
#64 = CARTESIAN_POINT('',(0.,0.,0.));
#65 = DIRECTION('',(0.,0.,1.));
#66 = DIRECTION('',(1.,0.,0.));
#67 = DEFINITIONAL_REPRESENTATION('',(#68),#72);
#68 = LINE('',#69,#70);
#69 = CARTESIAN_POINT('',(-55.,0.));
#70 = VECTOR('',#71,1.);
#71 = DIRECTION('',(0.,1.));
#72 = ( GEOMETRIC_REPRESENTATION_CONTEXT(2) 
PARAMETRIC_REPRESENTATION_CONTEXT() REPRESENTATION_CONTEXT('2D SPACE',''
  ) );
#73 = ORIENTED_EDGE('',*,*,#74,.T.);
#74 = EDGE_CURVE('',#40,#75,#77,.T.);
#75 = VERTEX_POINT('',#76);
#76 = CARTESIAN_POINT('',(-55.,-21.,6.975));
#77 = SURFACE_CURVE('',#78,(#82,#89),.PCURVE_S1.);
#78 = LINE('',#79,#80);
#79 = CARTESIAN_POINT('',(-55.,-21.,0.));
#80 = VECTOR('',#81,1.);
#81 = DIRECTION('',(0.,0.,1.));
#82 = PCURVE('',#50,#83);
#83 = DEFINITIONAL_REPRESENTATION('',(#84),#88);
#84 = LINE('',#85,#86);
#85 = CARTESIAN_POINT('',(8.,0.));
#86 = VECTOR('',#87,1.);
#87 = DIRECTION('',(0.,-1.));
#88 = ( GEOMETRIC_REPRESENTATION_CONTEXT(2) 
PARAMETRIC_REPRESENTATION_CONTEXT() REPRESENTATION_CONTEXT('2D SPACE',''
  ) );
#89 = PCURVE('',#90,#95);
#90 = CYLINDRICAL_SURFACE('',#91,8.);
#91 = AXIS2_PLACEMENT_3D('',#92,#93,#94);
#92 = CARTESIAN_POINT('',(-47.,-21.,0.));
#93 = DIRECTION('',(0.,0.,1.));
#94 = DIRECTION('',(-1.,0.,0.));
#95 = DEFINITIONAL_REPRESENTATION('',(#96),#100);
#96 = LINE('',#97,#98);
#97 = CARTESIAN_POINT('',(0.,0.));
#98 = VECTOR('',#99,1.);
#99 = DIRECTION('',(0.,1.));
#100 = ( GEOMETRIC_REPRESENTATION_CONTEXT(2) 
PARAMETRIC_REPRESENTATION_CONTEXT() REPRESENTATION_CONTEXT('2D SPACE',''
  ) );
#101 = ORIENTED_EDGE('',*,*,#102,.T.);
#102 = EDGE_CURVE('',#75,#103,#105,.T.);
#103 = VERTEX_POINT('',#104);
#104 = CARTESIAN_POINT('',(-55.,21.,6.975));
#105 = SURFACE_CURVE('',#106,(#110,#117),.PCURVE_S1.);
#106 = LINE('',#107,#108);
#107 = CARTESIAN_POINT('',(-55.,0.,6.975));
#108 = VECTOR('',#109,1.);
#109 = DIRECTION('',(0.,1.,0.));
#110 = PCURVE('',#50,#111);
#111 = DEFINITIONAL_REPRESENTATION('',(#112),#116);
#112 = LINE('',#113,#114);
#113 = CARTESIAN_POINT('',(29.,-6.975));
#114 = VECTOR('',#115,1.);
#115 = DIRECTION('',(1.,0.));
#116 = ( GEOMETRIC_REPRESENTATION_CONTEXT(2) 
PARAMETRIC_REPRESENTATION_CONTEXT() REPRESENTATION_CONTEXT('2D SPACE',''
  ) );
#117 = PCURVE('',#118,#123);
#118 = PLANE('',#119);
#119 = AXIS2_PLACEMENT_3D('',#120,#121,#122);
#120 = CARTESIAN_POINT('',(0.,0.,6.975));
#121 = DIRECTION('',(0.,0.,1.));
#122 = DIRECTION('',(1.,0.,0.));
#123 = DEFINITIONAL_REPRESENTATION('',(#124),#128);
#124 = LINE('',#125,#126);
#125 = CARTESIAN_POINT('',(-55.,0.));
#126 = VECTOR('',#127,1.);
#127 = DIRECTION('',(0.,1.));
#128 = ( GEOMETRIC_REPRESENTATION_CONTEXT(2) 
PARAMETRIC_REPRESENTATION_CONTEXT() REPRESENTATION_CONTEXT('2D SPACE',''
  ) );
#129 = ORIENTED_EDGE('',*,*,#130,.F.);
#130 = EDGE_CURVE('',#42,#103,#131,.T.);
#131 = SURFACE_CURVE('',#132,(#136,#143),.PCURVE_S1.);
#132 = LINE('',#133,#134);
#133 = CARTESIAN_POINT('',(-55.,21.,0.));
#134 = VECTOR('',#135,1.);
#135 = DIRECTION('',(0.,0.,1.));
#136 = PCURVE('',#50,#137);
#137 = DEFINITIONAL_REPRESENTATION('',(#138),#142);
#138 = LINE('',#139,#140);
#139 = CARTESIAN_POINT('',(50.,0.));
#140 = VECTOR('',#141,1.);
#141 = DIRECTION('',(0.,-1.));
#142 = ( GEOMETRIC_REPRESENTATION_CONTEXT(2) 
PARAMETRIC_REPRESENTATION_CONTEXT() REPRESENTATION_CONTEXT('2D SPACE',''
  ) );
#143 = PCURVE('',#144,#149);
#144 = CYLINDRICAL_SURFACE('',#145,8.);
#145 = AXIS2_PLACEMENT_3D('',#146,#147,#148);
#146 = CARTESIAN_POINT('',(-47.,21.,0.));
#147 = DIRECTION('',(0.,0.,1.));
#148 = DIRECTION('',(-1.,0.,0.));
#149 = DEFINITIONAL_REPRESENTATION('',(#150),#154);
#150 = LINE('',#151,#152);
#151 = CARTESIAN_POINT('',(-0.,0.));
#152 = VECTOR('',#153,1.);
#153 = DIRECTION('',(-0.,1.));
#154 = ( GEOMETRIC_REPRESENTATION_CONTEXT(2) 
PARAMETRIC_REPRESENTATION_CONTEXT() REPRESENTATION_CONTEXT('2D SPACE',''
  ) );
#155 = ADVANCED_FACE('',(#156),#62,.F.);
#156 = FACE_BOUND('',#157,.F.);
#157 = EDGE_LOOP('',(#158,#159,#183,#211));
#158 = ORIENTED_EDGE('',*,*,#39,.F.);
#159 = ORIENTED_EDGE('',*,*,#160,.T.);
#160 = EDGE_CURVE('',#40,#161,#163,.T.);
#161 = VERTEX_POINT('',#162);
#162 = CARTESIAN_POINT('',(-53.4,-25.8,0.));
#163 = SURFACE_CURVE('',#164,(#169,#176),.PCURVE_S1.);
#164 = CIRCLE('',#165,8.);
#165 = AXIS2_PLACEMENT_3D('',#166,#167,#168);
#166 = CARTESIAN_POINT('',(-47.,-21.,0.));
#167 = DIRECTION('',(0.,0.,1.));
#168 = DIRECTION('',(0.,-1.,0.));
#169 = PCURVE('',#62,#170);
#170 = DEFINITIONAL_REPRESENTATION('',(#171),#175);
#171 = CIRCLE('',#172,8.);
#172 = AXIS2_PLACEMENT_2D('',#173,#174);
#173 = CARTESIAN_POINT('',(-47.,-21.));
#174 = DIRECTION('',(0.,-1.));
#175 = ( GEOMETRIC_REPRESENTATION_CONTEXT(2) 
PARAMETRIC_REPRESENTATION_CONTEXT() REPRESENTATION_CONTEXT('2D SPACE',''
  ) );
#176 = PCURVE('',#90,#177);
#177 = DEFINITIONAL_REPRESENTATION('',(#178),#182);
#178 = LINE('',#179,#180);
#179 = CARTESIAN_POINT('',(-4.712388980385,0.));
#180 = VECTOR('',#181,1.);
#181 = DIRECTION('',(1.,0.));
#182 = ( GEOMETRIC_REPRESENTATION_CONTEXT(2) 
PARAMETRIC_REPRESENTATION_CONTEXT() REPRESENTATION_CONTEXT('2D SPACE',''
  ) );
#183 = ORIENTED_EDGE('',*,*,#184,.T.);
#184 = EDGE_CURVE('',#161,#185,#187,.T.);
#185 = VERTEX_POINT('',#186);
#186 = CARTESIAN_POINT('',(-53.4,25.8,0.));
#187 = SURFACE_CURVE('',#188,(#192,#199),.PCURVE_S1.);
#188 = LINE('',#189,#190);
#189 = CARTESIAN_POINT('',(-53.4,-27.4,0.));
#190 = VECTOR('',#191,1.);
#191 = DIRECTION('',(-0.,1.,0.));
#192 = PCURVE('',#62,#193);
#193 = DEFINITIONAL_REPRESENTATION('',(#194),#198);
#194 = LINE('',#195,#196);
#195 = CARTESIAN_POINT('',(-53.4,-27.4));
#196 = VECTOR('',#197,1.);
#197 = DIRECTION('',(0.,1.));
#198 = ( GEOMETRIC_REPRESENTATION_CONTEXT(2) 
PARAMETRIC_REPRESENTATION_CONTEXT() REPRESENTATION_CONTEXT('2D SPACE',''
  ) );
#199 = PCURVE('',#200,#205);
#200 = PLANE('',#201);
#201 = AXIS2_PLACEMENT_3D('',#202,#203,#204);
#202 = CARTESIAN_POINT('',(-53.4,-27.4,0.));
#203 = DIRECTION('',(1.,0.,-0.));
#204 = DIRECTION('',(0.,0.,1.));
#205 = DEFINITIONAL_REPRESENTATION('',(#206),#210);
#206 = LINE('',#207,#208);
#207 = CARTESIAN_POINT('',(0.,0.));
#208 = VECTOR('',#209,1.);
#209 = DIRECTION('',(0.,-1.));
#210 = ( GEOMETRIC_REPRESENTATION_CONTEXT(2) 
PARAMETRIC_REPRESENTATION_CONTEXT() REPRESENTATION_CONTEXT('2D SPACE',''
  ) );
#211 = ORIENTED_EDGE('',*,*,#212,.F.);
#212 = EDGE_CURVE('',#42,#185,#213,.T.);
#213 = SURFACE_CURVE('',#214,(#219,#230),.PCURVE_S1.);
#214 = CIRCLE('',#215,8.);
#215 = AXIS2_PLACEMENT_3D('',#216,#217,#218);
#216 = CARTESIAN_POINT('',(-47.,21.,0.));
#217 = DIRECTION('',(-0.,-0.,-1.));
#218 = DIRECTION('',(0.,-1.,0.));
#219 = PCURVE('',#62,#220);
#220 = DEFINITIONAL_REPRESENTATION('',(#221),#229);
#221 = ( BOUNDED_CURVE() B_SPLINE_CURVE(2,(#222,#223,#224,#225,#226,#227
,#228),.UNSPECIFIED.,.T.,.F.) B_SPLINE_CURVE_WITH_KNOTS((1,2,2,2,2,1),(
    -2.094395102393,0.,2.094395102393,4.188790204786,6.28318530718,
8.377580409573),.UNSPECIFIED.) CURVE() GEOMETRIC_REPRESENTATION_ITEM() 
RATIONAL_B_SPLINE_CURVE((1.,0.5,1.,0.5,1.,0.5,1.)) REPRESENTATION_ITEM(
  '') );
#222 = CARTESIAN_POINT('',(-47.,13.));
#223 = CARTESIAN_POINT('',(-60.85640646055,13.));
#224 = CARTESIAN_POINT('',(-53.92820323027,25.));
#225 = CARTESIAN_POINT('',(-47.,37.));
#226 = CARTESIAN_POINT('',(-40.07179676972,25.));
#227 = CARTESIAN_POINT('',(-33.14359353944,13.));
#228 = CARTESIAN_POINT('',(-47.,13.));
#229 = ( GEOMETRIC_REPRESENTATION_CONTEXT(2) 
PARAMETRIC_REPRESENTATION_CONTEXT() REPRESENTATION_CONTEXT('2D SPACE',''
  ) );
#230 = PCURVE('',#144,#231);
#231 = DEFINITIONAL_REPRESENTATION('',(#232),#236);
#232 = LINE('',#233,#234);
#233 = CARTESIAN_POINT('',(1.570796326795,-0.));
#234 = VECTOR('',#235,1.);
#235 = DIRECTION('',(-1.,0.));
#236 = ( GEOMETRIC_REPRESENTATION_CONTEXT(2) 
PARAMETRIC_REPRESENTATION_CONTEXT() REPRESENTATION_CONTEXT('2D SPACE',''
  ) );
#237 = ADVANCED_FACE('',(#238),#90,.T.);
#238 = FACE_BOUND('',#239,.T.);
#239 = EDGE_LOOP('',(#240,#241,#242,#263,#292,#318,#347,#375));
#240 = ORIENTED_EDGE('',*,*,#74,.F.);
#241 = ORIENTED_EDGE('',*,*,#160,.T.);
#242 = ORIENTED_EDGE('',*,*,#243,.T.);
#243 = EDGE_CURVE('',#161,#244,#246,.T.);
#244 = VERTEX_POINT('',#245);
#245 = CARTESIAN_POINT('',(-53.4,-25.8,5.375));
#246 = SURFACE_CURVE('',#247,(#251,#257),.PCURVE_S1.);
#247 = LINE('',#248,#249);
#248 = CARTESIAN_POINT('',(-53.4,-25.8,0.));
#249 = VECTOR('',#250,1.);
#250 = DIRECTION('',(0.,0.,1.));
#251 = PCURVE('',#90,#252);
#252 = DEFINITIONAL_REPRESENTATION('',(#253),#256);
#253 = B_SPLINE_CURVE_WITH_KNOTS('',1,(#254,#255),.UNSPECIFIED.,.F.,.F.,
  (2,2),(-6.E-07,5.9125),.PIECEWISE_BEZIER_KNOTS.);
#254 = CARTESIAN_POINT('',(0.643501108793,-6.E-07));
#255 = CARTESIAN_POINT('',(0.643501108793,5.9125));
#256 = ( GEOMETRIC_REPRESENTATION_CONTEXT(2) 
PARAMETRIC_REPRESENTATION_CONTEXT() REPRESENTATION_CONTEXT('2D SPACE',''
  ) );
#257 = PCURVE('',#200,#258);
#258 = DEFINITIONAL_REPRESENTATION('',(#259),#262);
#259 = B_SPLINE_CURVE_WITH_KNOTS('',1,(#260,#261),.UNSPECIFIED.,.F.,.F.,
  (2,2),(-6.E-07,5.9125),.PIECEWISE_BEZIER_KNOTS.);
#260 = CARTESIAN_POINT('',(-6.E-07,-1.6));
#261 = CARTESIAN_POINT('',(5.9125,-1.6));
#262 = ( GEOMETRIC_REPRESENTATION_CONTEXT(2) 
PARAMETRIC_REPRESENTATION_CONTEXT() REPRESENTATION_CONTEXT('2D SPACE',''
  ) );
#263 = ORIENTED_EDGE('',*,*,#264,.T.);
#264 = EDGE_CURVE('',#244,#265,#267,.T.);
#265 = VERTEX_POINT('',#266);
#266 = CARTESIAN_POINT('',(-51.8,-27.4,5.375));
#267 = SURFACE_CURVE('',#268,(#273,#280),.PCURVE_S1.);
#268 = CIRCLE('',#269,8.);
#269 = AXIS2_PLACEMENT_3D('',#270,#271,#272);
#270 = CARTESIAN_POINT('',(-47.,-21.,5.375));
#271 = DIRECTION('',(0.,0.,1.));
#272 = DIRECTION('',(-1.,0.,0.));
#273 = PCURVE('',#90,#274);
#274 = DEFINITIONAL_REPRESENTATION('',(#275),#279);
#275 = LINE('',#276,#277);
#276 = CARTESIAN_POINT('',(0.,5.375));
#277 = VECTOR('',#278,1.);
#278 = DIRECTION('',(1.,0.));
#279 = ( GEOMETRIC_REPRESENTATION_CONTEXT(2) 
PARAMETRIC_REPRESENTATION_CONTEXT() REPRESENTATION_CONTEXT('2D SPACE',''
  ) );
#280 = PCURVE('',#281,#286);
#281 = PLANE('',#282);
#282 = AXIS2_PLACEMENT_3D('',#283,#284,#285);
#283 = CARTESIAN_POINT('',(-53.4,-27.4,5.375));
#284 = DIRECTION('',(0.,0.,1.));
#285 = DIRECTION('',(1.,0.,-0.));
#286 = DEFINITIONAL_REPRESENTATION('',(#287),#291);
#287 = CIRCLE('',#288,8.);
#288 = AXIS2_PLACEMENT_2D('',#289,#290);
#289 = CARTESIAN_POINT('',(6.4,6.4));
#290 = DIRECTION('',(-1.,0.));
#291 = ( GEOMETRIC_REPRESENTATION_CONTEXT(2) 
PARAMETRIC_REPRESENTATION_CONTEXT() REPRESENTATION_CONTEXT('2D SPACE',''
  ) );
#292 = ORIENTED_EDGE('',*,*,#293,.F.);
#293 = EDGE_CURVE('',#294,#265,#296,.T.);
#294 = VERTEX_POINT('',#295);
#295 = CARTESIAN_POINT('',(-51.8,-27.4,0.));
#296 = SURFACE_CURVE('',#297,(#301,#307),.PCURVE_S1.);
#297 = LINE('',#298,#299);
#298 = CARTESIAN_POINT('',(-51.8,-27.4,0.));
#299 = VECTOR('',#300,1.);
#300 = DIRECTION('',(0.,0.,1.));
#301 = PCURVE('',#90,#302);
#302 = DEFINITIONAL_REPRESENTATION('',(#303),#306);
#303 = B_SPLINE_CURVE_WITH_KNOTS('',1,(#304,#305),.UNSPECIFIED.,.F.,.F.,
  (2,2),(-6.E-07,5.9125),.PIECEWISE_BEZIER_KNOTS.);
#304 = CARTESIAN_POINT('',(0.927295218002,-6.E-07));
#305 = CARTESIAN_POINT('',(0.927295218002,5.9125));
#306 = ( GEOMETRIC_REPRESENTATION_CONTEXT(2) 
PARAMETRIC_REPRESENTATION_CONTEXT() REPRESENTATION_CONTEXT('2D SPACE',''
  ) );
#307 = PCURVE('',#308,#313);
#308 = PLANE('',#309);
#309 = AXIS2_PLACEMENT_3D('',#310,#311,#312);
#310 = CARTESIAN_POINT('',(-53.4,-27.4,0.));
#311 = DIRECTION('',(-0.,1.,0.));
#312 = DIRECTION('',(0.,0.,1.));
#313 = DEFINITIONAL_REPRESENTATION('',(#314),#317);
#314 = B_SPLINE_CURVE_WITH_KNOTS('',1,(#315,#316),.UNSPECIFIED.,.F.,.F.,
  (2,2),(-6.E-07,5.9125),.PIECEWISE_BEZIER_KNOTS.);
#315 = CARTESIAN_POINT('',(-6.E-07,1.6));
#316 = CARTESIAN_POINT('',(5.9125,1.6));
#317 = ( GEOMETRIC_REPRESENTATION_CONTEXT(2) 
PARAMETRIC_REPRESENTATION_CONTEXT() REPRESENTATION_CONTEXT('2D SPACE',''
  ) );
#318 = ORIENTED_EDGE('',*,*,#319,.T.);
#319 = EDGE_CURVE('',#294,#320,#322,.T.);
#320 = VERTEX_POINT('',#321);
#321 = CARTESIAN_POINT('',(-47.,-29.,0.));
#322 = SURFACE_CURVE('',#323,(#328,#335),.PCURVE_S1.);
#323 = CIRCLE('',#324,8.);
#324 = AXIS2_PLACEMENT_3D('',#325,#326,#327);
#325 = CARTESIAN_POINT('',(-47.,-21.,0.));
#326 = DIRECTION('',(0.,0.,1.));
#327 = DIRECTION('',(0.,-1.,0.));
#328 = PCURVE('',#90,#329);
#329 = DEFINITIONAL_REPRESENTATION('',(#330),#334);
#330 = LINE('',#331,#332);
#331 = CARTESIAN_POINT('',(-4.712388980385,0.));
#332 = VECTOR('',#333,1.);
#333 = DIRECTION('',(1.,0.));
#334 = ( GEOMETRIC_REPRESENTATION_CONTEXT(2) 
PARAMETRIC_REPRESENTATION_CONTEXT() REPRESENTATION_CONTEXT('2D SPACE',''
  ) );
#335 = PCURVE('',#336,#341);
#336 = PLANE('',#337);
#337 = AXIS2_PLACEMENT_3D('',#338,#339,#340);
#338 = CARTESIAN_POINT('',(0.,0.,0.));
#339 = DIRECTION('',(0.,0.,1.));
#340 = DIRECTION('',(1.,0.,0.));
#341 = DEFINITIONAL_REPRESENTATION('',(#342),#346);
#342 = CIRCLE('',#343,8.);
#343 = AXIS2_PLACEMENT_2D('',#344,#345);
#344 = CARTESIAN_POINT('',(-47.,-21.));
#345 = DIRECTION('',(0.,-1.));
#346 = ( GEOMETRIC_REPRESENTATION_CONTEXT(2) 
PARAMETRIC_REPRESENTATION_CONTEXT() REPRESENTATION_CONTEXT('2D SPACE',''
  ) );
#347 = ORIENTED_EDGE('',*,*,#348,.T.);
#348 = EDGE_CURVE('',#320,#349,#351,.T.);
#349 = VERTEX_POINT('',#350);
#350 = CARTESIAN_POINT('',(-47.,-29.,6.975));
#351 = SURFACE_CURVE('',#352,(#356,#363),.PCURVE_S1.);
#352 = LINE('',#353,#354);
#353 = CARTESIAN_POINT('',(-47.,-29.,0.));
#354 = VECTOR('',#355,1.);
#355 = DIRECTION('',(0.,0.,1.));
#356 = PCURVE('',#90,#357);
#357 = DEFINITIONAL_REPRESENTATION('',(#358),#362);
#358 = LINE('',#359,#360);
#359 = CARTESIAN_POINT('',(1.570796326795,0.));
#360 = VECTOR('',#361,1.);
#361 = DIRECTION('',(0.,1.));
#362 = ( GEOMETRIC_REPRESENTATION_CONTEXT(2) 
PARAMETRIC_REPRESENTATION_CONTEXT() REPRESENTATION_CONTEXT('2D SPACE',''
  ) );
#363 = PCURVE('',#364,#369);
#364 = PLANE('',#365);
#365 = AXIS2_PLACEMENT_3D('',#366,#367,#368);
#366 = CARTESIAN_POINT('',(-55.,-29.,0.));
#367 = DIRECTION('',(0.,1.,0.));
#368 = DIRECTION('',(1.,0.,0.));
#369 = DEFINITIONAL_REPRESENTATION('',(#370),#374);
#370 = LINE('',#371,#372);
#371 = CARTESIAN_POINT('',(8.,0.));
#372 = VECTOR('',#373,1.);
#373 = DIRECTION('',(0.,-1.));
#374 = ( GEOMETRIC_REPRESENTATION_CONTEXT(2) 
PARAMETRIC_REPRESENTATION_CONTEXT() REPRESENTATION_CONTEXT('2D SPACE',''
  ) );
#375 = ORIENTED_EDGE('',*,*,#376,.F.);
#376 = EDGE_CURVE('',#75,#349,#377,.T.);
#377 = SURFACE_CURVE('',#378,(#383,#390),.PCURVE_S1.);
#378 = CIRCLE('',#379,8.);
#379 = AXIS2_PLACEMENT_3D('',#380,#381,#382);
#380 = CARTESIAN_POINT('',(-47.,-21.,6.975));
#381 = DIRECTION('',(0.,0.,1.));
#382 = DIRECTION('',(0.,-1.,0.));
#383 = PCURVE('',#90,#384);
#384 = DEFINITIONAL_REPRESENTATION('',(#385),#389);
#385 = LINE('',#386,#387);
#386 = CARTESIAN_POINT('',(-4.712388980385,6.975));
#387 = VECTOR('',#388,1.);
#388 = DIRECTION('',(1.,0.));
#389 = ( GEOMETRIC_REPRESENTATION_CONTEXT(2) 
PARAMETRIC_REPRESENTATION_CONTEXT() REPRESENTATION_CONTEXT('2D SPACE',''
  ) );
#390 = PCURVE('',#118,#391);
#391 = DEFINITIONAL_REPRESENTATION('',(#392),#396);
#392 = CIRCLE('',#393,8.);
#393 = AXIS2_PLACEMENT_2D('',#394,#395);
#394 = CARTESIAN_POINT('',(-47.,-21.));
#395 = DIRECTION('',(0.,-1.));
#396 = ( GEOMETRIC_REPRESENTATION_CONTEXT(2) 
PARAMETRIC_REPRESENTATION_CONTEXT() REPRESENTATION_CONTEXT('2D SPACE',''
  ) );
#397 = ADVANCED_FACE('',(#398),#144,.T.);
#398 = FACE_BOUND('',#399,.F.);
#399 = EDGE_LOOP('',(#400,#401,#402,#423,#447,#473,#506,#534));
#400 = ORIENTED_EDGE('',*,*,#130,.F.);
#401 = ORIENTED_EDGE('',*,*,#212,.T.);
#402 = ORIENTED_EDGE('',*,*,#403,.T.);
#403 = EDGE_CURVE('',#185,#404,#406,.T.);
#404 = VERTEX_POINT('',#405);
#405 = CARTESIAN_POINT('',(-53.4,25.8,5.375));
#406 = SURFACE_CURVE('',#407,(#411,#417),.PCURVE_S1.);
#407 = LINE('',#408,#409);
#408 = CARTESIAN_POINT('',(-53.4,25.8,0.));
#409 = VECTOR('',#410,1.);
#410 = DIRECTION('',(0.,0.,1.));
#411 = PCURVE('',#144,#412);
#412 = DEFINITIONAL_REPRESENTATION('',(#413),#416);
#413 = B_SPLINE_CURVE_WITH_KNOTS('',1,(#414,#415),.UNSPECIFIED.,.F.,.F.,
  (2,2),(-6.E-07,5.9125),.PIECEWISE_BEZIER_KNOTS.);
#414 = CARTESIAN_POINT('',(-0.643501108793,-6.E-07));
#415 = CARTESIAN_POINT('',(-0.643501108793,5.9125));
#416 = ( GEOMETRIC_REPRESENTATION_CONTEXT(2) 
PARAMETRIC_REPRESENTATION_CONTEXT() REPRESENTATION_CONTEXT('2D SPACE',''
  ) );
#417 = PCURVE('',#200,#418);
#418 = DEFINITIONAL_REPRESENTATION('',(#419),#422);
#419 = B_SPLINE_CURVE_WITH_KNOTS('',1,(#420,#421),.UNSPECIFIED.,.F.,.F.,
  (2,2),(-6.E-07,5.9125),.PIECEWISE_BEZIER_KNOTS.);
#420 = CARTESIAN_POINT('',(-6.E-07,-53.2));
#421 = CARTESIAN_POINT('',(5.9125,-53.2));
#422 = ( GEOMETRIC_REPRESENTATION_CONTEXT(2) 
PARAMETRIC_REPRESENTATION_CONTEXT() REPRESENTATION_CONTEXT('2D SPACE',''
  ) );
#423 = ORIENTED_EDGE('',*,*,#424,.F.);
#424 = EDGE_CURVE('',#425,#404,#427,.T.);
#425 = VERTEX_POINT('',#426);
#426 = CARTESIAN_POINT('',(-51.8,27.4,5.375));
#427 = SURFACE_CURVE('',#428,(#433,#440),.PCURVE_S1.);
#428 = CIRCLE('',#429,8.);
#429 = AXIS2_PLACEMENT_3D('',#430,#431,#432);
#430 = CARTESIAN_POINT('',(-47.,21.,5.375));
#431 = DIRECTION('',(0.,0.,1.));
#432 = DIRECTION('',(-1.,0.,0.));
#433 = PCURVE('',#144,#434);
#434 = DEFINITIONAL_REPRESENTATION('',(#435),#439);
#435 = LINE('',#436,#437);
#436 = CARTESIAN_POINT('',(-6.28318530718,5.375));
#437 = VECTOR('',#438,1.);
#438 = DIRECTION('',(1.,-0.));
#439 = ( GEOMETRIC_REPRESENTATION_CONTEXT(2) 
PARAMETRIC_REPRESENTATION_CONTEXT() REPRESENTATION_CONTEXT('2D SPACE',''
  ) );
#440 = PCURVE('',#281,#441);
#441 = DEFINITIONAL_REPRESENTATION('',(#442),#446);
#442 = CIRCLE('',#443,8.);
#443 = AXIS2_PLACEMENT_2D('',#444,#445);
#444 = CARTESIAN_POINT('',(6.4,48.4));
#445 = DIRECTION('',(-1.,0.));
#446 = ( GEOMETRIC_REPRESENTATION_CONTEXT(2) 
PARAMETRIC_REPRESENTATION_CONTEXT() REPRESENTATION_CONTEXT('2D SPACE',''
  ) );
#447 = ORIENTED_EDGE('',*,*,#448,.F.);
#448 = EDGE_CURVE('',#449,#425,#451,.T.);
#449 = VERTEX_POINT('',#450);
#450 = CARTESIAN_POINT('',(-51.8,27.4,0.));
#451 = SURFACE_CURVE('',#452,(#456,#462),.PCURVE_S1.);
#452 = LINE('',#453,#454);
#453 = CARTESIAN_POINT('',(-51.8,27.4,0.));
#454 = VECTOR('',#455,1.);
#455 = DIRECTION('',(0.,0.,1.));
#456 = PCURVE('',#144,#457);
#457 = DEFINITIONAL_REPRESENTATION('',(#458),#461);
#458 = B_SPLINE_CURVE_WITH_KNOTS('',1,(#459,#460),.UNSPECIFIED.,.F.,.F.,
  (2,2),(-6.E-07,5.9125),.PIECEWISE_BEZIER_KNOTS.);
#459 = CARTESIAN_POINT('',(-0.927295218002,-6.E-07));
#460 = CARTESIAN_POINT('',(-0.927295218002,5.9125));
#461 = ( GEOMETRIC_REPRESENTATION_CONTEXT(2) 
PARAMETRIC_REPRESENTATION_CONTEXT() REPRESENTATION_CONTEXT('2D SPACE',''
  ) );
#462 = PCURVE('',#463,#468);
#463 = PLANE('',#464);
#464 = AXIS2_PLACEMENT_3D('',#465,#466,#467);
#465 = CARTESIAN_POINT('',(-53.4,27.4,0.));
#466 = DIRECTION('',(-0.,1.,0.));
#467 = DIRECTION('',(0.,0.,1.));
#468 = DEFINITIONAL_REPRESENTATION('',(#469),#472);
#469 = B_SPLINE_CURVE_WITH_KNOTS('',1,(#470,#471),.UNSPECIFIED.,.F.,.F.,
  (2,2),(-6.E-07,5.9125),.PIECEWISE_BEZIER_KNOTS.);
#470 = CARTESIAN_POINT('',(-6.E-07,1.6));
#471 = CARTESIAN_POINT('',(5.9125,1.6));
#472 = ( GEOMETRIC_REPRESENTATION_CONTEXT(2) 
PARAMETRIC_REPRESENTATION_CONTEXT() REPRESENTATION_CONTEXT('2D SPACE',''
  ) );
#473 = ORIENTED_EDGE('',*,*,#474,.T.);
#474 = EDGE_CURVE('',#449,#475,#477,.T.);
#475 = VERTEX_POINT('',#476);
#476 = CARTESIAN_POINT('',(-47.,29.,0.));
#477 = SURFACE_CURVE('',#478,(#483,#490),.PCURVE_S1.);
#478 = CIRCLE('',#479,8.);
#479 = AXIS2_PLACEMENT_3D('',#480,#481,#482);
#480 = CARTESIAN_POINT('',(-47.,21.,0.));
#481 = DIRECTION('',(-0.,-0.,-1.));
#482 = DIRECTION('',(0.,-1.,0.));
#483 = PCURVE('',#144,#484);
#484 = DEFINITIONAL_REPRESENTATION('',(#485),#489);
#485 = LINE('',#486,#487);
#486 = CARTESIAN_POINT('',(1.570796326795,-0.));
#487 = VECTOR('',#488,1.);
#488 = DIRECTION('',(-1.,0.));
#489 = ( GEOMETRIC_REPRESENTATION_CONTEXT(2) 
PARAMETRIC_REPRESENTATION_CONTEXT() REPRESENTATION_CONTEXT('2D SPACE',''
  ) );
#490 = PCURVE('',#491,#496);
#491 = PLANE('',#492);
#492 = AXIS2_PLACEMENT_3D('',#493,#494,#495);
#493 = CARTESIAN_POINT('',(0.,0.,0.));
#494 = DIRECTION('',(0.,0.,1.));
#495 = DIRECTION('',(1.,0.,0.));
#496 = DEFINITIONAL_REPRESENTATION('',(#497),#505);
#497 = ( BOUNDED_CURVE() B_SPLINE_CURVE(2,(#498,#499,#500,#501,#502,#503
,#504),.UNSPECIFIED.,.T.,.F.) B_SPLINE_CURVE_WITH_KNOTS((1,2,2,2,2,1),(
    -2.094395102393,0.,2.094395102393,4.188790204786,6.28318530718,
8.377580409573),.UNSPECIFIED.) CURVE() GEOMETRIC_REPRESENTATION_ITEM() 
RATIONAL_B_SPLINE_CURVE((1.,0.5,1.,0.5,1.,0.5,1.)) REPRESENTATION_ITEM(
  '') );
#498 = CARTESIAN_POINT('',(-47.,13.));
#499 = CARTESIAN_POINT('',(-60.85640646055,13.));
#500 = CARTESIAN_POINT('',(-53.92820323027,25.));
#501 = CARTESIAN_POINT('',(-47.,37.));
#502 = CARTESIAN_POINT('',(-40.07179676972,25.));
#503 = CARTESIAN_POINT('',(-33.14359353944,13.));
#504 = CARTESIAN_POINT('',(-47.,13.));
#505 = ( GEOMETRIC_REPRESENTATION_CONTEXT(2) 
PARAMETRIC_REPRESENTATION_CONTEXT() REPRESENTATION_CONTEXT('2D SPACE',''
  ) );
#506 = ORIENTED_EDGE('',*,*,#507,.T.);
#507 = EDGE_CURVE('',#475,#508,#510,.T.);
#508 = VERTEX_POINT('',#509);
#509 = CARTESIAN_POINT('',(-47.,29.,6.975));
#510 = SURFACE_CURVE('',#511,(#515,#522),.PCURVE_S1.);
#511 = LINE('',#512,#513);
#512 = CARTESIAN_POINT('',(-47.,29.,0.));
#513 = VECTOR('',#514,1.);
#514 = DIRECTION('',(0.,0.,1.));
#515 = PCURVE('',#144,#516);
#516 = DEFINITIONAL_REPRESENTATION('',(#517),#521);
#517 = LINE('',#518,#519);
#518 = CARTESIAN_POINT('',(-1.570796326795,0.));
#519 = VECTOR('',#520,1.);
#520 = DIRECTION('',(-0.,1.));
#521 = ( GEOMETRIC_REPRESENTATION_CONTEXT(2) 
PARAMETRIC_REPRESENTATION_CONTEXT() REPRESENTATION_CONTEXT('2D SPACE',''
  ) );
#522 = PCURVE('',#523,#528);
#523 = PLANE('',#524);
#524 = AXIS2_PLACEMENT_3D('',#525,#526,#527);
#525 = CARTESIAN_POINT('',(-55.,29.,0.));
#526 = DIRECTION('',(0.,1.,0.));
#527 = DIRECTION('',(1.,0.,0.));
#528 = DEFINITIONAL_REPRESENTATION('',(#529),#533);
#529 = LINE('',#530,#531);
#530 = CARTESIAN_POINT('',(8.,0.));
#531 = VECTOR('',#532,1.);
#532 = DIRECTION('',(0.,-1.));
#533 = ( GEOMETRIC_REPRESENTATION_CONTEXT(2) 
PARAMETRIC_REPRESENTATION_CONTEXT() REPRESENTATION_CONTEXT('2D SPACE',''
  ) );
#534 = ORIENTED_EDGE('',*,*,#535,.F.);
#535 = EDGE_CURVE('',#103,#508,#536,.T.);
#536 = SURFACE_CURVE('',#537,(#542,#549),.PCURVE_S1.);
#537 = CIRCLE('',#538,8.);
#538 = AXIS2_PLACEMENT_3D('',#539,#540,#541);
#539 = CARTESIAN_POINT('',(-47.,21.,6.975));
#540 = DIRECTION('',(-0.,-0.,-1.));
#541 = DIRECTION('',(0.,-1.,0.));
#542 = PCURVE('',#144,#543);
#543 = DEFINITIONAL_REPRESENTATION('',(#544),#548);
#544 = LINE('',#545,#546);
#545 = CARTESIAN_POINT('',(1.570796326795,6.975));
#546 = VECTOR('',#547,1.);
#547 = DIRECTION('',(-1.,0.));
#548 = ( GEOMETRIC_REPRESENTATION_CONTEXT(2) 
PARAMETRIC_REPRESENTATION_CONTEXT() REPRESENTATION_CONTEXT('2D SPACE',''
  ) );
#549 = PCURVE('',#118,#550);
#550 = DEFINITIONAL_REPRESENTATION('',(#551),#559);
#551 = ( BOUNDED_CURVE() B_SPLINE_CURVE(2,(#552,#553,#554,#555,#556,#557
,#558),.UNSPECIFIED.,.T.,.F.) B_SPLINE_CURVE_WITH_KNOTS((1,2,2,2,2,1),(
    -2.094395102393,0.,2.094395102393,4.188790204786,6.28318530718,
8.377580409573),.UNSPECIFIED.) CURVE() GEOMETRIC_REPRESENTATION_ITEM() 
RATIONAL_B_SPLINE_CURVE((1.,0.5,1.,0.5,1.,0.5,1.)) REPRESENTATION_ITEM(
  '') );
#552 = CARTESIAN_POINT('',(-47.,13.));
#553 = CARTESIAN_POINT('',(-60.85640646055,13.));
#554 = CARTESIAN_POINT('',(-53.92820323027,25.));
#555 = CARTESIAN_POINT('',(-47.,37.));
#556 = CARTESIAN_POINT('',(-40.07179676972,25.));
#557 = CARTESIAN_POINT('',(-33.14359353944,13.));
#558 = CARTESIAN_POINT('',(-47.,13.));
#559 = ( GEOMETRIC_REPRESENTATION_CONTEXT(2) 
PARAMETRIC_REPRESENTATION_CONTEXT() REPRESENTATION_CONTEXT('2D SPACE',''
  ) );
#560 = ADVANCED_FACE('',(#561,#696,#727,#758,#789,#820,#851,#882,#913,
    #944,#1058),#118,.T.);
#561 = FACE_BOUND('',#562,.T.);
#562 = EDGE_LOOP('',(#563,#564,#565,#588,#617,#645,#674,#695));
#563 = ORIENTED_EDGE('',*,*,#102,.F.);
#564 = ORIENTED_EDGE('',*,*,#376,.T.);
#565 = ORIENTED_EDGE('',*,*,#566,.T.);
#566 = EDGE_CURVE('',#349,#567,#569,.T.);
#567 = VERTEX_POINT('',#568);
#568 = CARTESIAN_POINT('',(47.,-29.,6.975));
#569 = SURFACE_CURVE('',#570,(#574,#581),.PCURVE_S1.);
#570 = LINE('',#571,#572);
#571 = CARTESIAN_POINT('',(0.,-29.,6.975));
#572 = VECTOR('',#573,1.);
#573 = DIRECTION('',(1.,0.,0.));
#574 = PCURVE('',#118,#575);
#575 = DEFINITIONAL_REPRESENTATION('',(#576),#580);
#576 = LINE('',#577,#578);
#577 = CARTESIAN_POINT('',(0.,-29.));
#578 = VECTOR('',#579,1.);
#579 = DIRECTION('',(1.,0.));
#580 = ( GEOMETRIC_REPRESENTATION_CONTEXT(2) 
PARAMETRIC_REPRESENTATION_CONTEXT() REPRESENTATION_CONTEXT('2D SPACE',''
  ) );
#581 = PCURVE('',#364,#582);
#582 = DEFINITIONAL_REPRESENTATION('',(#583),#587);
#583 = LINE('',#584,#585);
#584 = CARTESIAN_POINT('',(55.,-6.975));
#585 = VECTOR('',#586,1.);
#586 = DIRECTION('',(1.,0.));
#587 = ( GEOMETRIC_REPRESENTATION_CONTEXT(2) 
PARAMETRIC_REPRESENTATION_CONTEXT() REPRESENTATION_CONTEXT('2D SPACE',''
  ) );
#588 = ORIENTED_EDGE('',*,*,#589,.T.);
#589 = EDGE_CURVE('',#567,#590,#592,.T.);
#590 = VERTEX_POINT('',#591);
#591 = CARTESIAN_POINT('',(55.,-21.,6.975));
#592 = SURFACE_CURVE('',#593,(#598,#605),.PCURVE_S1.);
#593 = CIRCLE('',#594,8.);
#594 = AXIS2_PLACEMENT_3D('',#595,#596,#597);
#595 = CARTESIAN_POINT('',(47.,-21.,6.975));
#596 = DIRECTION('',(0.,0.,1.));
#597 = DIRECTION('',(0.,-1.,0.));
#598 = PCURVE('',#118,#599);
#599 = DEFINITIONAL_REPRESENTATION('',(#600),#604);
#600 = CIRCLE('',#601,8.);
#601 = AXIS2_PLACEMENT_2D('',#602,#603);
#602 = CARTESIAN_POINT('',(47.,-21.));
#603 = DIRECTION('',(0.,-1.));
#604 = ( GEOMETRIC_REPRESENTATION_CONTEXT(2) 
PARAMETRIC_REPRESENTATION_CONTEXT() REPRESENTATION_CONTEXT('2D SPACE',''
  ) );
#605 = PCURVE('',#606,#611);
#606 = CYLINDRICAL_SURFACE('',#607,8.);
#607 = AXIS2_PLACEMENT_3D('',#608,#609,#610);
#608 = CARTESIAN_POINT('',(47.,-21.,0.));
#609 = DIRECTION('',(0.,0.,1.));
#610 = DIRECTION('',(0.,-1.,0.));
#611 = DEFINITIONAL_REPRESENTATION('',(#612),#616);
#612 = LINE('',#613,#614);
#613 = CARTESIAN_POINT('',(0.,6.975));
#614 = VECTOR('',#615,1.);
#615 = DIRECTION('',(1.,0.));
#616 = ( GEOMETRIC_REPRESENTATION_CONTEXT(2) 
PARAMETRIC_REPRESENTATION_CONTEXT() REPRESENTATION_CONTEXT('2D SPACE',''
  ) );
#617 = ORIENTED_EDGE('',*,*,#618,.T.);
#618 = EDGE_CURVE('',#590,#619,#621,.T.);
#619 = VERTEX_POINT('',#620);
#620 = CARTESIAN_POINT('',(55.,21.,6.975));
#621 = SURFACE_CURVE('',#622,(#626,#633),.PCURVE_S1.);
#622 = LINE('',#623,#624);
#623 = CARTESIAN_POINT('',(55.,0.,6.975));
#624 = VECTOR('',#625,1.);
#625 = DIRECTION('',(0.,1.,0.));
#626 = PCURVE('',#118,#627);
#627 = DEFINITIONAL_REPRESENTATION('',(#628),#632);
#628 = LINE('',#629,#630);
#629 = CARTESIAN_POINT('',(55.,0.));
#630 = VECTOR('',#631,1.);
#631 = DIRECTION('',(0.,1.));
#632 = ( GEOMETRIC_REPRESENTATION_CONTEXT(2) 
PARAMETRIC_REPRESENTATION_CONTEXT() REPRESENTATION_CONTEXT('2D SPACE',''
  ) );
#633 = PCURVE('',#634,#639);
#634 = PLANE('',#635);
#635 = AXIS2_PLACEMENT_3D('',#636,#637,#638);
#636 = CARTESIAN_POINT('',(55.,-29.,0.));
#637 = DIRECTION('',(-1.,0.,0.));
#638 = DIRECTION('',(0.,1.,0.));
#639 = DEFINITIONAL_REPRESENTATION('',(#640),#644);
#640 = LINE('',#641,#642);
#641 = CARTESIAN_POINT('',(29.,-6.975));
#642 = VECTOR('',#643,1.);
#643 = DIRECTION('',(1.,0.));
#644 = ( GEOMETRIC_REPRESENTATION_CONTEXT(2) 
PARAMETRIC_REPRESENTATION_CONTEXT() REPRESENTATION_CONTEXT('2D SPACE',''
  ) );
#645 = ORIENTED_EDGE('',*,*,#646,.T.);
#646 = EDGE_CURVE('',#619,#647,#649,.T.);
#647 = VERTEX_POINT('',#648);
#648 = CARTESIAN_POINT('',(47.,29.,6.975));
#649 = SURFACE_CURVE('',#650,(#655,#662),.PCURVE_S1.);
#650 = CIRCLE('',#651,8.);
#651 = AXIS2_PLACEMENT_3D('',#652,#653,#654);
#652 = CARTESIAN_POINT('',(47.,21.,6.975));
#653 = DIRECTION('',(0.,0.,1.));
#654 = DIRECTION('',(0.,-1.,0.));
#655 = PCURVE('',#118,#656);
#656 = DEFINITIONAL_REPRESENTATION('',(#657),#661);
#657 = CIRCLE('',#658,8.);
#658 = AXIS2_PLACEMENT_2D('',#659,#660);
#659 = CARTESIAN_POINT('',(47.,21.));
#660 = DIRECTION('',(0.,-1.));
#661 = ( GEOMETRIC_REPRESENTATION_CONTEXT(2) 
PARAMETRIC_REPRESENTATION_CONTEXT() REPRESENTATION_CONTEXT('2D SPACE',''
  ) );
#662 = PCURVE('',#663,#668);
#663 = CYLINDRICAL_SURFACE('',#664,8.);
#664 = AXIS2_PLACEMENT_3D('',#665,#666,#667);
#665 = CARTESIAN_POINT('',(47.,21.,0.));
#666 = DIRECTION('',(0.,0.,1.));
#667 = DIRECTION('',(1.,0.,-0.));
#668 = DEFINITIONAL_REPRESENTATION('',(#669),#673);
#669 = LINE('',#670,#671);
#670 = CARTESIAN_POINT('',(-1.570796326795,6.975));
#671 = VECTOR('',#672,1.);
#672 = DIRECTION('',(1.,0.));
#673 = ( GEOMETRIC_REPRESENTATION_CONTEXT(2) 
PARAMETRIC_REPRESENTATION_CONTEXT() REPRESENTATION_CONTEXT('2D SPACE',''
  ) );
#674 = ORIENTED_EDGE('',*,*,#675,.F.);
#675 = EDGE_CURVE('',#508,#647,#676,.T.);
#676 = SURFACE_CURVE('',#677,(#681,#688),.PCURVE_S1.);
#677 = LINE('',#678,#679);
#678 = CARTESIAN_POINT('',(0.,29.,6.975));
#679 = VECTOR('',#680,1.);
#680 = DIRECTION('',(1.,0.,0.));
#681 = PCURVE('',#118,#682);
#682 = DEFINITIONAL_REPRESENTATION('',(#683),#687);
#683 = LINE('',#684,#685);
#684 = CARTESIAN_POINT('',(0.,29.));
#685 = VECTOR('',#686,1.);
#686 = DIRECTION('',(1.,0.));
#687 = ( GEOMETRIC_REPRESENTATION_CONTEXT(2) 
PARAMETRIC_REPRESENTATION_CONTEXT() REPRESENTATION_CONTEXT('2D SPACE',''
  ) );
#688 = PCURVE('',#523,#689);
#689 = DEFINITIONAL_REPRESENTATION('',(#690),#694);
#690 = LINE('',#691,#692);
#691 = CARTESIAN_POINT('',(55.,-6.975));
#692 = VECTOR('',#693,1.);
#693 = DIRECTION('',(1.,0.));
#694 = ( GEOMETRIC_REPRESENTATION_CONTEXT(2) 
PARAMETRIC_REPRESENTATION_CONTEXT() REPRESENTATION_CONTEXT('2D SPACE',''
  ) );
#695 = ORIENTED_EDGE('',*,*,#535,.F.);
#696 = FACE_BOUND('',#697,.T.);
#697 = EDGE_LOOP('',(#698));
#698 = ORIENTED_EDGE('',*,*,#699,.F.);
#699 = EDGE_CURVE('',#700,#700,#702,.T.);
#700 = VERTEX_POINT('',#701);
#701 = CARTESIAN_POINT('',(-46.,-22.,6.975));
#702 = SURFACE_CURVE('',#703,(#708,#715),.PCURVE_S1.);
#703 = CIRCLE('',#704,2.);
#704 = AXIS2_PLACEMENT_3D('',#705,#706,#707);
#705 = CARTESIAN_POINT('',(-48.,-22.,6.975));
#706 = DIRECTION('',(0.,0.,1.));
#707 = DIRECTION('',(1.,0.,-0.));
#708 = PCURVE('',#118,#709);
#709 = DEFINITIONAL_REPRESENTATION('',(#710),#714);
#710 = CIRCLE('',#711,2.);
#711 = AXIS2_PLACEMENT_2D('',#712,#713);
#712 = CARTESIAN_POINT('',(-48.,-22.));
#713 = DIRECTION('',(1.,0.));
#714 = ( GEOMETRIC_REPRESENTATION_CONTEXT(2) 
PARAMETRIC_REPRESENTATION_CONTEXT() REPRESENTATION_CONTEXT('2D SPACE',''
  ) );
#715 = PCURVE('',#716,#721);
#716 = CYLINDRICAL_SURFACE('',#717,2.);
#717 = AXIS2_PLACEMENT_3D('',#718,#719,#720);
#718 = CARTESIAN_POINT('',(-48.,-22.,6.375));
#719 = DIRECTION('',(0.,0.,1.));
#720 = DIRECTION('',(1.,0.,0.));
#721 = DEFINITIONAL_REPRESENTATION('',(#722),#726);
#722 = LINE('',#723,#724);
#723 = CARTESIAN_POINT('',(0.,0.6));
#724 = VECTOR('',#725,1.);
#725 = DIRECTION('',(1.,0.));
#726 = ( GEOMETRIC_REPRESENTATION_CONTEXT(2) 
PARAMETRIC_REPRESENTATION_CONTEXT() REPRESENTATION_CONTEXT('2D SPACE',''
  ) );
#727 = FACE_BOUND('',#728,.T.);
#728 = EDGE_LOOP('',(#729));
#729 = ORIENTED_EDGE('',*,*,#730,.F.);
#730 = EDGE_CURVE('',#731,#731,#733,.T.);
#731 = VERTEX_POINT('',#732);
#732 = CARTESIAN_POINT('',(-27.8,-18.5,6.975));
#733 = SURFACE_CURVE('',#734,(#739,#746),.PCURVE_S1.);
#734 = CIRCLE('',#735,4.2);
#735 = AXIS2_PLACEMENT_3D('',#736,#737,#738);
#736 = CARTESIAN_POINT('',(-32.,-18.5,6.975));
#737 = DIRECTION('',(0.,0.,1.));
#738 = DIRECTION('',(1.,0.,-0.));
#739 = PCURVE('',#118,#740);
#740 = DEFINITIONAL_REPRESENTATION('',(#741),#745);
#741 = CIRCLE('',#742,4.2);
#742 = AXIS2_PLACEMENT_2D('',#743,#744);
#743 = CARTESIAN_POINT('',(-32.,-18.5));
#744 = DIRECTION('',(1.,0.));
#745 = ( GEOMETRIC_REPRESENTATION_CONTEXT(2) 
PARAMETRIC_REPRESENTATION_CONTEXT() REPRESENTATION_CONTEXT('2D SPACE',''
  ) );
#746 = PCURVE('',#747,#752);
#747 = CYLINDRICAL_SURFACE('',#748,4.2);
#748 = AXIS2_PLACEMENT_3D('',#749,#750,#751);
#749 = CARTESIAN_POINT('',(-32.,-18.5,5.675));
#750 = DIRECTION('',(0.,0.,1.));
#751 = DIRECTION('',(1.,0.,0.));
#752 = DEFINITIONAL_REPRESENTATION('',(#753),#757);
#753 = LINE('',#754,#755);
#754 = CARTESIAN_POINT('',(0.,1.3));
#755 = VECTOR('',#756,1.);
#756 = DIRECTION('',(1.,0.));
#757 = ( GEOMETRIC_REPRESENTATION_CONTEXT(2) 
PARAMETRIC_REPRESENTATION_CONTEXT() REPRESENTATION_CONTEXT('2D SPACE',''
  ) );
#758 = FACE_BOUND('',#759,.T.);
#759 = EDGE_LOOP('',(#760));
#760 = ORIENTED_EDGE('',*,*,#761,.F.);
#761 = EDGE_CURVE('',#762,#762,#764,.T.);
#762 = VERTEX_POINT('',#763);
#763 = CARTESIAN_POINT('',(-11.8,-18.5,6.975));
#764 = SURFACE_CURVE('',#765,(#770,#777),.PCURVE_S1.);
#765 = CIRCLE('',#766,4.2);
#766 = AXIS2_PLACEMENT_3D('',#767,#768,#769);
#767 = CARTESIAN_POINT('',(-16.,-18.5,6.975));
#768 = DIRECTION('',(0.,0.,1.));
#769 = DIRECTION('',(1.,0.,-0.));
#770 = PCURVE('',#118,#771);
#771 = DEFINITIONAL_REPRESENTATION('',(#772),#776);
#772 = CIRCLE('',#773,4.2);
#773 = AXIS2_PLACEMENT_2D('',#774,#775);
#774 = CARTESIAN_POINT('',(-16.,-18.5));
#775 = DIRECTION('',(1.,0.));
#776 = ( GEOMETRIC_REPRESENTATION_CONTEXT(2) 
PARAMETRIC_REPRESENTATION_CONTEXT() REPRESENTATION_CONTEXT('2D SPACE',''
  ) );
#777 = PCURVE('',#778,#783);
#778 = CYLINDRICAL_SURFACE('',#779,4.2);
#779 = AXIS2_PLACEMENT_3D('',#780,#781,#782);
#780 = CARTESIAN_POINT('',(-16.,-18.5,5.675));
#781 = DIRECTION('',(0.,0.,1.));
#782 = DIRECTION('',(1.,0.,0.));
#783 = DEFINITIONAL_REPRESENTATION('',(#784),#788);
#784 = LINE('',#785,#786);
#785 = CARTESIAN_POINT('',(0.,1.3));
#786 = VECTOR('',#787,1.);
#787 = DIRECTION('',(1.,0.));
#788 = ( GEOMETRIC_REPRESENTATION_CONTEXT(2) 
PARAMETRIC_REPRESENTATION_CONTEXT() REPRESENTATION_CONTEXT('2D SPACE',''
  ) );
#789 = FACE_BOUND('',#790,.T.);
#790 = EDGE_LOOP('',(#791));
#791 = ORIENTED_EDGE('',*,*,#792,.F.);
#792 = EDGE_CURVE('',#793,#793,#795,.T.);
#793 = VERTEX_POINT('',#794);
#794 = CARTESIAN_POINT('',(4.2,-18.5,6.975));
#795 = SURFACE_CURVE('',#796,(#801,#808),.PCURVE_S1.);
#796 = CIRCLE('',#797,4.2);
#797 = AXIS2_PLACEMENT_3D('',#798,#799,#800);
#798 = CARTESIAN_POINT('',(0.,-18.5,6.975));
#799 = DIRECTION('',(0.,0.,1.));
#800 = DIRECTION('',(1.,0.,-0.));
#801 = PCURVE('',#118,#802);
#802 = DEFINITIONAL_REPRESENTATION('',(#803),#807);
#803 = CIRCLE('',#804,4.2);
#804 = AXIS2_PLACEMENT_2D('',#805,#806);
#805 = CARTESIAN_POINT('',(0.,-18.5));
#806 = DIRECTION('',(1.,0.));
#807 = ( GEOMETRIC_REPRESENTATION_CONTEXT(2) 
PARAMETRIC_REPRESENTATION_CONTEXT() REPRESENTATION_CONTEXT('2D SPACE',''
  ) );
#808 = PCURVE('',#809,#814);
#809 = CYLINDRICAL_SURFACE('',#810,4.2);
#810 = AXIS2_PLACEMENT_3D('',#811,#812,#813);
#811 = CARTESIAN_POINT('',(0.,-18.5,5.675));
#812 = DIRECTION('',(0.,0.,1.));
#813 = DIRECTION('',(1.,0.,0.));
#814 = DEFINITIONAL_REPRESENTATION('',(#815),#819);
#815 = LINE('',#816,#817);
#816 = CARTESIAN_POINT('',(0.,1.3));
#817 = VECTOR('',#818,1.);
#818 = DIRECTION('',(1.,0.));
#819 = ( GEOMETRIC_REPRESENTATION_CONTEXT(2) 
PARAMETRIC_REPRESENTATION_CONTEXT() REPRESENTATION_CONTEXT('2D SPACE',''
  ) );
#820 = FACE_BOUND('',#821,.T.);
#821 = EDGE_LOOP('',(#822));
#822 = ORIENTED_EDGE('',*,*,#823,.F.);
#823 = EDGE_CURVE('',#824,#824,#826,.T.);
#824 = VERTEX_POINT('',#825);
#825 = CARTESIAN_POINT('',(20.2,-18.5,6.975));
#826 = SURFACE_CURVE('',#827,(#832,#839),.PCURVE_S1.);
#827 = CIRCLE('',#828,4.2);
#828 = AXIS2_PLACEMENT_3D('',#829,#830,#831);
#829 = CARTESIAN_POINT('',(16.,-18.5,6.975));
#830 = DIRECTION('',(0.,0.,1.));
#831 = DIRECTION('',(1.,0.,-0.));
#832 = PCURVE('',#118,#833);
#833 = DEFINITIONAL_REPRESENTATION('',(#834),#838);
#834 = CIRCLE('',#835,4.2);
#835 = AXIS2_PLACEMENT_2D('',#836,#837);
#836 = CARTESIAN_POINT('',(16.,-18.5));
#837 = DIRECTION('',(1.,0.));
#838 = ( GEOMETRIC_REPRESENTATION_CONTEXT(2) 
PARAMETRIC_REPRESENTATION_CONTEXT() REPRESENTATION_CONTEXT('2D SPACE',''
  ) );
#839 = PCURVE('',#840,#845);
#840 = CYLINDRICAL_SURFACE('',#841,4.2);
#841 = AXIS2_PLACEMENT_3D('',#842,#843,#844);
#842 = CARTESIAN_POINT('',(16.,-18.5,5.675));
#843 = DIRECTION('',(0.,0.,1.));
#844 = DIRECTION('',(1.,0.,0.));
#845 = DEFINITIONAL_REPRESENTATION('',(#846),#850);
#846 = LINE('',#847,#848);
#847 = CARTESIAN_POINT('',(0.,1.3));
#848 = VECTOR('',#849,1.);
#849 = DIRECTION('',(1.,0.));
#850 = ( GEOMETRIC_REPRESENTATION_CONTEXT(2) 
PARAMETRIC_REPRESENTATION_CONTEXT() REPRESENTATION_CONTEXT('2D SPACE',''
  ) );
#851 = FACE_BOUND('',#852,.T.);
#852 = EDGE_LOOP('',(#853));
#853 = ORIENTED_EDGE('',*,*,#854,.F.);
#854 = EDGE_CURVE('',#855,#855,#857,.T.);
#855 = VERTEX_POINT('',#856);
#856 = CARTESIAN_POINT('',(36.2,-18.5,6.975));
#857 = SURFACE_CURVE('',#858,(#863,#870),.PCURVE_S1.);
#858 = CIRCLE('',#859,4.2);
#859 = AXIS2_PLACEMENT_3D('',#860,#861,#862);
#860 = CARTESIAN_POINT('',(32.,-18.5,6.975));
#861 = DIRECTION('',(0.,0.,1.));
#862 = DIRECTION('',(1.,0.,-0.));
#863 = PCURVE('',#118,#864);
#864 = DEFINITIONAL_REPRESENTATION('',(#865),#869);
#865 = CIRCLE('',#866,4.2);
#866 = AXIS2_PLACEMENT_2D('',#867,#868);
#867 = CARTESIAN_POINT('',(32.,-18.5));
#868 = DIRECTION('',(1.,0.));
#869 = ( GEOMETRIC_REPRESENTATION_CONTEXT(2) 
PARAMETRIC_REPRESENTATION_CONTEXT() REPRESENTATION_CONTEXT('2D SPACE',''
  ) );
#870 = PCURVE('',#871,#876);
#871 = CYLINDRICAL_SURFACE('',#872,4.2);
#872 = AXIS2_PLACEMENT_3D('',#873,#874,#875);
#873 = CARTESIAN_POINT('',(32.,-18.5,5.675));
#874 = DIRECTION('',(0.,0.,1.));
#875 = DIRECTION('',(1.,0.,0.));
#876 = DEFINITIONAL_REPRESENTATION('',(#877),#881);
#877 = LINE('',#878,#879);
#878 = CARTESIAN_POINT('',(0.,1.3));
#879 = VECTOR('',#880,1.);
#880 = DIRECTION('',(1.,0.));
#881 = ( GEOMETRIC_REPRESENTATION_CONTEXT(2) 
PARAMETRIC_REPRESENTATION_CONTEXT() REPRESENTATION_CONTEXT('2D SPACE',''
  ) );
#882 = FACE_BOUND('',#883,.T.);
#883 = EDGE_LOOP('',(#884));
#884 = ORIENTED_EDGE('',*,*,#885,.F.);
#885 = EDGE_CURVE('',#886,#886,#888,.T.);
#886 = VERTEX_POINT('',#887);
#887 = CARTESIAN_POINT('',(50.,-22.,6.975));
#888 = SURFACE_CURVE('',#889,(#894,#901),.PCURVE_S1.);
#889 = CIRCLE('',#890,2.);
#890 = AXIS2_PLACEMENT_3D('',#891,#892,#893);
#891 = CARTESIAN_POINT('',(48.,-22.,6.975));
#892 = DIRECTION('',(0.,0.,1.));
#893 = DIRECTION('',(1.,0.,-0.));
#894 = PCURVE('',#118,#895);
#895 = DEFINITIONAL_REPRESENTATION('',(#896),#900);
#896 = CIRCLE('',#897,2.);
#897 = AXIS2_PLACEMENT_2D('',#898,#899);
#898 = CARTESIAN_POINT('',(48.,-22.));
#899 = DIRECTION('',(1.,0.));
#900 = ( GEOMETRIC_REPRESENTATION_CONTEXT(2) 
PARAMETRIC_REPRESENTATION_CONTEXT() REPRESENTATION_CONTEXT('2D SPACE',''
  ) );
#901 = PCURVE('',#902,#907);
#902 = CYLINDRICAL_SURFACE('',#903,2.);
#903 = AXIS2_PLACEMENT_3D('',#904,#905,#906);
#904 = CARTESIAN_POINT('',(48.,-22.,6.375));
#905 = DIRECTION('',(0.,0.,1.));
#906 = DIRECTION('',(1.,0.,0.));
#907 = DEFINITIONAL_REPRESENTATION('',(#908),#912);
#908 = LINE('',#909,#910);
#909 = CARTESIAN_POINT('',(0.,0.6));
#910 = VECTOR('',#911,1.);
#911 = DIRECTION('',(1.,0.));
#912 = ( GEOMETRIC_REPRESENTATION_CONTEXT(2) 
PARAMETRIC_REPRESENTATION_CONTEXT() REPRESENTATION_CONTEXT('2D SPACE',''
  ) );
#913 = FACE_BOUND('',#914,.T.);
#914 = EDGE_LOOP('',(#915));
#915 = ORIENTED_EDGE('',*,*,#916,.F.);
#916 = EDGE_CURVE('',#917,#917,#919,.T.);
#917 = VERTEX_POINT('',#918);
#918 = CARTESIAN_POINT('',(-46.,22.,6.975));
#919 = SURFACE_CURVE('',#920,(#925,#932),.PCURVE_S1.);
#920 = CIRCLE('',#921,2.);
#921 = AXIS2_PLACEMENT_3D('',#922,#923,#924);
#922 = CARTESIAN_POINT('',(-48.,22.,6.975));
#923 = DIRECTION('',(0.,0.,1.));
#924 = DIRECTION('',(1.,0.,-0.));
#925 = PCURVE('',#118,#926);
#926 = DEFINITIONAL_REPRESENTATION('',(#927),#931);
#927 = CIRCLE('',#928,2.);
#928 = AXIS2_PLACEMENT_2D('',#929,#930);
#929 = CARTESIAN_POINT('',(-48.,22.));
#930 = DIRECTION('',(1.,0.));
#931 = ( GEOMETRIC_REPRESENTATION_CONTEXT(2) 
PARAMETRIC_REPRESENTATION_CONTEXT() REPRESENTATION_CONTEXT('2D SPACE',''
  ) );
#932 = PCURVE('',#933,#938);
#933 = CYLINDRICAL_SURFACE('',#934,2.);
#934 = AXIS2_PLACEMENT_3D('',#935,#936,#937);
#935 = CARTESIAN_POINT('',(-48.,22.,6.375));
#936 = DIRECTION('',(0.,0.,1.));
#937 = DIRECTION('',(1.,0.,0.));
#938 = DEFINITIONAL_REPRESENTATION('',(#939),#943);
#939 = LINE('',#940,#941);
#940 = CARTESIAN_POINT('',(0.,0.6));
#941 = VECTOR('',#942,1.);
#942 = DIRECTION('',(1.,0.));
#943 = ( GEOMETRIC_REPRESENTATION_CONTEXT(2) 
PARAMETRIC_REPRESENTATION_CONTEXT() REPRESENTATION_CONTEXT('2D SPACE',''
  ) );
#944 = FACE_BOUND('',#945,.T.);
#945 = EDGE_LOOP('',(#946,#976,#1004,#1032));
#946 = ORIENTED_EDGE('',*,*,#947,.T.);
#947 = EDGE_CURVE('',#948,#950,#952,.T.);
#948 = VERTEX_POINT('',#949);
#949 = CARTESIAN_POINT('',(-42.75,-9.,6.975));
#950 = VERTEX_POINT('',#951);
#951 = CARTESIAN_POINT('',(-42.75,25.,6.975));
#952 = SURFACE_CURVE('',#953,(#957,#964),.PCURVE_S1.);
#953 = LINE('',#954,#955);
#954 = CARTESIAN_POINT('',(-42.75,-9.,6.975));
#955 = VECTOR('',#956,1.);
#956 = DIRECTION('',(0.,1.,0.));
#957 = PCURVE('',#118,#958);
#958 = DEFINITIONAL_REPRESENTATION('',(#959),#963);
#959 = LINE('',#960,#961);
#960 = CARTESIAN_POINT('',(-42.75,-9.));
#961 = VECTOR('',#962,1.);
#962 = DIRECTION('',(0.,1.));
#963 = ( GEOMETRIC_REPRESENTATION_CONTEXT(2) 
PARAMETRIC_REPRESENTATION_CONTEXT() REPRESENTATION_CONTEXT('2D SPACE',''
  ) );
#964 = PCURVE('',#965,#970);
#965 = PLANE('',#966);
#966 = AXIS2_PLACEMENT_3D('',#967,#968,#969);
#967 = CARTESIAN_POINT('',(-42.75,-9.,4.975));
#968 = DIRECTION('',(1.,0.,0.));
#969 = DIRECTION('',(0.,0.,1.));
#970 = DEFINITIONAL_REPRESENTATION('',(#971),#975);
#971 = LINE('',#972,#973);
#972 = CARTESIAN_POINT('',(2.,0.));
#973 = VECTOR('',#974,1.);
#974 = DIRECTION('',(0.,-1.));
#975 = ( GEOMETRIC_REPRESENTATION_CONTEXT(2) 
PARAMETRIC_REPRESENTATION_CONTEXT() REPRESENTATION_CONTEXT('2D SPACE',''
  ) );
#976 = ORIENTED_EDGE('',*,*,#977,.T.);
#977 = EDGE_CURVE('',#950,#978,#980,.T.);
#978 = VERTEX_POINT('',#979);
#979 = CARTESIAN_POINT('',(42.75,25.,6.975));
#980 = SURFACE_CURVE('',#981,(#985,#992),.PCURVE_S1.);
#981 = LINE('',#982,#983);
#982 = CARTESIAN_POINT('',(-42.75,25.,6.975));
#983 = VECTOR('',#984,1.);
#984 = DIRECTION('',(1.,0.,0.));
#985 = PCURVE('',#118,#986);
#986 = DEFINITIONAL_REPRESENTATION('',(#987),#991);
#987 = LINE('',#988,#989);
#988 = CARTESIAN_POINT('',(-42.75,25.));
#989 = VECTOR('',#990,1.);
#990 = DIRECTION('',(1.,0.));
#991 = ( GEOMETRIC_REPRESENTATION_CONTEXT(2) 
PARAMETRIC_REPRESENTATION_CONTEXT() REPRESENTATION_CONTEXT('2D SPACE',''
  ) );
#992 = PCURVE('',#993,#998);
#993 = PLANE('',#994);
#994 = AXIS2_PLACEMENT_3D('',#995,#996,#997);
#995 = CARTESIAN_POINT('',(-42.75,25.,4.975));
#996 = DIRECTION('',(0.,1.,0.));
#997 = DIRECTION('',(0.,0.,1.));
#998 = DEFINITIONAL_REPRESENTATION('',(#999),#1003);
#999 = LINE('',#1000,#1001);
#1000 = CARTESIAN_POINT('',(2.,0.));
#1001 = VECTOR('',#1002,1.);
#1002 = DIRECTION('',(0.,1.));
#1003 = ( GEOMETRIC_REPRESENTATION_CONTEXT(2) 
PARAMETRIC_REPRESENTATION_CONTEXT() REPRESENTATION_CONTEXT('2D SPACE',''
  ) );
#1004 = ORIENTED_EDGE('',*,*,#1005,.F.);
#1005 = EDGE_CURVE('',#1006,#978,#1008,.T.);
#1006 = VERTEX_POINT('',#1007);
#1007 = CARTESIAN_POINT('',(42.75,-9.,6.975));
#1008 = SURFACE_CURVE('',#1009,(#1013,#1020),.PCURVE_S1.);
#1009 = LINE('',#1010,#1011);
#1010 = CARTESIAN_POINT('',(42.75,-9.,6.975));
#1011 = VECTOR('',#1012,1.);
#1012 = DIRECTION('',(0.,1.,0.));
#1013 = PCURVE('',#118,#1014);
#1014 = DEFINITIONAL_REPRESENTATION('',(#1015),#1019);
#1015 = LINE('',#1016,#1017);
#1016 = CARTESIAN_POINT('',(42.75,-9.));
#1017 = VECTOR('',#1018,1.);
#1018 = DIRECTION('',(0.,1.));
#1019 = ( GEOMETRIC_REPRESENTATION_CONTEXT(2) 
PARAMETRIC_REPRESENTATION_CONTEXT() REPRESENTATION_CONTEXT('2D SPACE',''
  ) );
#1020 = PCURVE('',#1021,#1026);
#1021 = PLANE('',#1022);
#1022 = AXIS2_PLACEMENT_3D('',#1023,#1024,#1025);
#1023 = CARTESIAN_POINT('',(42.75,-9.,4.975));
#1024 = DIRECTION('',(1.,0.,0.));
#1025 = DIRECTION('',(0.,0.,1.));
#1026 = DEFINITIONAL_REPRESENTATION('',(#1027),#1031);
#1027 = LINE('',#1028,#1029);
#1028 = CARTESIAN_POINT('',(2.,0.));
#1029 = VECTOR('',#1030,1.);
#1030 = DIRECTION('',(0.,-1.));
#1031 = ( GEOMETRIC_REPRESENTATION_CONTEXT(2) 
PARAMETRIC_REPRESENTATION_CONTEXT() REPRESENTATION_CONTEXT('2D SPACE',''
  ) );
#1032 = ORIENTED_EDGE('',*,*,#1033,.F.);
#1033 = EDGE_CURVE('',#948,#1006,#1034,.T.);
#1034 = SURFACE_CURVE('',#1035,(#1039,#1046),.PCURVE_S1.);
#1035 = LINE('',#1036,#1037);
#1036 = CARTESIAN_POINT('',(-42.75,-9.,6.975));
#1037 = VECTOR('',#1038,1.);
#1038 = DIRECTION('',(1.,0.,0.));
#1039 = PCURVE('',#118,#1040);
#1040 = DEFINITIONAL_REPRESENTATION('',(#1041),#1045);
#1041 = LINE('',#1042,#1043);
#1042 = CARTESIAN_POINT('',(-42.75,-9.));
#1043 = VECTOR('',#1044,1.);
#1044 = DIRECTION('',(1.,0.));
#1045 = ( GEOMETRIC_REPRESENTATION_CONTEXT(2) 
PARAMETRIC_REPRESENTATION_CONTEXT() REPRESENTATION_CONTEXT('2D SPACE',''
  ) );
#1046 = PCURVE('',#1047,#1052);
#1047 = PLANE('',#1048);
#1048 = AXIS2_PLACEMENT_3D('',#1049,#1050,#1051);
#1049 = CARTESIAN_POINT('',(-42.75,-9.,4.975));
#1050 = DIRECTION('',(0.,1.,0.));
#1051 = DIRECTION('',(0.,0.,1.));
#1052 = DEFINITIONAL_REPRESENTATION('',(#1053),#1057);
#1053 = LINE('',#1054,#1055);
#1054 = CARTESIAN_POINT('',(2.,0.));
#1055 = VECTOR('',#1056,1.);
#1056 = DIRECTION('',(0.,1.));
#1057 = ( GEOMETRIC_REPRESENTATION_CONTEXT(2) 
PARAMETRIC_REPRESENTATION_CONTEXT() REPRESENTATION_CONTEXT('2D SPACE',''
  ) );
#1058 = FACE_BOUND('',#1059,.T.);
#1059 = EDGE_LOOP('',(#1060));
#1060 = ORIENTED_EDGE('',*,*,#1061,.F.);
#1061 = EDGE_CURVE('',#1062,#1062,#1064,.T.);
#1062 = VERTEX_POINT('',#1063);
#1063 = CARTESIAN_POINT('',(50.,22.,6.975));
#1064 = SURFACE_CURVE('',#1065,(#1070,#1077),.PCURVE_S1.);
#1065 = CIRCLE('',#1066,2.);
#1066 = AXIS2_PLACEMENT_3D('',#1067,#1068,#1069);
#1067 = CARTESIAN_POINT('',(48.,22.,6.975));
#1068 = DIRECTION('',(0.,0.,1.));
#1069 = DIRECTION('',(1.,0.,-0.));
#1070 = PCURVE('',#118,#1071);
#1071 = DEFINITIONAL_REPRESENTATION('',(#1072),#1076);
#1072 = CIRCLE('',#1073,2.);
#1073 = AXIS2_PLACEMENT_2D('',#1074,#1075);
#1074 = CARTESIAN_POINT('',(48.,22.));
#1075 = DIRECTION('',(1.,0.));
#1076 = ( GEOMETRIC_REPRESENTATION_CONTEXT(2) 
PARAMETRIC_REPRESENTATION_CONTEXT() REPRESENTATION_CONTEXT('2D SPACE',''
  ) );
#1077 = PCURVE('',#1078,#1083);
#1078 = CYLINDRICAL_SURFACE('',#1079,2.);
#1079 = AXIS2_PLACEMENT_3D('',#1080,#1081,#1082);
#1080 = CARTESIAN_POINT('',(48.,22.,6.375));
#1081 = DIRECTION('',(0.,0.,1.));
#1082 = DIRECTION('',(1.,0.,0.));
#1083 = DEFINITIONAL_REPRESENTATION('',(#1084),#1088);
#1084 = LINE('',#1085,#1086);
#1085 = CARTESIAN_POINT('',(0.,0.6));
#1086 = VECTOR('',#1087,1.);
#1087 = DIRECTION('',(1.,0.));
#1088 = ( GEOMETRIC_REPRESENTATION_CONTEXT(2) 
PARAMETRIC_REPRESENTATION_CONTEXT() REPRESENTATION_CONTEXT('2D SPACE',''
  ) );
#1089 = ADVANCED_FACE('',(#1090),#200,.T.);
#1090 = FACE_BOUND('',#1091,.T.);
#1091 = EDGE_LOOP('',(#1092,#1113,#1114,#1115));
#1092 = ORIENTED_EDGE('',*,*,#1093,.F.);
#1093 = EDGE_CURVE('',#244,#404,#1094,.T.);
#1094 = SURFACE_CURVE('',#1095,(#1099,#1106),.PCURVE_S1.);
#1095 = LINE('',#1096,#1097);
#1096 = CARTESIAN_POINT('',(-53.4,-27.4,5.375));
#1097 = VECTOR('',#1098,1.);
#1098 = DIRECTION('',(-0.,1.,0.));
#1099 = PCURVE('',#200,#1100);
#1100 = DEFINITIONAL_REPRESENTATION('',(#1101),#1105);
#1101 = LINE('',#1102,#1103);
#1102 = CARTESIAN_POINT('',(5.375,0.));
#1103 = VECTOR('',#1104,1.);
#1104 = DIRECTION('',(0.,-1.));
#1105 = ( GEOMETRIC_REPRESENTATION_CONTEXT(2) 
PARAMETRIC_REPRESENTATION_CONTEXT() REPRESENTATION_CONTEXT('2D SPACE',''
  ) );
#1106 = PCURVE('',#281,#1107);
#1107 = DEFINITIONAL_REPRESENTATION('',(#1108),#1112);
#1108 = LINE('',#1109,#1110);
#1109 = CARTESIAN_POINT('',(0.,0.));
#1110 = VECTOR('',#1111,1.);
#1111 = DIRECTION('',(0.,1.));
#1112 = ( GEOMETRIC_REPRESENTATION_CONTEXT(2) 
PARAMETRIC_REPRESENTATION_CONTEXT() REPRESENTATION_CONTEXT('2D SPACE',''
  ) );
#1113 = ORIENTED_EDGE('',*,*,#243,.F.);
#1114 = ORIENTED_EDGE('',*,*,#184,.T.);
#1115 = ORIENTED_EDGE('',*,*,#403,.T.);
#1116 = ADVANCED_FACE('',(#1117),#364,.F.);
#1117 = FACE_BOUND('',#1118,.F.);
#1118 = EDGE_LOOP('',(#1119,#1142,#1143,#1144));
#1119 = ORIENTED_EDGE('',*,*,#1120,.F.);
#1120 = EDGE_CURVE('',#320,#1121,#1123,.T.);
#1121 = VERTEX_POINT('',#1122);
#1122 = CARTESIAN_POINT('',(47.,-29.,0.));
#1123 = SURFACE_CURVE('',#1124,(#1128,#1135),.PCURVE_S1.);
#1124 = LINE('',#1125,#1126);
#1125 = CARTESIAN_POINT('',(0.,-29.,0.));
#1126 = VECTOR('',#1127,1.);
#1127 = DIRECTION('',(1.,0.,0.));
#1128 = PCURVE('',#364,#1129);
#1129 = DEFINITIONAL_REPRESENTATION('',(#1130),#1134);
#1130 = LINE('',#1131,#1132);
#1131 = CARTESIAN_POINT('',(55.,0.));
#1132 = VECTOR('',#1133,1.);
#1133 = DIRECTION('',(1.,0.));
#1134 = ( GEOMETRIC_REPRESENTATION_CONTEXT(2) 
PARAMETRIC_REPRESENTATION_CONTEXT() REPRESENTATION_CONTEXT('2D SPACE',''
  ) );
#1135 = PCURVE('',#336,#1136);
#1136 = DEFINITIONAL_REPRESENTATION('',(#1137),#1141);
#1137 = LINE('',#1138,#1139);
#1138 = CARTESIAN_POINT('',(0.,-29.));
#1139 = VECTOR('',#1140,1.);
#1140 = DIRECTION('',(1.,0.));
#1141 = ( GEOMETRIC_REPRESENTATION_CONTEXT(2) 
PARAMETRIC_REPRESENTATION_CONTEXT() REPRESENTATION_CONTEXT('2D SPACE',''
  ) );
#1142 = ORIENTED_EDGE('',*,*,#348,.T.);
#1143 = ORIENTED_EDGE('',*,*,#566,.T.);
#1144 = ORIENTED_EDGE('',*,*,#1145,.F.);
#1145 = EDGE_CURVE('',#1121,#567,#1146,.T.);
#1146 = SURFACE_CURVE('',#1147,(#1151,#1158),.PCURVE_S1.);
#1147 = LINE('',#1148,#1149);
#1148 = CARTESIAN_POINT('',(47.,-29.,0.));
#1149 = VECTOR('',#1150,1.);
#1150 = DIRECTION('',(0.,0.,1.));
#1151 = PCURVE('',#364,#1152);
#1152 = DEFINITIONAL_REPRESENTATION('',(#1153),#1157);
#1153 = LINE('',#1154,#1155);
#1154 = CARTESIAN_POINT('',(102.,0.));
#1155 = VECTOR('',#1156,1.);
#1156 = DIRECTION('',(0.,-1.));
#1157 = ( GEOMETRIC_REPRESENTATION_CONTEXT(2) 
PARAMETRIC_REPRESENTATION_CONTEXT() REPRESENTATION_CONTEXT('2D SPACE',''
  ) );
#1158 = PCURVE('',#606,#1159);
#1159 = DEFINITIONAL_REPRESENTATION('',(#1160),#1164);
#1160 = LINE('',#1161,#1162);
#1161 = CARTESIAN_POINT('',(0.,0.));
#1162 = VECTOR('',#1163,1.);
#1163 = DIRECTION('',(0.,1.));
#1164 = ( GEOMETRIC_REPRESENTATION_CONTEXT(2) 
PARAMETRIC_REPRESENTATION_CONTEXT() REPRESENTATION_CONTEXT('2D SPACE',''
  ) );
#1165 = ADVANCED_FACE('',(#1166),#336,.F.);
#1166 = FACE_BOUND('',#1167,.F.);
#1167 = EDGE_LOOP('',(#1168,#1191,#1192,#1193));
#1168 = ORIENTED_EDGE('',*,*,#1169,.F.);
#1169 = EDGE_CURVE('',#294,#1170,#1172,.T.);
#1170 = VERTEX_POINT('',#1171);
#1171 = CARTESIAN_POINT('',(51.8,-27.4,0.));
#1172 = SURFACE_CURVE('',#1173,(#1177,#1184),.PCURVE_S1.);
#1173 = LINE('',#1174,#1175);
#1174 = CARTESIAN_POINT('',(-53.4,-27.4,0.));
#1175 = VECTOR('',#1176,1.);
#1176 = DIRECTION('',(1.,0.,-0.));
#1177 = PCURVE('',#336,#1178);
#1178 = DEFINITIONAL_REPRESENTATION('',(#1179),#1183);
#1179 = LINE('',#1180,#1181);
#1180 = CARTESIAN_POINT('',(-53.4,-27.4));
#1181 = VECTOR('',#1182,1.);
#1182 = DIRECTION('',(1.,0.));
#1183 = ( GEOMETRIC_REPRESENTATION_CONTEXT(2) 
PARAMETRIC_REPRESENTATION_CONTEXT() REPRESENTATION_CONTEXT('2D SPACE',''
  ) );
#1184 = PCURVE('',#308,#1185);
#1185 = DEFINITIONAL_REPRESENTATION('',(#1186),#1190);
#1186 = LINE('',#1187,#1188);
#1187 = CARTESIAN_POINT('',(0.,0.));
#1188 = VECTOR('',#1189,1.);
#1189 = DIRECTION('',(0.,1.));
#1190 = ( GEOMETRIC_REPRESENTATION_CONTEXT(2) 
PARAMETRIC_REPRESENTATION_CONTEXT() REPRESENTATION_CONTEXT('2D SPACE',''
  ) );
#1191 = ORIENTED_EDGE('',*,*,#319,.T.);
#1192 = ORIENTED_EDGE('',*,*,#1120,.T.);
#1193 = ORIENTED_EDGE('',*,*,#1194,.T.);
#1194 = EDGE_CURVE('',#1121,#1170,#1195,.T.);
#1195 = SURFACE_CURVE('',#1196,(#1201,#1208),.PCURVE_S1.);
#1196 = CIRCLE('',#1197,8.);
#1197 = AXIS2_PLACEMENT_3D('',#1198,#1199,#1200);
#1198 = CARTESIAN_POINT('',(47.,-21.,0.));
#1199 = DIRECTION('',(0.,0.,1.));
#1200 = DIRECTION('',(0.,-1.,0.));
#1201 = PCURVE('',#336,#1202);
#1202 = DEFINITIONAL_REPRESENTATION('',(#1203),#1207);
#1203 = CIRCLE('',#1204,8.);
#1204 = AXIS2_PLACEMENT_2D('',#1205,#1206);
#1205 = CARTESIAN_POINT('',(47.,-21.));
#1206 = DIRECTION('',(0.,-1.));
#1207 = ( GEOMETRIC_REPRESENTATION_CONTEXT(2) 
PARAMETRIC_REPRESENTATION_CONTEXT() REPRESENTATION_CONTEXT('2D SPACE',''
  ) );
#1208 = PCURVE('',#606,#1209);
#1209 = DEFINITIONAL_REPRESENTATION('',(#1210),#1214);
#1210 = LINE('',#1211,#1212);
#1211 = CARTESIAN_POINT('',(0.,0.));
#1212 = VECTOR('',#1213,1.);
#1213 = DIRECTION('',(1.,0.));
#1214 = ( GEOMETRIC_REPRESENTATION_CONTEXT(2) 
PARAMETRIC_REPRESENTATION_CONTEXT() REPRESENTATION_CONTEXT('2D SPACE',''
  ) );
#1215 = ADVANCED_FACE('',(#1216),#308,.T.);
#1216 = FACE_BOUND('',#1217,.T.);
#1217 = EDGE_LOOP('',(#1218,#1219,#1220,#1243));
#1218 = ORIENTED_EDGE('',*,*,#1169,.F.);
#1219 = ORIENTED_EDGE('',*,*,#293,.T.);
#1220 = ORIENTED_EDGE('',*,*,#1221,.T.);
#1221 = EDGE_CURVE('',#265,#1222,#1224,.T.);
#1222 = VERTEX_POINT('',#1223);
#1223 = CARTESIAN_POINT('',(51.8,-27.4,5.375));
#1224 = SURFACE_CURVE('',#1225,(#1229,#1236),.PCURVE_S1.);
#1225 = LINE('',#1226,#1227);
#1226 = CARTESIAN_POINT('',(-53.4,-27.4,5.375));
#1227 = VECTOR('',#1228,1.);
#1228 = DIRECTION('',(1.,0.,-0.));
#1229 = PCURVE('',#308,#1230);
#1230 = DEFINITIONAL_REPRESENTATION('',(#1231),#1235);
#1231 = LINE('',#1232,#1233);
#1232 = CARTESIAN_POINT('',(5.375,0.));
#1233 = VECTOR('',#1234,1.);
#1234 = DIRECTION('',(0.,1.));
#1235 = ( GEOMETRIC_REPRESENTATION_CONTEXT(2) 
PARAMETRIC_REPRESENTATION_CONTEXT() REPRESENTATION_CONTEXT('2D SPACE',''
  ) );
#1236 = PCURVE('',#281,#1237);
#1237 = DEFINITIONAL_REPRESENTATION('',(#1238),#1242);
#1238 = LINE('',#1239,#1240);
#1239 = CARTESIAN_POINT('',(0.,0.));
#1240 = VECTOR('',#1241,1.);
#1241 = DIRECTION('',(1.,0.));
#1242 = ( GEOMETRIC_REPRESENTATION_CONTEXT(2) 
PARAMETRIC_REPRESENTATION_CONTEXT() REPRESENTATION_CONTEXT('2D SPACE',''
  ) );
#1243 = ORIENTED_EDGE('',*,*,#1244,.F.);
#1244 = EDGE_CURVE('',#1170,#1222,#1245,.T.);
#1245 = SURFACE_CURVE('',#1246,(#1250,#1256),.PCURVE_S1.);
#1246 = LINE('',#1247,#1248);
#1247 = CARTESIAN_POINT('',(51.8,-27.4,0.));
#1248 = VECTOR('',#1249,1.);
#1249 = DIRECTION('',(0.,0.,1.));
#1250 = PCURVE('',#308,#1251);
#1251 = DEFINITIONAL_REPRESENTATION('',(#1252),#1255);
#1252 = B_SPLINE_CURVE_WITH_KNOTS('',1,(#1253,#1254),.UNSPECIFIED.,.F.,
  .F.,(2,2),(-6.E-07,5.9125),.PIECEWISE_BEZIER_KNOTS.);
#1253 = CARTESIAN_POINT('',(-6.E-07,105.2));
#1254 = CARTESIAN_POINT('',(5.9125,105.2));
#1255 = ( GEOMETRIC_REPRESENTATION_CONTEXT(2) 
PARAMETRIC_REPRESENTATION_CONTEXT() REPRESENTATION_CONTEXT('2D SPACE',''
  ) );
#1256 = PCURVE('',#606,#1257);
#1257 = DEFINITIONAL_REPRESENTATION('',(#1258),#1261);
#1258 = B_SPLINE_CURVE_WITH_KNOTS('',1,(#1259,#1260),.UNSPECIFIED.,.F.,
  .F.,(2,2),(-6.E-07,5.9125),.PIECEWISE_BEZIER_KNOTS.);
#1259 = CARTESIAN_POINT('',(0.643501108793,-6.E-07));
#1260 = CARTESIAN_POINT('',(0.643501108793,5.9125));
#1261 = ( GEOMETRIC_REPRESENTATION_CONTEXT(2) 
PARAMETRIC_REPRESENTATION_CONTEXT() REPRESENTATION_CONTEXT('2D SPACE',''
  ) );
#1262 = ADVANCED_FACE('',(#1263,#1366),#281,.F.);
#1263 = FACE_BOUND('',#1264,.F.);
#1264 = EDGE_LOOP('',(#1265,#1266,#1267,#1268,#1292,#1320,#1344,#1365));
#1265 = ORIENTED_EDGE('',*,*,#1093,.F.);
#1266 = ORIENTED_EDGE('',*,*,#264,.T.);
#1267 = ORIENTED_EDGE('',*,*,#1221,.T.);
#1268 = ORIENTED_EDGE('',*,*,#1269,.T.);
#1269 = EDGE_CURVE('',#1222,#1270,#1272,.T.);
#1270 = VERTEX_POINT('',#1271);
#1271 = CARTESIAN_POINT('',(53.4,-25.8,5.375));
#1272 = SURFACE_CURVE('',#1273,(#1278,#1285),.PCURVE_S1.);
#1273 = CIRCLE('',#1274,8.);
#1274 = AXIS2_PLACEMENT_3D('',#1275,#1276,#1277);
#1275 = CARTESIAN_POINT('',(47.,-21.,5.375));
#1276 = DIRECTION('',(0.,0.,1.));
#1277 = DIRECTION('',(0.,-1.,0.));
#1278 = PCURVE('',#281,#1279);
#1279 = DEFINITIONAL_REPRESENTATION('',(#1280),#1284);
#1280 = CIRCLE('',#1281,8.);
#1281 = AXIS2_PLACEMENT_2D('',#1282,#1283);
#1282 = CARTESIAN_POINT('',(100.4,6.4));
#1283 = DIRECTION('',(0.,-1.));
#1284 = ( GEOMETRIC_REPRESENTATION_CONTEXT(2) 
PARAMETRIC_REPRESENTATION_CONTEXT() REPRESENTATION_CONTEXT('2D SPACE',''
  ) );
#1285 = PCURVE('',#606,#1286);
#1286 = DEFINITIONAL_REPRESENTATION('',(#1287),#1291);
#1287 = LINE('',#1288,#1289);
#1288 = CARTESIAN_POINT('',(0.,5.375));
#1289 = VECTOR('',#1290,1.);
#1290 = DIRECTION('',(1.,0.));
#1291 = ( GEOMETRIC_REPRESENTATION_CONTEXT(2) 
PARAMETRIC_REPRESENTATION_CONTEXT() REPRESENTATION_CONTEXT('2D SPACE',''
  ) );
#1292 = ORIENTED_EDGE('',*,*,#1293,.T.);
#1293 = EDGE_CURVE('',#1270,#1294,#1296,.T.);
#1294 = VERTEX_POINT('',#1295);
#1295 = CARTESIAN_POINT('',(53.4,25.8,5.375));
#1296 = SURFACE_CURVE('',#1297,(#1301,#1308),.PCURVE_S1.);
#1297 = LINE('',#1298,#1299);
#1298 = CARTESIAN_POINT('',(53.4,-27.4,5.375));
#1299 = VECTOR('',#1300,1.);
#1300 = DIRECTION('',(-0.,1.,0.));
#1301 = PCURVE('',#281,#1302);
#1302 = DEFINITIONAL_REPRESENTATION('',(#1303),#1307);
#1303 = LINE('',#1304,#1305);
#1304 = CARTESIAN_POINT('',(106.8,0.));
#1305 = VECTOR('',#1306,1.);
#1306 = DIRECTION('',(0.,1.));
#1307 = ( GEOMETRIC_REPRESENTATION_CONTEXT(2) 
PARAMETRIC_REPRESENTATION_CONTEXT() REPRESENTATION_CONTEXT('2D SPACE',''
  ) );
#1308 = PCURVE('',#1309,#1314);
#1309 = PLANE('',#1310);
#1310 = AXIS2_PLACEMENT_3D('',#1311,#1312,#1313);
#1311 = CARTESIAN_POINT('',(53.4,-27.4,0.));
#1312 = DIRECTION('',(1.,0.,-0.));
#1313 = DIRECTION('',(0.,0.,1.));
#1314 = DEFINITIONAL_REPRESENTATION('',(#1315),#1319);
#1315 = LINE('',#1316,#1317);
#1316 = CARTESIAN_POINT('',(5.375,0.));
#1317 = VECTOR('',#1318,1.);
#1318 = DIRECTION('',(0.,-1.));
#1319 = ( GEOMETRIC_REPRESENTATION_CONTEXT(2) 
PARAMETRIC_REPRESENTATION_CONTEXT() REPRESENTATION_CONTEXT('2D SPACE',''
  ) );
#1320 = ORIENTED_EDGE('',*,*,#1321,.T.);
#1321 = EDGE_CURVE('',#1294,#1322,#1324,.T.);
#1322 = VERTEX_POINT('',#1323);
#1323 = CARTESIAN_POINT('',(51.8,27.4,5.375));
#1324 = SURFACE_CURVE('',#1325,(#1330,#1337),.PCURVE_S1.);
#1325 = CIRCLE('',#1326,8.);
#1326 = AXIS2_PLACEMENT_3D('',#1327,#1328,#1329);
#1327 = CARTESIAN_POINT('',(47.,21.,5.375));
#1328 = DIRECTION('',(0.,0.,1.));
#1329 = DIRECTION('',(1.,0.,-0.));
#1330 = PCURVE('',#281,#1331);
#1331 = DEFINITIONAL_REPRESENTATION('',(#1332),#1336);
#1332 = CIRCLE('',#1333,8.);
#1333 = AXIS2_PLACEMENT_2D('',#1334,#1335);
#1334 = CARTESIAN_POINT('',(100.4,48.4));
#1335 = DIRECTION('',(1.,0.));
#1336 = ( GEOMETRIC_REPRESENTATION_CONTEXT(2) 
PARAMETRIC_REPRESENTATION_CONTEXT() REPRESENTATION_CONTEXT('2D SPACE',''
  ) );
#1337 = PCURVE('',#663,#1338);
#1338 = DEFINITIONAL_REPRESENTATION('',(#1339),#1343);
#1339 = LINE('',#1340,#1341);
#1340 = CARTESIAN_POINT('',(0.,5.375));
#1341 = VECTOR('',#1342,1.);
#1342 = DIRECTION('',(1.,0.));
#1343 = ( GEOMETRIC_REPRESENTATION_CONTEXT(2) 
PARAMETRIC_REPRESENTATION_CONTEXT() REPRESENTATION_CONTEXT('2D SPACE',''
  ) );
#1344 = ORIENTED_EDGE('',*,*,#1345,.F.);
#1345 = EDGE_CURVE('',#425,#1322,#1346,.T.);
#1346 = SURFACE_CURVE('',#1347,(#1351,#1358),.PCURVE_S1.);
#1347 = LINE('',#1348,#1349);
#1348 = CARTESIAN_POINT('',(-53.4,27.4,5.375));
#1349 = VECTOR('',#1350,1.);
#1350 = DIRECTION('',(1.,0.,-0.));
#1351 = PCURVE('',#281,#1352);
#1352 = DEFINITIONAL_REPRESENTATION('',(#1353),#1357);
#1353 = LINE('',#1354,#1355);
#1354 = CARTESIAN_POINT('',(0.,54.8));
#1355 = VECTOR('',#1356,1.);
#1356 = DIRECTION('',(1.,0.));
#1357 = ( GEOMETRIC_REPRESENTATION_CONTEXT(2) 
PARAMETRIC_REPRESENTATION_CONTEXT() REPRESENTATION_CONTEXT('2D SPACE',''
  ) );
#1358 = PCURVE('',#463,#1359);
#1359 = DEFINITIONAL_REPRESENTATION('',(#1360),#1364);
#1360 = LINE('',#1361,#1362);
#1361 = CARTESIAN_POINT('',(5.375,0.));
#1362 = VECTOR('',#1363,1.);
#1363 = DIRECTION('',(0.,1.));
#1364 = ( GEOMETRIC_REPRESENTATION_CONTEXT(2) 
PARAMETRIC_REPRESENTATION_CONTEXT() REPRESENTATION_CONTEXT('2D SPACE',''
  ) );
#1365 = ORIENTED_EDGE('',*,*,#424,.T.);
#1366 = FACE_BOUND('',#1367,.F.);
#1367 = EDGE_LOOP('',(#1368,#1391,#1412,#1433));
#1368 = ORIENTED_EDGE('',*,*,#1369,.T.);
#1369 = EDGE_CURVE('',#1370,#1372,#1374,.T.);
#1370 = VERTEX_POINT('',#1371);
#1371 = CARTESIAN_POINT('',(42.75,-9.,5.375));
#1372 = VERTEX_POINT('',#1373);
#1373 = CARTESIAN_POINT('',(-42.75,-9.,5.375));
#1374 = SURFACE_CURVE('',#1375,(#1379,#1385),.PCURVE_S1.);
#1375 = LINE('',#1376,#1377);
#1376 = CARTESIAN_POINT('',(-48.075,-9.,5.375));
#1377 = VECTOR('',#1378,1.);
#1378 = DIRECTION('',(-1.,0.,0.));
#1379 = PCURVE('',#281,#1380);
#1380 = DEFINITIONAL_REPRESENTATION('',(#1381),#1384);
#1381 = B_SPLINE_CURVE_WITH_KNOTS('',1,(#1382,#1383),.UNSPECIFIED.,.F.,
  .F.,(2,2),(-90.825,-5.325),.PIECEWISE_BEZIER_KNOTS.);
#1382 = CARTESIAN_POINT('',(96.15,18.4));
#1383 = CARTESIAN_POINT('',(10.65,18.4));
#1384 = ( GEOMETRIC_REPRESENTATION_CONTEXT(2) 
PARAMETRIC_REPRESENTATION_CONTEXT() REPRESENTATION_CONTEXT('2D SPACE',''
  ) );
#1385 = PCURVE('',#1047,#1386);
#1386 = DEFINITIONAL_REPRESENTATION('',(#1387),#1390);
#1387 = B_SPLINE_CURVE_WITH_KNOTS('',1,(#1388,#1389),.UNSPECIFIED.,.F.,
  .F.,(2,2),(-90.825,-5.325),.PIECEWISE_BEZIER_KNOTS.);
#1388 = CARTESIAN_POINT('',(0.4,85.5));
#1389 = CARTESIAN_POINT('',(0.4,0.));
#1390 = ( GEOMETRIC_REPRESENTATION_CONTEXT(2) 
PARAMETRIC_REPRESENTATION_CONTEXT() REPRESENTATION_CONTEXT('2D SPACE',''
  ) );
#1391 = ORIENTED_EDGE('',*,*,#1392,.T.);
#1392 = EDGE_CURVE('',#1372,#1393,#1395,.T.);
#1393 = VERTEX_POINT('',#1394);
#1394 = CARTESIAN_POINT('',(-42.75,25.,5.375));
#1395 = SURFACE_CURVE('',#1396,(#1400,#1406),.PCURVE_S1.);
#1396 = LINE('',#1397,#1398);
#1397 = CARTESIAN_POINT('',(-42.75,-18.2,5.375));
#1398 = VECTOR('',#1399,1.);
#1399 = DIRECTION('',(0.,1.,0.));
#1400 = PCURVE('',#281,#1401);
#1401 = DEFINITIONAL_REPRESENTATION('',(#1402),#1405);
#1402 = B_SPLINE_CURVE_WITH_KNOTS('',1,(#1403,#1404),.UNSPECIFIED.,.F.,
  .F.,(2,2),(9.2,43.2),.PIECEWISE_BEZIER_KNOTS.);
#1403 = CARTESIAN_POINT('',(10.65,18.4));
#1404 = CARTESIAN_POINT('',(10.65,52.4));
#1405 = ( GEOMETRIC_REPRESENTATION_CONTEXT(2) 
PARAMETRIC_REPRESENTATION_CONTEXT() REPRESENTATION_CONTEXT('2D SPACE',''
  ) );
#1406 = PCURVE('',#965,#1407);
#1407 = DEFINITIONAL_REPRESENTATION('',(#1408),#1411);
#1408 = B_SPLINE_CURVE_WITH_KNOTS('',1,(#1409,#1410),.UNSPECIFIED.,.F.,
  .F.,(2,2),(9.2,43.2),.PIECEWISE_BEZIER_KNOTS.);
#1409 = CARTESIAN_POINT('',(0.4,0.));
#1410 = CARTESIAN_POINT('',(0.4,-34.));
#1411 = ( GEOMETRIC_REPRESENTATION_CONTEXT(2) 
PARAMETRIC_REPRESENTATION_CONTEXT() REPRESENTATION_CONTEXT('2D SPACE',''
  ) );
#1412 = ORIENTED_EDGE('',*,*,#1413,.F.);
#1413 = EDGE_CURVE('',#1414,#1393,#1416,.T.);
#1414 = VERTEX_POINT('',#1415);
#1415 = CARTESIAN_POINT('',(42.75,25.,5.375));
#1416 = SURFACE_CURVE('',#1417,(#1421,#1427),.PCURVE_S1.);
#1417 = LINE('',#1418,#1419);
#1418 = CARTESIAN_POINT('',(-48.075,25.,5.375));
#1419 = VECTOR('',#1420,1.);
#1420 = DIRECTION('',(-1.,0.,0.));
#1421 = PCURVE('',#281,#1422);
#1422 = DEFINITIONAL_REPRESENTATION('',(#1423),#1426);
#1423 = B_SPLINE_CURVE_WITH_KNOTS('',1,(#1424,#1425),.UNSPECIFIED.,.F.,
  .F.,(2,2),(-90.825,-5.325),.PIECEWISE_BEZIER_KNOTS.);
#1424 = CARTESIAN_POINT('',(96.15,52.4));
#1425 = CARTESIAN_POINT('',(10.65,52.4));
#1426 = ( GEOMETRIC_REPRESENTATION_CONTEXT(2) 
PARAMETRIC_REPRESENTATION_CONTEXT() REPRESENTATION_CONTEXT('2D SPACE',''
  ) );
#1427 = PCURVE('',#993,#1428);
#1428 = DEFINITIONAL_REPRESENTATION('',(#1429),#1432);
#1429 = B_SPLINE_CURVE_WITH_KNOTS('',1,(#1430,#1431),.UNSPECIFIED.,.F.,
  .F.,(2,2),(-90.825,-5.325),.PIECEWISE_BEZIER_KNOTS.);
#1430 = CARTESIAN_POINT('',(0.4,85.5));
#1431 = CARTESIAN_POINT('',(0.4,0.));
#1432 = ( GEOMETRIC_REPRESENTATION_CONTEXT(2) 
PARAMETRIC_REPRESENTATION_CONTEXT() REPRESENTATION_CONTEXT('2D SPACE',''
  ) );
#1433 = ORIENTED_EDGE('',*,*,#1434,.F.);
#1434 = EDGE_CURVE('',#1370,#1414,#1435,.T.);
#1435 = SURFACE_CURVE('',#1436,(#1440,#1446),.PCURVE_S1.);
#1436 = LINE('',#1437,#1438);
#1437 = CARTESIAN_POINT('',(42.75,-18.2,5.375));
#1438 = VECTOR('',#1439,1.);
#1439 = DIRECTION('',(0.,1.,0.));
#1440 = PCURVE('',#281,#1441);
#1441 = DEFINITIONAL_REPRESENTATION('',(#1442),#1445);
#1442 = B_SPLINE_CURVE_WITH_KNOTS('',1,(#1443,#1444),.UNSPECIFIED.,.F.,
  .F.,(2,2),(9.2,43.2),.PIECEWISE_BEZIER_KNOTS.);
#1443 = CARTESIAN_POINT('',(96.15,18.4));
#1444 = CARTESIAN_POINT('',(96.15,52.4));
#1445 = ( GEOMETRIC_REPRESENTATION_CONTEXT(2) 
PARAMETRIC_REPRESENTATION_CONTEXT() REPRESENTATION_CONTEXT('2D SPACE',''
  ) );
#1446 = PCURVE('',#1021,#1447);
#1447 = DEFINITIONAL_REPRESENTATION('',(#1448),#1451);
#1448 = B_SPLINE_CURVE_WITH_KNOTS('',1,(#1449,#1450),.UNSPECIFIED.,.F.,
  .F.,(2,2),(9.2,43.2),.PIECEWISE_BEZIER_KNOTS.);
#1449 = CARTESIAN_POINT('',(0.4,0.));
#1450 = CARTESIAN_POINT('',(0.4,-34.));
#1451 = ( GEOMETRIC_REPRESENTATION_CONTEXT(2) 
PARAMETRIC_REPRESENTATION_CONTEXT() REPRESENTATION_CONTEXT('2D SPACE',''
  ) );
#1452 = ADVANCED_FACE('',(#1453),#523,.T.);
#1453 = FACE_BOUND('',#1454,.T.);
#1454 = EDGE_LOOP('',(#1455,#1478,#1479,#1480));
#1455 = ORIENTED_EDGE('',*,*,#1456,.F.);
#1456 = EDGE_CURVE('',#475,#1457,#1459,.T.);
#1457 = VERTEX_POINT('',#1458);
#1458 = CARTESIAN_POINT('',(47.,29.,0.));
#1459 = SURFACE_CURVE('',#1460,(#1464,#1471),.PCURVE_S1.);
#1460 = LINE('',#1461,#1462);
#1461 = CARTESIAN_POINT('',(0.,29.,0.));
#1462 = VECTOR('',#1463,1.);
#1463 = DIRECTION('',(1.,0.,0.));
#1464 = PCURVE('',#523,#1465);
#1465 = DEFINITIONAL_REPRESENTATION('',(#1466),#1470);
#1466 = LINE('',#1467,#1468);
#1467 = CARTESIAN_POINT('',(55.,0.));
#1468 = VECTOR('',#1469,1.);
#1469 = DIRECTION('',(1.,0.));
#1470 = ( GEOMETRIC_REPRESENTATION_CONTEXT(2) 
PARAMETRIC_REPRESENTATION_CONTEXT() REPRESENTATION_CONTEXT('2D SPACE',''
  ) );
#1471 = PCURVE('',#491,#1472);
#1472 = DEFINITIONAL_REPRESENTATION('',(#1473),#1477);
#1473 = LINE('',#1474,#1475);
#1474 = CARTESIAN_POINT('',(0.,29.));
#1475 = VECTOR('',#1476,1.);
#1476 = DIRECTION('',(1.,0.));
#1477 = ( GEOMETRIC_REPRESENTATION_CONTEXT(2) 
PARAMETRIC_REPRESENTATION_CONTEXT() REPRESENTATION_CONTEXT('2D SPACE',''
  ) );
#1478 = ORIENTED_EDGE('',*,*,#507,.T.);
#1479 = ORIENTED_EDGE('',*,*,#675,.T.);
#1480 = ORIENTED_EDGE('',*,*,#1481,.F.);
#1481 = EDGE_CURVE('',#1457,#647,#1482,.T.);
#1482 = SURFACE_CURVE('',#1483,(#1487,#1494),.PCURVE_S1.);
#1483 = LINE('',#1484,#1485);
#1484 = CARTESIAN_POINT('',(47.,29.,0.));
#1485 = VECTOR('',#1486,1.);
#1486 = DIRECTION('',(0.,0.,1.));
#1487 = PCURVE('',#523,#1488);
#1488 = DEFINITIONAL_REPRESENTATION('',(#1489),#1493);
#1489 = LINE('',#1490,#1491);
#1490 = CARTESIAN_POINT('',(102.,0.));
#1491 = VECTOR('',#1492,1.);
#1492 = DIRECTION('',(0.,-1.));
#1493 = ( GEOMETRIC_REPRESENTATION_CONTEXT(2) 
PARAMETRIC_REPRESENTATION_CONTEXT() REPRESENTATION_CONTEXT('2D SPACE',''
  ) );
#1494 = PCURVE('',#663,#1495);
#1495 = DEFINITIONAL_REPRESENTATION('',(#1496),#1500);
#1496 = LINE('',#1497,#1498);
#1497 = CARTESIAN_POINT('',(1.570796326795,0.));
#1498 = VECTOR('',#1499,1.);
#1499 = DIRECTION('',(0.,1.));
#1500 = ( GEOMETRIC_REPRESENTATION_CONTEXT(2) 
PARAMETRIC_REPRESENTATION_CONTEXT() REPRESENTATION_CONTEXT('2D SPACE',''
  ) );
#1501 = ADVANCED_FACE('',(#1502),#491,.F.);
#1502 = FACE_BOUND('',#1503,.F.);
#1503 = EDGE_LOOP('',(#1504,#1505,#1528,#1550));
#1504 = ORIENTED_EDGE('',*,*,#474,.F.);
#1505 = ORIENTED_EDGE('',*,*,#1506,.T.);
#1506 = EDGE_CURVE('',#449,#1507,#1509,.T.);
#1507 = VERTEX_POINT('',#1508);
#1508 = CARTESIAN_POINT('',(51.8,27.4,0.));
#1509 = SURFACE_CURVE('',#1510,(#1514,#1521),.PCURVE_S1.);
#1510 = LINE('',#1511,#1512);
#1511 = CARTESIAN_POINT('',(-53.4,27.4,0.));
#1512 = VECTOR('',#1513,1.);
#1513 = DIRECTION('',(1.,0.,-0.));
#1514 = PCURVE('',#491,#1515);
#1515 = DEFINITIONAL_REPRESENTATION('',(#1516),#1520);
#1516 = LINE('',#1517,#1518);
#1517 = CARTESIAN_POINT('',(-53.4,27.4));
#1518 = VECTOR('',#1519,1.);
#1519 = DIRECTION('',(1.,0.));
#1520 = ( GEOMETRIC_REPRESENTATION_CONTEXT(2) 
PARAMETRIC_REPRESENTATION_CONTEXT() REPRESENTATION_CONTEXT('2D SPACE',''
  ) );
#1521 = PCURVE('',#463,#1522);
#1522 = DEFINITIONAL_REPRESENTATION('',(#1523),#1527);
#1523 = LINE('',#1524,#1525);
#1524 = CARTESIAN_POINT('',(0.,0.));
#1525 = VECTOR('',#1526,1.);
#1526 = DIRECTION('',(0.,1.));
#1527 = ( GEOMETRIC_REPRESENTATION_CONTEXT(2) 
PARAMETRIC_REPRESENTATION_CONTEXT() REPRESENTATION_CONTEXT('2D SPACE',''
  ) );
#1528 = ORIENTED_EDGE('',*,*,#1529,.T.);
#1529 = EDGE_CURVE('',#1507,#1457,#1530,.T.);
#1530 = SURFACE_CURVE('',#1531,(#1536,#1543),.PCURVE_S1.);
#1531 = CIRCLE('',#1532,8.);
#1532 = AXIS2_PLACEMENT_3D('',#1533,#1534,#1535);
#1533 = CARTESIAN_POINT('',(47.,21.,0.));
#1534 = DIRECTION('',(0.,0.,1.));
#1535 = DIRECTION('',(0.,-1.,0.));
#1536 = PCURVE('',#491,#1537);
#1537 = DEFINITIONAL_REPRESENTATION('',(#1538),#1542);
#1538 = CIRCLE('',#1539,8.);
#1539 = AXIS2_PLACEMENT_2D('',#1540,#1541);
#1540 = CARTESIAN_POINT('',(47.,21.));
#1541 = DIRECTION('',(0.,-1.));
#1542 = ( GEOMETRIC_REPRESENTATION_CONTEXT(2) 
PARAMETRIC_REPRESENTATION_CONTEXT() REPRESENTATION_CONTEXT('2D SPACE',''
  ) );
#1543 = PCURVE('',#663,#1544);
#1544 = DEFINITIONAL_REPRESENTATION('',(#1545),#1549);
#1545 = LINE('',#1546,#1547);
#1546 = CARTESIAN_POINT('',(-1.570796326795,0.));
#1547 = VECTOR('',#1548,1.);
#1548 = DIRECTION('',(1.,0.));
#1549 = ( GEOMETRIC_REPRESENTATION_CONTEXT(2) 
PARAMETRIC_REPRESENTATION_CONTEXT() REPRESENTATION_CONTEXT('2D SPACE',''
  ) );
#1550 = ORIENTED_EDGE('',*,*,#1456,.F.);
#1551 = ADVANCED_FACE('',(#1552),#463,.F.);
#1552 = FACE_BOUND('',#1553,.F.);
#1553 = EDGE_LOOP('',(#1554,#1555,#1556,#1557));
#1554 = ORIENTED_EDGE('',*,*,#1506,.F.);
#1555 = ORIENTED_EDGE('',*,*,#448,.T.);
#1556 = ORIENTED_EDGE('',*,*,#1345,.T.);
#1557 = ORIENTED_EDGE('',*,*,#1558,.F.);
#1558 = EDGE_CURVE('',#1507,#1322,#1559,.T.);
#1559 = SURFACE_CURVE('',#1560,(#1564,#1570),.PCURVE_S1.);
#1560 = LINE('',#1561,#1562);
#1561 = CARTESIAN_POINT('',(51.8,27.4,0.));
#1562 = VECTOR('',#1563,1.);
#1563 = DIRECTION('',(0.,0.,1.));
#1564 = PCURVE('',#463,#1565);
#1565 = DEFINITIONAL_REPRESENTATION('',(#1566),#1569);
#1566 = B_SPLINE_CURVE_WITH_KNOTS('',1,(#1567,#1568),.UNSPECIFIED.,.F.,
  .F.,(2,2),(-6.E-07,5.9125),.PIECEWISE_BEZIER_KNOTS.);
#1567 = CARTESIAN_POINT('',(-6.E-07,105.2));
#1568 = CARTESIAN_POINT('',(5.9125,105.2));
#1569 = ( GEOMETRIC_REPRESENTATION_CONTEXT(2) 
PARAMETRIC_REPRESENTATION_CONTEXT() REPRESENTATION_CONTEXT('2D SPACE',''
  ) );
#1570 = PCURVE('',#663,#1571);
#1571 = DEFINITIONAL_REPRESENTATION('',(#1572),#1575);
#1572 = B_SPLINE_CURVE_WITH_KNOTS('',1,(#1573,#1574),.UNSPECIFIED.,.F.,
  .F.,(2,2),(-6.E-07,5.9125),.PIECEWISE_BEZIER_KNOTS.);
#1573 = CARTESIAN_POINT('',(0.927295218002,-6.E-07));
#1574 = CARTESIAN_POINT('',(0.927295218002,5.9125));
#1575 = ( GEOMETRIC_REPRESENTATION_CONTEXT(2) 
PARAMETRIC_REPRESENTATION_CONTEXT() REPRESENTATION_CONTEXT('2D SPACE',''
  ) );
#1576 = ADVANCED_FACE('',(#1577),#606,.T.);
#1577 = FACE_BOUND('',#1578,.T.);
#1578 = EDGE_LOOP('',(#1579,#1580,#1581,#1582,#1583,#1604,#1633,#1654));
#1579 = ORIENTED_EDGE('',*,*,#1145,.F.);
#1580 = ORIENTED_EDGE('',*,*,#1194,.T.);
#1581 = ORIENTED_EDGE('',*,*,#1244,.T.);
#1582 = ORIENTED_EDGE('',*,*,#1269,.T.);
#1583 = ORIENTED_EDGE('',*,*,#1584,.F.);
#1584 = EDGE_CURVE('',#1585,#1270,#1587,.T.);
#1585 = VERTEX_POINT('',#1586);
#1586 = CARTESIAN_POINT('',(53.4,-25.8,0.));
#1587 = SURFACE_CURVE('',#1588,(#1592,#1598),.PCURVE_S1.);
#1588 = LINE('',#1589,#1590);
#1589 = CARTESIAN_POINT('',(53.4,-25.8,0.));
#1590 = VECTOR('',#1591,1.);
#1591 = DIRECTION('',(0.,0.,1.));
#1592 = PCURVE('',#606,#1593);
#1593 = DEFINITIONAL_REPRESENTATION('',(#1594),#1597);
#1594 = B_SPLINE_CURVE_WITH_KNOTS('',1,(#1595,#1596),.UNSPECIFIED.,.F.,
  .F.,(2,2),(-6.E-07,5.9125),.PIECEWISE_BEZIER_KNOTS.);
#1595 = CARTESIAN_POINT('',(0.927295218002,-6.E-07));
#1596 = CARTESIAN_POINT('',(0.927295218002,5.9125));
#1597 = ( GEOMETRIC_REPRESENTATION_CONTEXT(2) 
PARAMETRIC_REPRESENTATION_CONTEXT() REPRESENTATION_CONTEXT('2D SPACE',''
  ) );
#1598 = PCURVE('',#1309,#1599);
#1599 = DEFINITIONAL_REPRESENTATION('',(#1600),#1603);
#1600 = B_SPLINE_CURVE_WITH_KNOTS('',1,(#1601,#1602),.UNSPECIFIED.,.F.,
  .F.,(2,2),(-6.E-07,5.9125),.PIECEWISE_BEZIER_KNOTS.);
#1601 = CARTESIAN_POINT('',(-6.E-07,-1.6));
#1602 = CARTESIAN_POINT('',(5.9125,-1.6));
#1603 = ( GEOMETRIC_REPRESENTATION_CONTEXT(2) 
PARAMETRIC_REPRESENTATION_CONTEXT() REPRESENTATION_CONTEXT('2D SPACE',''
  ) );
#1604 = ORIENTED_EDGE('',*,*,#1605,.T.);
#1605 = EDGE_CURVE('',#1585,#1606,#1608,.T.);
#1606 = VERTEX_POINT('',#1607);
#1607 = CARTESIAN_POINT('',(55.,-21.,0.));
#1608 = SURFACE_CURVE('',#1609,(#1614,#1621),.PCURVE_S1.);
#1609 = CIRCLE('',#1610,8.);
#1610 = AXIS2_PLACEMENT_3D('',#1611,#1612,#1613);
#1611 = CARTESIAN_POINT('',(47.,-21.,0.));
#1612 = DIRECTION('',(0.,0.,1.));
#1613 = DIRECTION('',(0.,-1.,0.));
#1614 = PCURVE('',#606,#1615);
#1615 = DEFINITIONAL_REPRESENTATION('',(#1616),#1620);
#1616 = LINE('',#1617,#1618);
#1617 = CARTESIAN_POINT('',(0.,0.));
#1618 = VECTOR('',#1619,1.);
#1619 = DIRECTION('',(1.,0.));
#1620 = ( GEOMETRIC_REPRESENTATION_CONTEXT(2) 
PARAMETRIC_REPRESENTATION_CONTEXT() REPRESENTATION_CONTEXT('2D SPACE',''
  ) );
#1621 = PCURVE('',#1622,#1627);
#1622 = PLANE('',#1623);
#1623 = AXIS2_PLACEMENT_3D('',#1624,#1625,#1626);
#1624 = CARTESIAN_POINT('',(0.,0.,0.));
#1625 = DIRECTION('',(0.,0.,1.));
#1626 = DIRECTION('',(1.,0.,0.));
#1627 = DEFINITIONAL_REPRESENTATION('',(#1628),#1632);
#1628 = CIRCLE('',#1629,8.);
#1629 = AXIS2_PLACEMENT_2D('',#1630,#1631);
#1630 = CARTESIAN_POINT('',(47.,-21.));
#1631 = DIRECTION('',(0.,-1.));
#1632 = ( GEOMETRIC_REPRESENTATION_CONTEXT(2) 
PARAMETRIC_REPRESENTATION_CONTEXT() REPRESENTATION_CONTEXT('2D SPACE',''
  ) );
#1633 = ORIENTED_EDGE('',*,*,#1634,.T.);
#1634 = EDGE_CURVE('',#1606,#590,#1635,.T.);
#1635 = SURFACE_CURVE('',#1636,(#1640,#1647),.PCURVE_S1.);
#1636 = LINE('',#1637,#1638);
#1637 = CARTESIAN_POINT('',(55.,-21.,0.));
#1638 = VECTOR('',#1639,1.);
#1639 = DIRECTION('',(0.,0.,1.));
#1640 = PCURVE('',#606,#1641);
#1641 = DEFINITIONAL_REPRESENTATION('',(#1642),#1646);
#1642 = LINE('',#1643,#1644);
#1643 = CARTESIAN_POINT('',(1.570796326795,0.));
#1644 = VECTOR('',#1645,1.);
#1645 = DIRECTION('',(0.,1.));
#1646 = ( GEOMETRIC_REPRESENTATION_CONTEXT(2) 
PARAMETRIC_REPRESENTATION_CONTEXT() REPRESENTATION_CONTEXT('2D SPACE',''
  ) );
#1647 = PCURVE('',#634,#1648);
#1648 = DEFINITIONAL_REPRESENTATION('',(#1649),#1653);
#1649 = LINE('',#1650,#1651);
#1650 = CARTESIAN_POINT('',(8.,0.));
#1651 = VECTOR('',#1652,1.);
#1652 = DIRECTION('',(0.,-1.));
#1653 = ( GEOMETRIC_REPRESENTATION_CONTEXT(2) 
PARAMETRIC_REPRESENTATION_CONTEXT() REPRESENTATION_CONTEXT('2D SPACE',''
  ) );
#1654 = ORIENTED_EDGE('',*,*,#589,.F.);
#1655 = ADVANCED_FACE('',(#1656),#663,.T.);
#1656 = FACE_BOUND('',#1657,.T.);
#1657 = EDGE_LOOP('',(#1658,#1681,#1705,#1724,#1725,#1726,#1727,#1728));
#1658 = ORIENTED_EDGE('',*,*,#1659,.F.);
#1659 = EDGE_CURVE('',#1660,#619,#1662,.T.);
#1660 = VERTEX_POINT('',#1661);
#1661 = CARTESIAN_POINT('',(55.,21.,0.));
#1662 = SURFACE_CURVE('',#1663,(#1667,#1674),.PCURVE_S1.);
#1663 = LINE('',#1664,#1665);
#1664 = CARTESIAN_POINT('',(55.,21.,0.));
#1665 = VECTOR('',#1666,1.);
#1666 = DIRECTION('',(0.,0.,1.));
#1667 = PCURVE('',#663,#1668);
#1668 = DEFINITIONAL_REPRESENTATION('',(#1669),#1673);
#1669 = LINE('',#1670,#1671);
#1670 = CARTESIAN_POINT('',(0.,0.));
#1671 = VECTOR('',#1672,1.);
#1672 = DIRECTION('',(0.,1.));
#1673 = ( GEOMETRIC_REPRESENTATION_CONTEXT(2) 
PARAMETRIC_REPRESENTATION_CONTEXT() REPRESENTATION_CONTEXT('2D SPACE',''
  ) );
#1674 = PCURVE('',#634,#1675);
#1675 = DEFINITIONAL_REPRESENTATION('',(#1676),#1680);
#1676 = LINE('',#1677,#1678);
#1677 = CARTESIAN_POINT('',(50.,0.));
#1678 = VECTOR('',#1679,1.);
#1679 = DIRECTION('',(0.,-1.));
#1680 = ( GEOMETRIC_REPRESENTATION_CONTEXT(2) 
PARAMETRIC_REPRESENTATION_CONTEXT() REPRESENTATION_CONTEXT('2D SPACE',''
  ) );
#1681 = ORIENTED_EDGE('',*,*,#1682,.T.);
#1682 = EDGE_CURVE('',#1660,#1683,#1685,.T.);
#1683 = VERTEX_POINT('',#1684);
#1684 = CARTESIAN_POINT('',(53.4,25.8,0.));
#1685 = SURFACE_CURVE('',#1686,(#1691,#1698),.PCURVE_S1.);
#1686 = CIRCLE('',#1687,8.);
#1687 = AXIS2_PLACEMENT_3D('',#1688,#1689,#1690);
#1688 = CARTESIAN_POINT('',(47.,21.,0.));
#1689 = DIRECTION('',(0.,0.,1.));
#1690 = DIRECTION('',(0.,-1.,0.));
#1691 = PCURVE('',#663,#1692);
#1692 = DEFINITIONAL_REPRESENTATION('',(#1693),#1697);
#1693 = LINE('',#1694,#1695);
#1694 = CARTESIAN_POINT('',(-1.570796326795,0.));
#1695 = VECTOR('',#1696,1.);
#1696 = DIRECTION('',(1.,0.));
#1697 = ( GEOMETRIC_REPRESENTATION_CONTEXT(2) 
PARAMETRIC_REPRESENTATION_CONTEXT() REPRESENTATION_CONTEXT('2D SPACE',''
  ) );
#1698 = PCURVE('',#1622,#1699);
#1699 = DEFINITIONAL_REPRESENTATION('',(#1700),#1704);
#1700 = CIRCLE('',#1701,8.);
#1701 = AXIS2_PLACEMENT_2D('',#1702,#1703);
#1702 = CARTESIAN_POINT('',(47.,21.));
#1703 = DIRECTION('',(0.,-1.));
#1704 = ( GEOMETRIC_REPRESENTATION_CONTEXT(2) 
PARAMETRIC_REPRESENTATION_CONTEXT() REPRESENTATION_CONTEXT('2D SPACE',''
  ) );
#1705 = ORIENTED_EDGE('',*,*,#1706,.T.);
#1706 = EDGE_CURVE('',#1683,#1294,#1707,.T.);
#1707 = SURFACE_CURVE('',#1708,(#1712,#1718),.PCURVE_S1.);
#1708 = LINE('',#1709,#1710);
#1709 = CARTESIAN_POINT('',(53.4,25.8,0.));
#1710 = VECTOR('',#1711,1.);
#1711 = DIRECTION('',(0.,0.,1.));
#1712 = PCURVE('',#663,#1713);
#1713 = DEFINITIONAL_REPRESENTATION('',(#1714),#1717);
#1714 = B_SPLINE_CURVE_WITH_KNOTS('',1,(#1715,#1716),.UNSPECIFIED.,.F.,
  .F.,(2,2),(-6.E-07,5.9125),.PIECEWISE_BEZIER_KNOTS.);
#1715 = CARTESIAN_POINT('',(0.643501108793,-6.E-07));
#1716 = CARTESIAN_POINT('',(0.643501108793,5.9125));
#1717 = ( GEOMETRIC_REPRESENTATION_CONTEXT(2) 
PARAMETRIC_REPRESENTATION_CONTEXT() REPRESENTATION_CONTEXT('2D SPACE',''
  ) );
#1718 = PCURVE('',#1309,#1719);
#1719 = DEFINITIONAL_REPRESENTATION('',(#1720),#1723);
#1720 = B_SPLINE_CURVE_WITH_KNOTS('',1,(#1721,#1722),.UNSPECIFIED.,.F.,
  .F.,(2,2),(-6.E-07,5.9125),.PIECEWISE_BEZIER_KNOTS.);
#1721 = CARTESIAN_POINT('',(-6.E-07,-53.2));
#1722 = CARTESIAN_POINT('',(5.9125,-53.2));
#1723 = ( GEOMETRIC_REPRESENTATION_CONTEXT(2) 
PARAMETRIC_REPRESENTATION_CONTEXT() REPRESENTATION_CONTEXT('2D SPACE',''
  ) );
#1724 = ORIENTED_EDGE('',*,*,#1321,.T.);
#1725 = ORIENTED_EDGE('',*,*,#1558,.F.);
#1726 = ORIENTED_EDGE('',*,*,#1529,.T.);
#1727 = ORIENTED_EDGE('',*,*,#1481,.T.);
#1728 = ORIENTED_EDGE('',*,*,#646,.F.);
#1729 = ADVANCED_FACE('',(#1730),#634,.F.);
#1730 = FACE_BOUND('',#1731,.F.);
#1731 = EDGE_LOOP('',(#1732,#1753,#1754,#1755));
#1732 = ORIENTED_EDGE('',*,*,#1733,.F.);
#1733 = EDGE_CURVE('',#1606,#1660,#1734,.T.);
#1734 = SURFACE_CURVE('',#1735,(#1739,#1746),.PCURVE_S1.);
#1735 = LINE('',#1736,#1737);
#1736 = CARTESIAN_POINT('',(55.,0.,0.));
#1737 = VECTOR('',#1738,1.);
#1738 = DIRECTION('',(0.,1.,0.));
#1739 = PCURVE('',#634,#1740);
#1740 = DEFINITIONAL_REPRESENTATION('',(#1741),#1745);
#1741 = LINE('',#1742,#1743);
#1742 = CARTESIAN_POINT('',(29.,0.));
#1743 = VECTOR('',#1744,1.);
#1744 = DIRECTION('',(1.,0.));
#1745 = ( GEOMETRIC_REPRESENTATION_CONTEXT(2) 
PARAMETRIC_REPRESENTATION_CONTEXT() REPRESENTATION_CONTEXT('2D SPACE',''
  ) );
#1746 = PCURVE('',#1622,#1747);
#1747 = DEFINITIONAL_REPRESENTATION('',(#1748),#1752);
#1748 = LINE('',#1749,#1750);
#1749 = CARTESIAN_POINT('',(55.,0.));
#1750 = VECTOR('',#1751,1.);
#1751 = DIRECTION('',(0.,1.));
#1752 = ( GEOMETRIC_REPRESENTATION_CONTEXT(2) 
PARAMETRIC_REPRESENTATION_CONTEXT() REPRESENTATION_CONTEXT('2D SPACE',''
  ) );
#1753 = ORIENTED_EDGE('',*,*,#1634,.T.);
#1754 = ORIENTED_EDGE('',*,*,#618,.T.);
#1755 = ORIENTED_EDGE('',*,*,#1659,.F.);
#1756 = ADVANCED_FACE('',(#1757),#716,.F.);
#1757 = FACE_BOUND('',#1758,.F.);
#1758 = EDGE_LOOP('',(#1759,#1760,#1783,#1810));
#1759 = ORIENTED_EDGE('',*,*,#699,.F.);
#1760 = ORIENTED_EDGE('',*,*,#1761,.F.);
#1761 = EDGE_CURVE('',#1762,#700,#1764,.T.);
#1762 = VERTEX_POINT('',#1763);
#1763 = CARTESIAN_POINT('',(-46.,-22.,6.375));
#1764 = SEAM_CURVE('',#1765,(#1769,#1776),.PCURVE_S1.);
#1765 = LINE('',#1766,#1767);
#1766 = CARTESIAN_POINT('',(-46.,-22.,6.375));
#1767 = VECTOR('',#1768,1.);
#1768 = DIRECTION('',(0.,0.,1.));
#1769 = PCURVE('',#716,#1770);
#1770 = DEFINITIONAL_REPRESENTATION('',(#1771),#1775);
#1771 = LINE('',#1772,#1773);
#1772 = CARTESIAN_POINT('',(6.28318530718,-0.));
#1773 = VECTOR('',#1774,1.);
#1774 = DIRECTION('',(0.,1.));
#1775 = ( GEOMETRIC_REPRESENTATION_CONTEXT(2) 
PARAMETRIC_REPRESENTATION_CONTEXT() REPRESENTATION_CONTEXT('2D SPACE',''
  ) );
#1776 = PCURVE('',#716,#1777);
#1777 = DEFINITIONAL_REPRESENTATION('',(#1778),#1782);
#1778 = LINE('',#1779,#1780);
#1779 = CARTESIAN_POINT('',(0.,-0.));
#1780 = VECTOR('',#1781,1.);
#1781 = DIRECTION('',(0.,1.));
#1782 = ( GEOMETRIC_REPRESENTATION_CONTEXT(2) 
PARAMETRIC_REPRESENTATION_CONTEXT() REPRESENTATION_CONTEXT('2D SPACE',''
  ) );
#1783 = ORIENTED_EDGE('',*,*,#1784,.T.);
#1784 = EDGE_CURVE('',#1762,#1762,#1785,.T.);
#1785 = SURFACE_CURVE('',#1786,(#1791,#1798),.PCURVE_S1.);
#1786 = CIRCLE('',#1787,2.);
#1787 = AXIS2_PLACEMENT_3D('',#1788,#1789,#1790);
#1788 = CARTESIAN_POINT('',(-48.,-22.,6.375));
#1789 = DIRECTION('',(0.,0.,1.));
#1790 = DIRECTION('',(1.,0.,0.));
#1791 = PCURVE('',#716,#1792);
#1792 = DEFINITIONAL_REPRESENTATION('',(#1793),#1797);
#1793 = LINE('',#1794,#1795);
#1794 = CARTESIAN_POINT('',(0.,0.));
#1795 = VECTOR('',#1796,1.);
#1796 = DIRECTION('',(1.,0.));
#1797 = ( GEOMETRIC_REPRESENTATION_CONTEXT(2) 
PARAMETRIC_REPRESENTATION_CONTEXT() REPRESENTATION_CONTEXT('2D SPACE',''
  ) );
#1798 = PCURVE('',#1799,#1804);
#1799 = PLANE('',#1800);
#1800 = AXIS2_PLACEMENT_3D('',#1801,#1802,#1803);
#1801 = CARTESIAN_POINT('',(-48.,-22.,6.375));
#1802 = DIRECTION('',(0.,0.,1.));
#1803 = DIRECTION('',(1.,0.,0.));
#1804 = DEFINITIONAL_REPRESENTATION('',(#1805),#1809);
#1805 = CIRCLE('',#1806,2.);
#1806 = AXIS2_PLACEMENT_2D('',#1807,#1808);
#1807 = CARTESIAN_POINT('',(0.,0.));
#1808 = DIRECTION('',(1.,0.));
#1809 = ( GEOMETRIC_REPRESENTATION_CONTEXT(2) 
PARAMETRIC_REPRESENTATION_CONTEXT() REPRESENTATION_CONTEXT('2D SPACE',''
  ) );
#1810 = ORIENTED_EDGE('',*,*,#1761,.T.);
#1811 = ADVANCED_FACE('',(#1812),#747,.F.);
#1812 = FACE_BOUND('',#1813,.F.);
#1813 = EDGE_LOOP('',(#1814,#1815,#1838,#1865));
#1814 = ORIENTED_EDGE('',*,*,#730,.F.);
#1815 = ORIENTED_EDGE('',*,*,#1816,.F.);
#1816 = EDGE_CURVE('',#1817,#731,#1819,.T.);
#1817 = VERTEX_POINT('',#1818);
#1818 = CARTESIAN_POINT('',(-27.8,-18.5,5.675));
#1819 = SEAM_CURVE('',#1820,(#1824,#1831),.PCURVE_S1.);
#1820 = LINE('',#1821,#1822);
#1821 = CARTESIAN_POINT('',(-27.8,-18.5,5.675));
#1822 = VECTOR('',#1823,1.);
#1823 = DIRECTION('',(0.,0.,1.));
#1824 = PCURVE('',#747,#1825);
#1825 = DEFINITIONAL_REPRESENTATION('',(#1826),#1830);
#1826 = LINE('',#1827,#1828);
#1827 = CARTESIAN_POINT('',(6.28318530718,-0.));
#1828 = VECTOR('',#1829,1.);
#1829 = DIRECTION('',(0.,1.));
#1830 = ( GEOMETRIC_REPRESENTATION_CONTEXT(2) 
PARAMETRIC_REPRESENTATION_CONTEXT() REPRESENTATION_CONTEXT('2D SPACE',''
  ) );
#1831 = PCURVE('',#747,#1832);
#1832 = DEFINITIONAL_REPRESENTATION('',(#1833),#1837);
#1833 = LINE('',#1834,#1835);
#1834 = CARTESIAN_POINT('',(0.,-0.));
#1835 = VECTOR('',#1836,1.);
#1836 = DIRECTION('',(0.,1.));
#1837 = ( GEOMETRIC_REPRESENTATION_CONTEXT(2) 
PARAMETRIC_REPRESENTATION_CONTEXT() REPRESENTATION_CONTEXT('2D SPACE',''
  ) );
#1838 = ORIENTED_EDGE('',*,*,#1839,.T.);
#1839 = EDGE_CURVE('',#1817,#1817,#1840,.T.);
#1840 = SURFACE_CURVE('',#1841,(#1846,#1853),.PCURVE_S1.);
#1841 = CIRCLE('',#1842,4.2);
#1842 = AXIS2_PLACEMENT_3D('',#1843,#1844,#1845);
#1843 = CARTESIAN_POINT('',(-32.,-18.5,5.675));
#1844 = DIRECTION('',(0.,0.,1.));
#1845 = DIRECTION('',(1.,0.,0.));
#1846 = PCURVE('',#747,#1847);
#1847 = DEFINITIONAL_REPRESENTATION('',(#1848),#1852);
#1848 = LINE('',#1849,#1850);
#1849 = CARTESIAN_POINT('',(0.,0.));
#1850 = VECTOR('',#1851,1.);
#1851 = DIRECTION('',(1.,0.));
#1852 = ( GEOMETRIC_REPRESENTATION_CONTEXT(2) 
PARAMETRIC_REPRESENTATION_CONTEXT() REPRESENTATION_CONTEXT('2D SPACE',''
  ) );
#1853 = PCURVE('',#1854,#1859);
#1854 = PLANE('',#1855);
#1855 = AXIS2_PLACEMENT_3D('',#1856,#1857,#1858);
#1856 = CARTESIAN_POINT('',(-32.,-18.5,5.675));
#1857 = DIRECTION('',(0.,0.,1.));
#1858 = DIRECTION('',(1.,0.,0.));
#1859 = DEFINITIONAL_REPRESENTATION('',(#1860),#1864);
#1860 = CIRCLE('',#1861,4.2);
#1861 = AXIS2_PLACEMENT_2D('',#1862,#1863);
#1862 = CARTESIAN_POINT('',(0.,0.));
#1863 = DIRECTION('',(1.,0.));
#1864 = ( GEOMETRIC_REPRESENTATION_CONTEXT(2) 
PARAMETRIC_REPRESENTATION_CONTEXT() REPRESENTATION_CONTEXT('2D SPACE',''
  ) );
#1865 = ORIENTED_EDGE('',*,*,#1816,.T.);
#1866 = ADVANCED_FACE('',(#1867),#778,.F.);
#1867 = FACE_BOUND('',#1868,.F.);
#1868 = EDGE_LOOP('',(#1869,#1870,#1893,#1920));
#1869 = ORIENTED_EDGE('',*,*,#761,.F.);
#1870 = ORIENTED_EDGE('',*,*,#1871,.F.);
#1871 = EDGE_CURVE('',#1872,#762,#1874,.T.);
#1872 = VERTEX_POINT('',#1873);
#1873 = CARTESIAN_POINT('',(-11.8,-18.5,5.675));
#1874 = SEAM_CURVE('',#1875,(#1879,#1886),.PCURVE_S1.);
#1875 = LINE('',#1876,#1877);
#1876 = CARTESIAN_POINT('',(-11.8,-18.5,5.675));
#1877 = VECTOR('',#1878,1.);
#1878 = DIRECTION('',(0.,0.,1.));
#1879 = PCURVE('',#778,#1880);
#1880 = DEFINITIONAL_REPRESENTATION('',(#1881),#1885);
#1881 = LINE('',#1882,#1883);
#1882 = CARTESIAN_POINT('',(6.28318530718,-0.));
#1883 = VECTOR('',#1884,1.);
#1884 = DIRECTION('',(0.,1.));
#1885 = ( GEOMETRIC_REPRESENTATION_CONTEXT(2) 
PARAMETRIC_REPRESENTATION_CONTEXT() REPRESENTATION_CONTEXT('2D SPACE',''
  ) );
#1886 = PCURVE('',#778,#1887);
#1887 = DEFINITIONAL_REPRESENTATION('',(#1888),#1892);
#1888 = LINE('',#1889,#1890);
#1889 = CARTESIAN_POINT('',(0.,-0.));
#1890 = VECTOR('',#1891,1.);
#1891 = DIRECTION('',(0.,1.));
#1892 = ( GEOMETRIC_REPRESENTATION_CONTEXT(2) 
PARAMETRIC_REPRESENTATION_CONTEXT() REPRESENTATION_CONTEXT('2D SPACE',''
  ) );
#1893 = ORIENTED_EDGE('',*,*,#1894,.T.);
#1894 = EDGE_CURVE('',#1872,#1872,#1895,.T.);
#1895 = SURFACE_CURVE('',#1896,(#1901,#1908),.PCURVE_S1.);
#1896 = CIRCLE('',#1897,4.2);
#1897 = AXIS2_PLACEMENT_3D('',#1898,#1899,#1900);
#1898 = CARTESIAN_POINT('',(-16.,-18.5,5.675));
#1899 = DIRECTION('',(0.,0.,1.));
#1900 = DIRECTION('',(1.,0.,0.));
#1901 = PCURVE('',#778,#1902);
#1902 = DEFINITIONAL_REPRESENTATION('',(#1903),#1907);
#1903 = LINE('',#1904,#1905);
#1904 = CARTESIAN_POINT('',(0.,0.));
#1905 = VECTOR('',#1906,1.);
#1906 = DIRECTION('',(1.,0.));
#1907 = ( GEOMETRIC_REPRESENTATION_CONTEXT(2) 
PARAMETRIC_REPRESENTATION_CONTEXT() REPRESENTATION_CONTEXT('2D SPACE',''
  ) );
#1908 = PCURVE('',#1909,#1914);
#1909 = PLANE('',#1910);
#1910 = AXIS2_PLACEMENT_3D('',#1911,#1912,#1913);
#1911 = CARTESIAN_POINT('',(-16.,-18.5,5.675));
#1912 = DIRECTION('',(0.,0.,1.));
#1913 = DIRECTION('',(1.,0.,0.));
#1914 = DEFINITIONAL_REPRESENTATION('',(#1915),#1919);
#1915 = CIRCLE('',#1916,4.2);
#1916 = AXIS2_PLACEMENT_2D('',#1917,#1918);
#1917 = CARTESIAN_POINT('',(0.,0.));
#1918 = DIRECTION('',(1.,0.));
#1919 = ( GEOMETRIC_REPRESENTATION_CONTEXT(2) 
PARAMETRIC_REPRESENTATION_CONTEXT() REPRESENTATION_CONTEXT('2D SPACE',''
  ) );
#1920 = ORIENTED_EDGE('',*,*,#1871,.T.);
#1921 = ADVANCED_FACE('',(#1922),#809,.F.);
#1922 = FACE_BOUND('',#1923,.F.);
#1923 = EDGE_LOOP('',(#1924,#1925,#1948,#1975));
#1924 = ORIENTED_EDGE('',*,*,#792,.F.);
#1925 = ORIENTED_EDGE('',*,*,#1926,.F.);
#1926 = EDGE_CURVE('',#1927,#793,#1929,.T.);
#1927 = VERTEX_POINT('',#1928);
#1928 = CARTESIAN_POINT('',(4.2,-18.5,5.675));
#1929 = SEAM_CURVE('',#1930,(#1934,#1941),.PCURVE_S1.);
#1930 = LINE('',#1931,#1932);
#1931 = CARTESIAN_POINT('',(4.2,-18.5,5.675));
#1932 = VECTOR('',#1933,1.);
#1933 = DIRECTION('',(0.,0.,1.));
#1934 = PCURVE('',#809,#1935);
#1935 = DEFINITIONAL_REPRESENTATION('',(#1936),#1940);
#1936 = LINE('',#1937,#1938);
#1937 = CARTESIAN_POINT('',(6.28318530718,-0.));
#1938 = VECTOR('',#1939,1.);
#1939 = DIRECTION('',(0.,1.));
#1940 = ( GEOMETRIC_REPRESENTATION_CONTEXT(2) 
PARAMETRIC_REPRESENTATION_CONTEXT() REPRESENTATION_CONTEXT('2D SPACE',''
  ) );
#1941 = PCURVE('',#809,#1942);
#1942 = DEFINITIONAL_REPRESENTATION('',(#1943),#1947);
#1943 = LINE('',#1944,#1945);
#1944 = CARTESIAN_POINT('',(0.,-0.));
#1945 = VECTOR('',#1946,1.);
#1946 = DIRECTION('',(0.,1.));
#1947 = ( GEOMETRIC_REPRESENTATION_CONTEXT(2) 
PARAMETRIC_REPRESENTATION_CONTEXT() REPRESENTATION_CONTEXT('2D SPACE',''
  ) );
#1948 = ORIENTED_EDGE('',*,*,#1949,.T.);
#1949 = EDGE_CURVE('',#1927,#1927,#1950,.T.);
#1950 = SURFACE_CURVE('',#1951,(#1956,#1963),.PCURVE_S1.);
#1951 = CIRCLE('',#1952,4.2);
#1952 = AXIS2_PLACEMENT_3D('',#1953,#1954,#1955);
#1953 = CARTESIAN_POINT('',(0.,-18.5,5.675));
#1954 = DIRECTION('',(0.,0.,1.));
#1955 = DIRECTION('',(1.,0.,0.));
#1956 = PCURVE('',#809,#1957);
#1957 = DEFINITIONAL_REPRESENTATION('',(#1958),#1962);
#1958 = LINE('',#1959,#1960);
#1959 = CARTESIAN_POINT('',(0.,0.));
#1960 = VECTOR('',#1961,1.);
#1961 = DIRECTION('',(1.,0.));
#1962 = ( GEOMETRIC_REPRESENTATION_CONTEXT(2) 
PARAMETRIC_REPRESENTATION_CONTEXT() REPRESENTATION_CONTEXT('2D SPACE',''
  ) );
#1963 = PCURVE('',#1964,#1969);
#1964 = PLANE('',#1965);
#1965 = AXIS2_PLACEMENT_3D('',#1966,#1967,#1968);
#1966 = CARTESIAN_POINT('',(0.,-18.5,5.675));
#1967 = DIRECTION('',(0.,0.,1.));
#1968 = DIRECTION('',(1.,0.,0.));
#1969 = DEFINITIONAL_REPRESENTATION('',(#1970),#1974);
#1970 = CIRCLE('',#1971,4.2);
#1971 = AXIS2_PLACEMENT_2D('',#1972,#1973);
#1972 = CARTESIAN_POINT('',(0.,0.));
#1973 = DIRECTION('',(1.,0.));
#1974 = ( GEOMETRIC_REPRESENTATION_CONTEXT(2) 
PARAMETRIC_REPRESENTATION_CONTEXT() REPRESENTATION_CONTEXT('2D SPACE',''
  ) );
#1975 = ORIENTED_EDGE('',*,*,#1926,.T.);
#1976 = ADVANCED_FACE('',(#1977),#840,.F.);
#1977 = FACE_BOUND('',#1978,.F.);
#1978 = EDGE_LOOP('',(#1979,#1980,#2003,#2030));
#1979 = ORIENTED_EDGE('',*,*,#823,.F.);
#1980 = ORIENTED_EDGE('',*,*,#1981,.F.);
#1981 = EDGE_CURVE('',#1982,#824,#1984,.T.);
#1982 = VERTEX_POINT('',#1983);
#1983 = CARTESIAN_POINT('',(20.2,-18.5,5.675));
#1984 = SEAM_CURVE('',#1985,(#1989,#1996),.PCURVE_S1.);
#1985 = LINE('',#1986,#1987);
#1986 = CARTESIAN_POINT('',(20.2,-18.5,5.675));
#1987 = VECTOR('',#1988,1.);
#1988 = DIRECTION('',(0.,0.,1.));
#1989 = PCURVE('',#840,#1990);
#1990 = DEFINITIONAL_REPRESENTATION('',(#1991),#1995);
#1991 = LINE('',#1992,#1993);
#1992 = CARTESIAN_POINT('',(6.28318530718,-0.));
#1993 = VECTOR('',#1994,1.);
#1994 = DIRECTION('',(0.,1.));
#1995 = ( GEOMETRIC_REPRESENTATION_CONTEXT(2) 
PARAMETRIC_REPRESENTATION_CONTEXT() REPRESENTATION_CONTEXT('2D SPACE',''
  ) );
#1996 = PCURVE('',#840,#1997);
#1997 = DEFINITIONAL_REPRESENTATION('',(#1998),#2002);
#1998 = LINE('',#1999,#2000);
#1999 = CARTESIAN_POINT('',(0.,-0.));
#2000 = VECTOR('',#2001,1.);
#2001 = DIRECTION('',(0.,1.));
#2002 = ( GEOMETRIC_REPRESENTATION_CONTEXT(2) 
PARAMETRIC_REPRESENTATION_CONTEXT() REPRESENTATION_CONTEXT('2D SPACE',''
  ) );
#2003 = ORIENTED_EDGE('',*,*,#2004,.T.);
#2004 = EDGE_CURVE('',#1982,#1982,#2005,.T.);
#2005 = SURFACE_CURVE('',#2006,(#2011,#2018),.PCURVE_S1.);
#2006 = CIRCLE('',#2007,4.2);
#2007 = AXIS2_PLACEMENT_3D('',#2008,#2009,#2010);
#2008 = CARTESIAN_POINT('',(16.,-18.5,5.675));
#2009 = DIRECTION('',(0.,0.,1.));
#2010 = DIRECTION('',(1.,0.,0.));
#2011 = PCURVE('',#840,#2012);
#2012 = DEFINITIONAL_REPRESENTATION('',(#2013),#2017);
#2013 = LINE('',#2014,#2015);
#2014 = CARTESIAN_POINT('',(0.,0.));
#2015 = VECTOR('',#2016,1.);
#2016 = DIRECTION('',(1.,0.));
#2017 = ( GEOMETRIC_REPRESENTATION_CONTEXT(2) 
PARAMETRIC_REPRESENTATION_CONTEXT() REPRESENTATION_CONTEXT('2D SPACE',''
  ) );
#2018 = PCURVE('',#2019,#2024);
#2019 = PLANE('',#2020);
#2020 = AXIS2_PLACEMENT_3D('',#2021,#2022,#2023);
#2021 = CARTESIAN_POINT('',(16.,-18.5,5.675));
#2022 = DIRECTION('',(0.,0.,1.));
#2023 = DIRECTION('',(1.,0.,0.));
#2024 = DEFINITIONAL_REPRESENTATION('',(#2025),#2029);
#2025 = CIRCLE('',#2026,4.2);
#2026 = AXIS2_PLACEMENT_2D('',#2027,#2028);
#2027 = CARTESIAN_POINT('',(0.,0.));
#2028 = DIRECTION('',(1.,0.));
#2029 = ( GEOMETRIC_REPRESENTATION_CONTEXT(2) 
PARAMETRIC_REPRESENTATION_CONTEXT() REPRESENTATION_CONTEXT('2D SPACE',''
  ) );
#2030 = ORIENTED_EDGE('',*,*,#1981,.T.);
#2031 = ADVANCED_FACE('',(#2032),#871,.F.);
#2032 = FACE_BOUND('',#2033,.F.);
#2033 = EDGE_LOOP('',(#2034,#2035,#2058,#2085));
#2034 = ORIENTED_EDGE('',*,*,#854,.F.);
#2035 = ORIENTED_EDGE('',*,*,#2036,.F.);
#2036 = EDGE_CURVE('',#2037,#855,#2039,.T.);
#2037 = VERTEX_POINT('',#2038);
#2038 = CARTESIAN_POINT('',(36.2,-18.5,5.675));
#2039 = SEAM_CURVE('',#2040,(#2044,#2051),.PCURVE_S1.);
#2040 = LINE('',#2041,#2042);
#2041 = CARTESIAN_POINT('',(36.2,-18.5,5.675));
#2042 = VECTOR('',#2043,1.);
#2043 = DIRECTION('',(0.,0.,1.));
#2044 = PCURVE('',#871,#2045);
#2045 = DEFINITIONAL_REPRESENTATION('',(#2046),#2050);
#2046 = LINE('',#2047,#2048);
#2047 = CARTESIAN_POINT('',(6.28318530718,-0.));
#2048 = VECTOR('',#2049,1.);
#2049 = DIRECTION('',(0.,1.));
#2050 = ( GEOMETRIC_REPRESENTATION_CONTEXT(2) 
PARAMETRIC_REPRESENTATION_CONTEXT() REPRESENTATION_CONTEXT('2D SPACE',''
  ) );
#2051 = PCURVE('',#871,#2052);
#2052 = DEFINITIONAL_REPRESENTATION('',(#2053),#2057);
#2053 = LINE('',#2054,#2055);
#2054 = CARTESIAN_POINT('',(0.,-0.));
#2055 = VECTOR('',#2056,1.);
#2056 = DIRECTION('',(0.,1.));
#2057 = ( GEOMETRIC_REPRESENTATION_CONTEXT(2) 
PARAMETRIC_REPRESENTATION_CONTEXT() REPRESENTATION_CONTEXT('2D SPACE',''
  ) );
#2058 = ORIENTED_EDGE('',*,*,#2059,.T.);
#2059 = EDGE_CURVE('',#2037,#2037,#2060,.T.);
#2060 = SURFACE_CURVE('',#2061,(#2066,#2073),.PCURVE_S1.);
#2061 = CIRCLE('',#2062,4.2);
#2062 = AXIS2_PLACEMENT_3D('',#2063,#2064,#2065);
#2063 = CARTESIAN_POINT('',(32.,-18.5,5.675));
#2064 = DIRECTION('',(0.,0.,1.));
#2065 = DIRECTION('',(1.,0.,0.));
#2066 = PCURVE('',#871,#2067);
#2067 = DEFINITIONAL_REPRESENTATION('',(#2068),#2072);
#2068 = LINE('',#2069,#2070);
#2069 = CARTESIAN_POINT('',(0.,0.));
#2070 = VECTOR('',#2071,1.);
#2071 = DIRECTION('',(1.,0.));
#2072 = ( GEOMETRIC_REPRESENTATION_CONTEXT(2) 
PARAMETRIC_REPRESENTATION_CONTEXT() REPRESENTATION_CONTEXT('2D SPACE',''
  ) );
#2073 = PCURVE('',#2074,#2079);
#2074 = PLANE('',#2075);
#2075 = AXIS2_PLACEMENT_3D('',#2076,#2077,#2078);
#2076 = CARTESIAN_POINT('',(32.,-18.5,5.675));
#2077 = DIRECTION('',(0.,0.,1.));
#2078 = DIRECTION('',(1.,0.,0.));
#2079 = DEFINITIONAL_REPRESENTATION('',(#2080),#2084);
#2080 = CIRCLE('',#2081,4.2);
#2081 = AXIS2_PLACEMENT_2D('',#2082,#2083);
#2082 = CARTESIAN_POINT('',(0.,0.));
#2083 = DIRECTION('',(1.,0.));
#2084 = ( GEOMETRIC_REPRESENTATION_CONTEXT(2) 
PARAMETRIC_REPRESENTATION_CONTEXT() REPRESENTATION_CONTEXT('2D SPACE',''
  ) );
#2085 = ORIENTED_EDGE('',*,*,#2036,.T.);
#2086 = ADVANCED_FACE('',(#2087),#902,.F.);
#2087 = FACE_BOUND('',#2088,.F.);
#2088 = EDGE_LOOP('',(#2089,#2090,#2113,#2140));
#2089 = ORIENTED_EDGE('',*,*,#885,.F.);
#2090 = ORIENTED_EDGE('',*,*,#2091,.F.);
#2091 = EDGE_CURVE('',#2092,#886,#2094,.T.);
#2092 = VERTEX_POINT('',#2093);
#2093 = CARTESIAN_POINT('',(50.,-22.,6.375));
#2094 = SEAM_CURVE('',#2095,(#2099,#2106),.PCURVE_S1.);
#2095 = LINE('',#2096,#2097);
#2096 = CARTESIAN_POINT('',(50.,-22.,6.375));
#2097 = VECTOR('',#2098,1.);
#2098 = DIRECTION('',(0.,0.,1.));
#2099 = PCURVE('',#902,#2100);
#2100 = DEFINITIONAL_REPRESENTATION('',(#2101),#2105);
#2101 = LINE('',#2102,#2103);
#2102 = CARTESIAN_POINT('',(6.28318530718,-0.));
#2103 = VECTOR('',#2104,1.);
#2104 = DIRECTION('',(0.,1.));
#2105 = ( GEOMETRIC_REPRESENTATION_CONTEXT(2) 
PARAMETRIC_REPRESENTATION_CONTEXT() REPRESENTATION_CONTEXT('2D SPACE',''
  ) );
#2106 = PCURVE('',#902,#2107);
#2107 = DEFINITIONAL_REPRESENTATION('',(#2108),#2112);
#2108 = LINE('',#2109,#2110);
#2109 = CARTESIAN_POINT('',(0.,-0.));
#2110 = VECTOR('',#2111,1.);
#2111 = DIRECTION('',(0.,1.));
#2112 = ( GEOMETRIC_REPRESENTATION_CONTEXT(2) 
PARAMETRIC_REPRESENTATION_CONTEXT() REPRESENTATION_CONTEXT('2D SPACE',''
  ) );
#2113 = ORIENTED_EDGE('',*,*,#2114,.T.);
#2114 = EDGE_CURVE('',#2092,#2092,#2115,.T.);
#2115 = SURFACE_CURVE('',#2116,(#2121,#2128),.PCURVE_S1.);
#2116 = CIRCLE('',#2117,2.);
#2117 = AXIS2_PLACEMENT_3D('',#2118,#2119,#2120);
#2118 = CARTESIAN_POINT('',(48.,-22.,6.375));
#2119 = DIRECTION('',(0.,0.,1.));
#2120 = DIRECTION('',(1.,0.,0.));
#2121 = PCURVE('',#902,#2122);
#2122 = DEFINITIONAL_REPRESENTATION('',(#2123),#2127);
#2123 = LINE('',#2124,#2125);
#2124 = CARTESIAN_POINT('',(0.,0.));
#2125 = VECTOR('',#2126,1.);
#2126 = DIRECTION('',(1.,0.));
#2127 = ( GEOMETRIC_REPRESENTATION_CONTEXT(2) 
PARAMETRIC_REPRESENTATION_CONTEXT() REPRESENTATION_CONTEXT('2D SPACE',''
  ) );
#2128 = PCURVE('',#2129,#2134);
#2129 = PLANE('',#2130);
#2130 = AXIS2_PLACEMENT_3D('',#2131,#2132,#2133);
#2131 = CARTESIAN_POINT('',(48.,-22.,6.375));
#2132 = DIRECTION('',(0.,0.,1.));
#2133 = DIRECTION('',(1.,0.,0.));
#2134 = DEFINITIONAL_REPRESENTATION('',(#2135),#2139);
#2135 = CIRCLE('',#2136,2.);
#2136 = AXIS2_PLACEMENT_2D('',#2137,#2138);
#2137 = CARTESIAN_POINT('',(0.,0.));
#2138 = DIRECTION('',(1.,0.));
#2139 = ( GEOMETRIC_REPRESENTATION_CONTEXT(2) 
PARAMETRIC_REPRESENTATION_CONTEXT() REPRESENTATION_CONTEXT('2D SPACE',''
  ) );
#2140 = ORIENTED_EDGE('',*,*,#2091,.T.);
#2141 = ADVANCED_FACE('',(#2142),#933,.F.);
#2142 = FACE_BOUND('',#2143,.F.);
#2143 = EDGE_LOOP('',(#2144,#2145,#2168,#2195));
#2144 = ORIENTED_EDGE('',*,*,#916,.F.);
#2145 = ORIENTED_EDGE('',*,*,#2146,.F.);
#2146 = EDGE_CURVE('',#2147,#917,#2149,.T.);
#2147 = VERTEX_POINT('',#2148);
#2148 = CARTESIAN_POINT('',(-46.,22.,6.375));
#2149 = SEAM_CURVE('',#2150,(#2154,#2161),.PCURVE_S1.);
#2150 = LINE('',#2151,#2152);
#2151 = CARTESIAN_POINT('',(-46.,22.,6.375));
#2152 = VECTOR('',#2153,1.);
#2153 = DIRECTION('',(0.,0.,1.));
#2154 = PCURVE('',#933,#2155);
#2155 = DEFINITIONAL_REPRESENTATION('',(#2156),#2160);
#2156 = LINE('',#2157,#2158);
#2157 = CARTESIAN_POINT('',(6.28318530718,-0.));
#2158 = VECTOR('',#2159,1.);
#2159 = DIRECTION('',(0.,1.));
#2160 = ( GEOMETRIC_REPRESENTATION_CONTEXT(2) 
PARAMETRIC_REPRESENTATION_CONTEXT() REPRESENTATION_CONTEXT('2D SPACE',''
  ) );
#2161 = PCURVE('',#933,#2162);
#2162 = DEFINITIONAL_REPRESENTATION('',(#2163),#2167);
#2163 = LINE('',#2164,#2165);
#2164 = CARTESIAN_POINT('',(0.,-0.));
#2165 = VECTOR('',#2166,1.);
#2166 = DIRECTION('',(0.,1.));
#2167 = ( GEOMETRIC_REPRESENTATION_CONTEXT(2) 
PARAMETRIC_REPRESENTATION_CONTEXT() REPRESENTATION_CONTEXT('2D SPACE',''
  ) );
#2168 = ORIENTED_EDGE('',*,*,#2169,.T.);
#2169 = EDGE_CURVE('',#2147,#2147,#2170,.T.);
#2170 = SURFACE_CURVE('',#2171,(#2176,#2183),.PCURVE_S1.);
#2171 = CIRCLE('',#2172,2.);
#2172 = AXIS2_PLACEMENT_3D('',#2173,#2174,#2175);
#2173 = CARTESIAN_POINT('',(-48.,22.,6.375));
#2174 = DIRECTION('',(0.,0.,1.));
#2175 = DIRECTION('',(1.,0.,0.));
#2176 = PCURVE('',#933,#2177);
#2177 = DEFINITIONAL_REPRESENTATION('',(#2178),#2182);
#2178 = LINE('',#2179,#2180);
#2179 = CARTESIAN_POINT('',(0.,0.));
#2180 = VECTOR('',#2181,1.);
#2181 = DIRECTION('',(1.,0.));
#2182 = ( GEOMETRIC_REPRESENTATION_CONTEXT(2) 
PARAMETRIC_REPRESENTATION_CONTEXT() REPRESENTATION_CONTEXT('2D SPACE',''
  ) );
#2183 = PCURVE('',#2184,#2189);
#2184 = PLANE('',#2185);
#2185 = AXIS2_PLACEMENT_3D('',#2186,#2187,#2188);
#2186 = CARTESIAN_POINT('',(-48.,22.,6.375));
#2187 = DIRECTION('',(0.,0.,1.));
#2188 = DIRECTION('',(1.,0.,0.));
#2189 = DEFINITIONAL_REPRESENTATION('',(#2190),#2194);
#2190 = CIRCLE('',#2191,2.);
#2191 = AXIS2_PLACEMENT_2D('',#2192,#2193);
#2192 = CARTESIAN_POINT('',(0.,0.));
#2193 = DIRECTION('',(1.,0.));
#2194 = ( GEOMETRIC_REPRESENTATION_CONTEXT(2) 
PARAMETRIC_REPRESENTATION_CONTEXT() REPRESENTATION_CONTEXT('2D SPACE',''
  ) );
#2195 = ORIENTED_EDGE('',*,*,#2146,.T.);
#2196 = ADVANCED_FACE('',(#2197),#965,.T.);
#2197 = FACE_BOUND('',#2198,.T.);
#2198 = EDGE_LOOP('',(#2199,#2220,#2221,#2242));
#2199 = ORIENTED_EDGE('',*,*,#2200,.F.);
#2200 = EDGE_CURVE('',#1372,#948,#2201,.T.);
#2201 = SURFACE_CURVE('',#2202,(#2206,#2213),.PCURVE_S1.);
#2202 = LINE('',#2203,#2204);
#2203 = CARTESIAN_POINT('',(-42.75,-9.,4.975));
#2204 = VECTOR('',#2205,1.);
#2205 = DIRECTION('',(0.,0.,1.));
#2206 = PCURVE('',#965,#2207);
#2207 = DEFINITIONAL_REPRESENTATION('',(#2208),#2212);
#2208 = LINE('',#2209,#2210);
#2209 = CARTESIAN_POINT('',(0.,0.));
#2210 = VECTOR('',#2211,1.);
#2211 = DIRECTION('',(1.,0.));
#2212 = ( GEOMETRIC_REPRESENTATION_CONTEXT(2) 
PARAMETRIC_REPRESENTATION_CONTEXT() REPRESENTATION_CONTEXT('2D SPACE',''
  ) );
#2213 = PCURVE('',#1047,#2214);
#2214 = DEFINITIONAL_REPRESENTATION('',(#2215),#2219);
#2215 = LINE('',#2216,#2217);
#2216 = CARTESIAN_POINT('',(0.,0.));
#2217 = VECTOR('',#2218,1.);
#2218 = DIRECTION('',(1.,0.));
#2219 = ( GEOMETRIC_REPRESENTATION_CONTEXT(2) 
PARAMETRIC_REPRESENTATION_CONTEXT() REPRESENTATION_CONTEXT('2D SPACE',''
  ) );
#2220 = ORIENTED_EDGE('',*,*,#1392,.T.);
#2221 = ORIENTED_EDGE('',*,*,#2222,.T.);
#2222 = EDGE_CURVE('',#1393,#950,#2223,.T.);
#2223 = SURFACE_CURVE('',#2224,(#2228,#2235),.PCURVE_S1.);
#2224 = LINE('',#2225,#2226);
#2225 = CARTESIAN_POINT('',(-42.75,25.,4.975));
#2226 = VECTOR('',#2227,1.);
#2227 = DIRECTION('',(0.,0.,1.));
#2228 = PCURVE('',#965,#2229);
#2229 = DEFINITIONAL_REPRESENTATION('',(#2230),#2234);
#2230 = LINE('',#2231,#2232);
#2231 = CARTESIAN_POINT('',(0.,-34.));
#2232 = VECTOR('',#2233,1.);
#2233 = DIRECTION('',(1.,0.));
#2234 = ( GEOMETRIC_REPRESENTATION_CONTEXT(2) 
PARAMETRIC_REPRESENTATION_CONTEXT() REPRESENTATION_CONTEXT('2D SPACE',''
  ) );
#2235 = PCURVE('',#993,#2236);
#2236 = DEFINITIONAL_REPRESENTATION('',(#2237),#2241);
#2237 = LINE('',#2238,#2239);
#2238 = CARTESIAN_POINT('',(0.,0.));
#2239 = VECTOR('',#2240,1.);
#2240 = DIRECTION('',(1.,0.));
#2241 = ( GEOMETRIC_REPRESENTATION_CONTEXT(2) 
PARAMETRIC_REPRESENTATION_CONTEXT() REPRESENTATION_CONTEXT('2D SPACE',''
  ) );
#2242 = ORIENTED_EDGE('',*,*,#947,.F.);
#2243 = ADVANCED_FACE('',(#2244),#993,.F.);
#2244 = FACE_BOUND('',#2245,.F.);
#2245 = EDGE_LOOP('',(#2246,#2267,#2268,#2269));
#2246 = ORIENTED_EDGE('',*,*,#2247,.F.);
#2247 = EDGE_CURVE('',#1414,#978,#2248,.T.);
#2248 = SURFACE_CURVE('',#2249,(#2253,#2260),.PCURVE_S1.);
#2249 = LINE('',#2250,#2251);
#2250 = CARTESIAN_POINT('',(42.75,25.,4.975));
#2251 = VECTOR('',#2252,1.);
#2252 = DIRECTION('',(0.,0.,1.));
#2253 = PCURVE('',#993,#2254);
#2254 = DEFINITIONAL_REPRESENTATION('',(#2255),#2259);
#2255 = LINE('',#2256,#2257);
#2256 = CARTESIAN_POINT('',(0.,85.5));
#2257 = VECTOR('',#2258,1.);
#2258 = DIRECTION('',(1.,0.));
#2259 = ( GEOMETRIC_REPRESENTATION_CONTEXT(2) 
PARAMETRIC_REPRESENTATION_CONTEXT() REPRESENTATION_CONTEXT('2D SPACE',''
  ) );
#2260 = PCURVE('',#1021,#2261);
#2261 = DEFINITIONAL_REPRESENTATION('',(#2262),#2266);
#2262 = LINE('',#2263,#2264);
#2263 = CARTESIAN_POINT('',(0.,-34.));
#2264 = VECTOR('',#2265,1.);
#2265 = DIRECTION('',(1.,0.));
#2266 = ( GEOMETRIC_REPRESENTATION_CONTEXT(2) 
PARAMETRIC_REPRESENTATION_CONTEXT() REPRESENTATION_CONTEXT('2D SPACE',''
  ) );
#2267 = ORIENTED_EDGE('',*,*,#1413,.T.);
#2268 = ORIENTED_EDGE('',*,*,#2222,.T.);
#2269 = ORIENTED_EDGE('',*,*,#977,.T.);
#2270 = ADVANCED_FACE('',(#2271),#1047,.T.);
#2271 = FACE_BOUND('',#2272,.T.);
#2272 = EDGE_LOOP('',(#2273,#2294,#2295,#2296));
#2273 = ORIENTED_EDGE('',*,*,#2274,.F.);
#2274 = EDGE_CURVE('',#1370,#1006,#2275,.T.);
#2275 = SURFACE_CURVE('',#2276,(#2280,#2287),.PCURVE_S1.);
#2276 = LINE('',#2277,#2278);
#2277 = CARTESIAN_POINT('',(42.75,-9.,4.975));
#2278 = VECTOR('',#2279,1.);
#2279 = DIRECTION('',(0.,0.,1.));
#2280 = PCURVE('',#1047,#2281);
#2281 = DEFINITIONAL_REPRESENTATION('',(#2282),#2286);
#2282 = LINE('',#2283,#2284);
#2283 = CARTESIAN_POINT('',(0.,85.5));
#2284 = VECTOR('',#2285,1.);
#2285 = DIRECTION('',(1.,0.));
#2286 = ( GEOMETRIC_REPRESENTATION_CONTEXT(2) 
PARAMETRIC_REPRESENTATION_CONTEXT() REPRESENTATION_CONTEXT('2D SPACE',''
  ) );
#2287 = PCURVE('',#1021,#2288);
#2288 = DEFINITIONAL_REPRESENTATION('',(#2289),#2293);
#2289 = LINE('',#2290,#2291);
#2290 = CARTESIAN_POINT('',(0.,0.));
#2291 = VECTOR('',#2292,1.);
#2292 = DIRECTION('',(1.,0.));
#2293 = ( GEOMETRIC_REPRESENTATION_CONTEXT(2) 
PARAMETRIC_REPRESENTATION_CONTEXT() REPRESENTATION_CONTEXT('2D SPACE',''
  ) );
#2294 = ORIENTED_EDGE('',*,*,#1369,.T.);
#2295 = ORIENTED_EDGE('',*,*,#2200,.T.);
#2296 = ORIENTED_EDGE('',*,*,#1033,.T.);
#2297 = ADVANCED_FACE('',(#2298),#1021,.F.);
#2298 = FACE_BOUND('',#2299,.F.);
#2299 = EDGE_LOOP('',(#2300,#2301,#2302,#2303));
#2300 = ORIENTED_EDGE('',*,*,#2274,.F.);
#2301 = ORIENTED_EDGE('',*,*,#1434,.T.);
#2302 = ORIENTED_EDGE('',*,*,#2247,.T.);
#2303 = ORIENTED_EDGE('',*,*,#1005,.F.);
#2304 = ADVANCED_FACE('',(#2305),#1078,.F.);
#2305 = FACE_BOUND('',#2306,.F.);
#2306 = EDGE_LOOP('',(#2307,#2308,#2331,#2358));
#2307 = ORIENTED_EDGE('',*,*,#1061,.F.);
#2308 = ORIENTED_EDGE('',*,*,#2309,.F.);
#2309 = EDGE_CURVE('',#2310,#1062,#2312,.T.);
#2310 = VERTEX_POINT('',#2311);
#2311 = CARTESIAN_POINT('',(50.,22.,6.375));
#2312 = SEAM_CURVE('',#2313,(#2317,#2324),.PCURVE_S1.);
#2313 = LINE('',#2314,#2315);
#2314 = CARTESIAN_POINT('',(50.,22.,6.375));
#2315 = VECTOR('',#2316,1.);
#2316 = DIRECTION('',(0.,0.,1.));
#2317 = PCURVE('',#1078,#2318);
#2318 = DEFINITIONAL_REPRESENTATION('',(#2319),#2323);
#2319 = LINE('',#2320,#2321);
#2320 = CARTESIAN_POINT('',(6.28318530718,-0.));
#2321 = VECTOR('',#2322,1.);
#2322 = DIRECTION('',(0.,1.));
#2323 = ( GEOMETRIC_REPRESENTATION_CONTEXT(2) 
PARAMETRIC_REPRESENTATION_CONTEXT() REPRESENTATION_CONTEXT('2D SPACE',''
  ) );
#2324 = PCURVE('',#1078,#2325);
#2325 = DEFINITIONAL_REPRESENTATION('',(#2326),#2330);
#2326 = LINE('',#2327,#2328);
#2327 = CARTESIAN_POINT('',(0.,-0.));
#2328 = VECTOR('',#2329,1.);
#2329 = DIRECTION('',(0.,1.));
#2330 = ( GEOMETRIC_REPRESENTATION_CONTEXT(2) 
PARAMETRIC_REPRESENTATION_CONTEXT() REPRESENTATION_CONTEXT('2D SPACE',''
  ) );
#2331 = ORIENTED_EDGE('',*,*,#2332,.T.);
#2332 = EDGE_CURVE('',#2310,#2310,#2333,.T.);
#2333 = SURFACE_CURVE('',#2334,(#2339,#2346),.PCURVE_S1.);
#2334 = CIRCLE('',#2335,2.);
#2335 = AXIS2_PLACEMENT_3D('',#2336,#2337,#2338);
#2336 = CARTESIAN_POINT('',(48.,22.,6.375));
#2337 = DIRECTION('',(0.,0.,1.));
#2338 = DIRECTION('',(1.,0.,0.));
#2339 = PCURVE('',#1078,#2340);
#2340 = DEFINITIONAL_REPRESENTATION('',(#2341),#2345);
#2341 = LINE('',#2342,#2343);
#2342 = CARTESIAN_POINT('',(0.,0.));
#2343 = VECTOR('',#2344,1.);
#2344 = DIRECTION('',(1.,0.));
#2345 = ( GEOMETRIC_REPRESENTATION_CONTEXT(2) 
PARAMETRIC_REPRESENTATION_CONTEXT() REPRESENTATION_CONTEXT('2D SPACE',''
  ) );
#2346 = PCURVE('',#2347,#2352);
#2347 = PLANE('',#2348);
#2348 = AXIS2_PLACEMENT_3D('',#2349,#2350,#2351);
#2349 = CARTESIAN_POINT('',(48.,22.,6.375));
#2350 = DIRECTION('',(0.,0.,1.));
#2351 = DIRECTION('',(1.,0.,0.));
#2352 = DEFINITIONAL_REPRESENTATION('',(#2353),#2357);
#2353 = CIRCLE('',#2354,2.);
#2354 = AXIS2_PLACEMENT_2D('',#2355,#2356);
#2355 = CARTESIAN_POINT('',(0.,0.));
#2356 = DIRECTION('',(1.,0.));
#2357 = ( GEOMETRIC_REPRESENTATION_CONTEXT(2) 
PARAMETRIC_REPRESENTATION_CONTEXT() REPRESENTATION_CONTEXT('2D SPACE',''
  ) );
#2358 = ORIENTED_EDGE('',*,*,#2309,.T.);
#2359 = ADVANCED_FACE('',(#2360),#1309,.F.);
#2360 = FACE_BOUND('',#2361,.F.);
#2361 = EDGE_LOOP('',(#2362,#2363,#2364,#2385));
#2362 = ORIENTED_EDGE('',*,*,#1293,.F.);
#2363 = ORIENTED_EDGE('',*,*,#1584,.F.);
#2364 = ORIENTED_EDGE('',*,*,#2365,.T.);
#2365 = EDGE_CURVE('',#1585,#1683,#2366,.T.);
#2366 = SURFACE_CURVE('',#2367,(#2371,#2378),.PCURVE_S1.);
#2367 = LINE('',#2368,#2369);
#2368 = CARTESIAN_POINT('',(53.4,-27.4,0.));
#2369 = VECTOR('',#2370,1.);
#2370 = DIRECTION('',(-0.,1.,0.));
#2371 = PCURVE('',#1309,#2372);
#2372 = DEFINITIONAL_REPRESENTATION('',(#2373),#2377);
#2373 = LINE('',#2374,#2375);
#2374 = CARTESIAN_POINT('',(0.,0.));
#2375 = VECTOR('',#2376,1.);
#2376 = DIRECTION('',(0.,-1.));
#2377 = ( GEOMETRIC_REPRESENTATION_CONTEXT(2) 
PARAMETRIC_REPRESENTATION_CONTEXT() REPRESENTATION_CONTEXT('2D SPACE',''
  ) );
#2378 = PCURVE('',#1622,#2379);
#2379 = DEFINITIONAL_REPRESENTATION('',(#2380),#2384);
#2380 = LINE('',#2381,#2382);
#2381 = CARTESIAN_POINT('',(53.4,-27.4));
#2382 = VECTOR('',#2383,1.);
#2383 = DIRECTION('',(0.,1.));
#2384 = ( GEOMETRIC_REPRESENTATION_CONTEXT(2) 
PARAMETRIC_REPRESENTATION_CONTEXT() REPRESENTATION_CONTEXT('2D SPACE',''
  ) );
#2385 = ORIENTED_EDGE('',*,*,#1706,.T.);
#2386 = ADVANCED_FACE('',(#2387),#1622,.F.);
#2387 = FACE_BOUND('',#2388,.F.);
#2388 = EDGE_LOOP('',(#2389,#2390,#2391,#2392));
#2389 = ORIENTED_EDGE('',*,*,#2365,.F.);
#2390 = ORIENTED_EDGE('',*,*,#1605,.T.);
#2391 = ORIENTED_EDGE('',*,*,#1733,.T.);
#2392 = ORIENTED_EDGE('',*,*,#1682,.T.);
#2393 = ADVANCED_FACE('',(#2394),#1799,.T.);
#2394 = FACE_BOUND('',#2395,.F.);
#2395 = EDGE_LOOP('',(#2396));
#2396 = ORIENTED_EDGE('',*,*,#1784,.F.);
#2397 = ADVANCED_FACE('',(#2398),#1854,.T.);
#2398 = FACE_BOUND('',#2399,.F.);
#2399 = EDGE_LOOP('',(#2400));
#2400 = ORIENTED_EDGE('',*,*,#1839,.F.);
#2401 = ADVANCED_FACE('',(#2402),#1909,.T.);
#2402 = FACE_BOUND('',#2403,.F.);
#2403 = EDGE_LOOP('',(#2404));
#2404 = ORIENTED_EDGE('',*,*,#1894,.F.);
#2405 = ADVANCED_FACE('',(#2406),#1964,.T.);
#2406 = FACE_BOUND('',#2407,.F.);
#2407 = EDGE_LOOP('',(#2408));
#2408 = ORIENTED_EDGE('',*,*,#1949,.F.);
#2409 = ADVANCED_FACE('',(#2410),#2019,.T.);
#2410 = FACE_BOUND('',#2411,.F.);
#2411 = EDGE_LOOP('',(#2412));
#2412 = ORIENTED_EDGE('',*,*,#2004,.F.);
#2413 = ADVANCED_FACE('',(#2414),#2074,.T.);
#2414 = FACE_BOUND('',#2415,.F.);
#2415 = EDGE_LOOP('',(#2416));
#2416 = ORIENTED_EDGE('',*,*,#2059,.F.);
#2417 = ADVANCED_FACE('',(#2418),#2129,.T.);
#2418 = FACE_BOUND('',#2419,.F.);
#2419 = EDGE_LOOP('',(#2420));
#2420 = ORIENTED_EDGE('',*,*,#2114,.F.);
#2421 = ADVANCED_FACE('',(#2422),#2184,.T.);
#2422 = FACE_BOUND('',#2423,.F.);
#2423 = EDGE_LOOP('',(#2424));
#2424 = ORIENTED_EDGE('',*,*,#2169,.F.);
#2425 = ADVANCED_FACE('',(#2426),#2347,.T.);
#2426 = FACE_BOUND('',#2427,.F.);
#2427 = EDGE_LOOP('',(#2428));
#2428 = ORIENTED_EDGE('',*,*,#2332,.F.);
#2429 = ( GEOMETRIC_REPRESENTATION_CONTEXT(3) 
GLOBAL_UNCERTAINTY_ASSIGNED_CONTEXT((#2433)) 
GLOBAL_UNIT_ASSIGNED_CONTEXT((#2430,#2431,#2432)) REPRESENTATION_CONTEXT
('Context #1','3D Context with UNIT and UNCERTAINTY') );
#2430 = ( LENGTH_UNIT() NAMED_UNIT(*) SI_UNIT(.MILLI.,.METRE.) );
#2431 = ( NAMED_UNIT(*) PLANE_ANGLE_UNIT() SI_UNIT($,.RADIAN.) );
#2432 = ( NAMED_UNIT(*) SI_UNIT($,.STERADIAN.) SOLID_ANGLE_UNIT() );
#2433 = UNCERTAINTY_MEASURE_WITH_UNIT(LENGTH_MEASURE(1.E-07),#2430,
  'distance_accuracy_value','confusion accuracy');
#2434 = CONTEXT_DEPENDENT_SHAPE_REPRESENTATION(#2435,#2437);
#2435 = ( REPRESENTATION_RELATIONSHIP('','',#32,#10) 
REPRESENTATION_RELATIONSHIP_WITH_TRANSFORMATION(#2436) 
SHAPE_REPRESENTATION_RELATIONSHIP() );
#2436 = ITEM_DEFINED_TRANSFORMATION('','',#11,#15);
#2437 = PRODUCT_DEFINITION_SHAPE('Placement','Placement of an item',
  #2438);
#2438 = NEXT_ASSEMBLY_USAGE_OCCURRENCE('1','=>[0:1:1:2]','',#5,#27,$);
#2439 = PRODUCT_RELATED_PRODUCT_CATEGORY('part',$,(#29));
ENDSEC;
END-ISO-10303-21;
